ein,legal_name,entity_type,person_name,title_as_reported,normalized_title,stakeholder_class,is_officer,is_director,years,latest_filing_year,source
237109085,ALPHA PHI ZETA HOUSE CORPORATION OF LAMBDA CHI ALPHA FRATERNITY,HOUSE_CORPORATION,HARRISON CAMP,SECRETARY,Secretary,HOUSE_CORPORATION_LEADERSHIP,true,false,2022,2022,IRS_990_XML
237109085,ALPHA PHI ZETA HOUSE CORPORATION OF LAMBDA CHI ALPHA FRATERNITY,HOUSE_CORPORATION,WILLIAM CAMP,VICE PRESIDE,VICE PRESIDE,HOUSE_CORPORATION_LEADERSHIP,true,false,2022,2022,IRS_990_XML
237109085,ALPHA PHI ZETA HOUSE CORPORATION OF LAMBDA CHI ALPHA FRATERNITY,HOUSE_CORPORATION,WAYNE KEITH,PRESIDENT,President,HOUSE_CORPORATION_LEADERSHIP,true,false,2022,2022,IRS_990_XML
237109085,ALPHA PHI ZETA HOUSE CORPORATION OF LAMBDA CHI ALPHA FRATERNITY,HOUSE_CORPORATION,BRIAN MOORE,TREASURER,Treasurer,HOUSE_CORPORATION_LEADERSHIP,true,false,2022,2022,IRS_990_XML
630007530,ALPHA TAU OMEGA FRATERNITY,LOCAL_CHAPTER_ENTITY,BEN HOLLIS,PRESIDENT,President,UNDERGRAD_CHAPTER_LEADERSHIP,true,false,2022,2022,IRS_990_XML
630007530,ALPHA TAU OMEGA FRATERNITY,LOCAL_CHAPTER_ENTITY,WAYNE INGRAM,CFO,Treasurer,UNDERGRAD_CHAPTER_LEADERSHIP,true,true,2022,2022,IRS_990_XML
630007530,ALPHA TAU OMEGA FRATERNITY,LOCAL_CHAPTER_ENTITY,COLE ARMAGOST,SOCIAL,SOCIAL,UNDERGRAD_CHAPTER_LEADERSHIP,true,false,2022,2022,IRS_990_XML
630007530,ALPHA TAU OMEGA FRATERNITY,LOCAL_CHAPTER_ENTITY,ROBBY BARNES,CHAPLAIN,CHAPLAIN,UNDERGRAD_CHAPTER_LEADERSHIP,true,false,2022,2022,IRS_990_XML
630007530,ALPHA TAU OMEGA FRATERNITY,LOCAL_CHAPTER_ENTITY,COVINGTON BYARS,USHER,USHER,UNDERGRAD_CHAPTER_LEADERSHIP,true,false,2022,2022,IRS_990_XML
630007530,ALPHA TAU OMEGA FRATERNITY,LOCAL_CHAPTER_ENTITY,JC CARR,HOUSE MANAGE,HOUSE MANAGE,UNDERGRAD_CHAPTER_LEADERSHIP,true,false,2022,2022,IRS_990_XML
630007530,ALPHA TAU OMEGA FRATERNITY,LOCAL_CHAPTER_ENTITY,JACOB DONOIAN,VICE PRESIDE,VICE PRESIDE,UNDERGRAD_CHAPTER_LEADERSHIP,true,false,2022,2022,IRS_990_XML
630007530,ALPHA TAU OMEGA FRATERNITY,LOCAL_CHAPTER_ENTITY,NICO HENASTROZA,SECRETARY,Secretary,UNDERGRAD_CHAPTER_LEADERSHIP,true,false,2022,2022,IRS_990_XML
630007530,ALPHA TAU OMEGA FRATERNITY,LOCAL_CHAPTER_ENTITY,BRANDON KIRKLAND,RUSH CHAIR,Chair,UNDERGRAD_CHAPTER_LEADERSHIP,true,true,2022,2022,IRS_990_XML
630007530,ALPHA TAU OMEGA FRATERNITY,LOCAL_CHAPTER_ENTITY,MASON MULANIX,HISTORIAN,HISTORIAN,UNDERGRAD_CHAPTER_LEADERSHIP,true,false,2022,2022,IRS_990_XML
630007530,ALPHA TAU OMEGA FRATERNITY,LOCAL_CHAPTER_ENTITY,MICHAEL SAIN,TREASURER,Treasurer,UNDERGRAD_CHAPTER_LEADERSHIP,true,false,2022,2022,IRS_990_XML
630007530,ALPHA TAU OMEGA FRATERNITY,LOCAL_CHAPTER_ENTITY,NICK SMITH,RISK MANAGEM,RISK MANAGEM,UNDERGRAD_CHAPTER_LEADERSHIP,true,false,2022,2022,IRS_990_XML
630818055,ALABAMA BETA OF PI BETA PHI HOUSE ASSOCIATION INCORPORATED,HOUSE_CORPORATION,CARRIE THOMAS,PRESIDENT,President,HOUSE_CORPORATION_LEADERSHIP,true,false,2022,2022,IRS_990_XML
630818055,ALABAMA BETA OF PI BETA PHI HOUSE ASSOCIATION INCORPORATED,HOUSE_CORPORATION,ERIN FREEMAN,TREASURER,Treasurer,HOUSE_CORPORATION_LEADERSHIP,true,false,2022,2022,IRS_990_XML
630818055,ALABAMA BETA OF PI BETA PHI HOUSE ASSOCIATION INCORPORATED,HOUSE_CORPORATION,TANA LATHAM,SECRETARY,Secretary,HOUSE_CORPORATION_LEADERSHIP,true,false,2022,2022,IRS_990_XML
710245516,SIGMA CHI FRATERNITY,LOCAL_CHAPTER_ENTITY,HARRISON FRANK,TREASURER,Treasurer,UNDERGRAD_CHAPTER_LEADERSHIP,true,false,2022,2022,IRS_990_XML
710245516,SIGMA CHI FRATERNITY,LOCAL_CHAPTER_ENTITY,PRESTON BARBER,PRESIDENT,President,UNDERGRAD_CHAPTER_LEADERSHIP,true,false,2022,2022,IRS_990_XML
237114376,ARKANSAS PI BETA PHI HOUSE ASSOC,UNKNOWN,CATHY GESSLER ALLEN,DIRECTOR,Director,UNKNOWN,false,true,2022,2022,IRS_990_XML
237114376,ARKANSAS PI BETA PHI HOUSE ASSOC,UNKNOWN,RACHEL HOPE ARNOLD,DIRECTOR,Director,UNKNOWN,false,true,2022,2022,IRS_990_XML
237114376,ARKANSAS PI BETA PHI HOUSE ASSOC,UNKNOWN,KIM ROBERTSON BENNETT,DIRECTOR,Director,UNKNOWN,false,true,2022,2022,IRS_990_XML
237114376,ARKANSAS PI BETA PHI HOUSE ASSOC,UNKNOWN,LAUREN KIMBROUGH,PRESIDENT,President,UNKNOWN,true,true,2022,2022,IRS_990_XML
237114376,ARKANSAS PI BETA PHI HOUSE ASSOC,UNKNOWN,JENESSA BAILEY,TREASURER,Treasurer,UNKNOWN,true,false,2022,2022,IRS_990_XML
710243898,SIGMA ALPHA EPSILON FRATERNITY,LOCAL_CHAPTER_ENTITY,GAVIN SMART,TREASURER,Treasurer,UNDERGRAD_CHAPTER_LEADERSHIP,true,false,2022,2022,IRS_990_XML
710243898,SIGMA ALPHA EPSILON FRATERNITY,LOCAL_CHAPTER_ENTITY,JACK MCGAHEE,PRESIDENT,President,UNDERGRAD_CHAPTER_LEADERSHIP,true,false,2022,2022,IRS_990_XML
636056644,PHI GAMMA DELTA FRATERNITY,LOCAL_CHAPTER_ENTITY,JOHN GIVENS,PRESIDENT,President,UNDERGRAD_CHAPTER_LEADERSHIP,true,true,2022,2022,IRS_990_XML
636056644,PHI GAMMA DELTA FRATERNITY,LOCAL_CHAPTER_ENTITY,MASON BELCHER,TREASURER,Treasurer,UNDERGRAD_CHAPTER_LEADERSHIP,true,true,2022,2022,IRS_990_XML
636056644,PHI GAMMA DELTA FRATERNITY,LOCAL_CHAPTER_ENTITY,CAMPBELL GARBER,RECORDING SECRETARY,Secretary,UNDERGRAD_CHAPTER_LEADERSHIP,true,true,2022,2022,IRS_990_XML
636056644,PHI GAMMA DELTA FRATERNITY,LOCAL_CHAPTER_ENTITY,HARRISON HALL,CORRESPONDING SEC.,CORRESPONDING SEC.,UNDERGRAD_CHAPTER_LEADERSHIP,true,true,2022,2022,IRS_990_XML
636056644,PHI GAMMA DELTA FRATERNITY,LOCAL_CHAPTER_ENTITY,JAMES TEEL,HISTORIAN,HISTORIAN,UNDERGRAD_CHAPTER_LEADERSHIP,true,true,2022,2022,IRS_990_XML
237091513,ALABAMA GAMMA OF PI BETA PHI HOUSE ASSOCIATION INCORPORATED,HOUSE_CORPORATION,DRU WASHBURN,TREASURER,Treasurer,HOUSE_CORPORATION_LEADERSHIP,true,false,2022,2022,IRS_990_XML
237091513,ALABAMA GAMMA OF PI BETA PHI HOUSE ASSOCIATION INCORPORATED,HOUSE_CORPORATION,CATHY DILLION,ALUMNI ADVISORY COUNCIL,ALUMNI ADVISORY COUNCIL,HOUSE_CORPORATION_LEADERSHIP,false,false,2022,2022,IRS_990_XML
591755953,SIGMA ALPHA EPSILON FRATERNITY,LOCAL_CHAPTER_ENTITY,DAVID SASSER,PRESIDENT,President,UNDERGRAD_CHAPTER_LEADERSHIP,true,true,2022,2022,IRS_990_XML
591755953,SIGMA ALPHA EPSILON FRATERNITY,LOCAL_CHAPTER_ENTITY,CORBIN EMERSON,TREASURER,Treasurer,UNDERGRAD_CHAPTER_LEADERSHIP,true,true,2022,2022,IRS_990_XML
591755953,SIGMA ALPHA EPSILON FRATERNITY,LOCAL_CHAPTER_ENTITY,JOE HICE,DIRECTOR,Director,UNDERGRAD_CHAPTER_LEADERSHIP,false,true,2022,2022,IRS_990_XML
591755953,SIGMA ALPHA EPSILON FRATERNITY,LOCAL_CHAPTER_ENTITY,WILLIAM BELOTE,DIRECTOR,Director,UNDERGRAD_CHAPTER_LEADERSHIP,false,true,2022,2022,IRS_990_XML
591755953,SIGMA ALPHA EPSILON FRATERNITY,LOCAL_CHAPTER_ENTITY,ETHAN FIELDMAN,DIRECTOR,Director,UNDERGRAD_CHAPTER_LEADERSHIP,false,true,2022,2022,IRS_990_XML
591755953,SIGMA ALPHA EPSILON FRATERNITY,LOCAL_CHAPTER_ENTITY,MARCUS MOTES,DIRECTOR,Director,UNDERGRAD_CHAPTER_LEADERSHIP,false,true,2022,2022,IRS_990_XML
591755953,SIGMA ALPHA EPSILON FRATERNITY,LOCAL_CHAPTER_ENTITY,LUIS TAVERAS,DIRECTOR,Director,UNDERGRAD_CHAPTER_LEADERSHIP,false,true,2022,2022,IRS_990_XML
591755953,SIGMA ALPHA EPSILON FRATERNITY,LOCAL_CHAPTER_ENTITY,STEVE MATSON,DIRECTOR,Director,UNDERGRAD_CHAPTER_LEADERSHIP,false,true,2022,2022,IRS_990_XML
591755953,SIGMA ALPHA EPSILON FRATERNITY,LOCAL_CHAPTER_ENTITY,DEAN TILMAN,DIRECTOR,Director,UNDERGRAD_CHAPTER_LEADERSHIP,false,true,2022,2022,IRS_990_XML
580581268,DELTA TAU DELTA FRATERNITY,LOCAL_CHAPTER_ENTITY,Shawn Powers,President,President,UNDERGRAD_CHAPTER_LEADERSHIP,true,false,2022,2022,IRS_990_XML
580581268,DELTA TAU DELTA FRATERNITY,LOCAL_CHAPTER_ENTITY,Carter Phillips,Vice President,President,UNDERGRAD_CHAPTER_LEADERSHIP,true,false,2022,2022,IRS_990_XML
580581268,DELTA TAU DELTA FRATERNITY,LOCAL_CHAPTER_ENTITY,Calvin Brown,Treasurer,Treasurer,UNDERGRAD_CHAPTER_LEADERSHIP,true,false,2022,2022,IRS_990_XML
580591246,TAU EPSILON PHI FRATERNITY,LOCAL_CHAPTER_ENTITY,NATE KOENICK,CHANCELLOR,CHANCELLOR,UNDERGRAD_CHAPTER_LEADERSHIP,true,false,2022,2022,IRS_990_XML
580591246,TAU EPSILON PHI FRATERNITY,LOCAL_CHAPTER_ENTITY,BRETT NEMEC,ADMIN V. CHNCLR,ADMIN V. CHNCLR,UNDERGRAD_CHAPTER_LEADERSHIP,true,false,2022,2022,IRS_990_XML
580591246,TAU EPSILON PHI FRATERNITY,LOCAL_CHAPTER_ENTITY,ETHAN ENGEL,BURSAR,BURSAR,UNDERGRAD_CHAPTER_LEADERSHIP,true,false,2022,2022,IRS_990_XML
580591246,TAU EPSILON PHI FRATERNITY,LOCAL_CHAPTER_ENTITY,BRANDON SHERMAN,SCRIBE,SCRIBE,UNDERGRAD_CHAPTER_LEADERSHIP,true,false,2022,2022,IRS_990_XML
580591246,TAU EPSILON PHI FRATERNITY,LOCAL_CHAPTER_ENTITY,BRANDON MAGRAN,MEMBER AT LARGE,MEMBER AT LARGE,UNDERGRAD_CHAPTER_LEADERSHIP,true,false,2022,2022,IRS_990_XML
861831306,LAMBDA ALPHA CHAPTER OF OMEGA PSI PHI FRATERNITY INC,LOCAL_CHAPTER_ENTITY,Joseph Robins,KEEPER OF FINANCE,KEEPER OF FINANCE,UNDERGRAD_CHAPTER_LEADERSHIP,false,false,2022,2022,IRS_990_XML
861831306,LAMBDA ALPHA CHAPTER OF OMEGA PSI PHI FRATERNITY INC,LOCAL_CHAPTER_ENTITY,CALVIN NICHOLAS,KEEPER OF RECORDS AND SEALS,KEEPER OF RECORDS AND SEALS,UNDERGRAD_CHAPTER_LEADERSHIP,false,false,2022,2022,IRS_990_XML
861831306,LAMBDA ALPHA CHAPTER OF OMEGA PSI PHI FRATERNITY INC,LOCAL_CHAPTER_ENTITY,SAFIYY RAOOF,BASILEUS,BASILEUS,UNDERGRAD_CHAPTER_LEADERSHIP,false,false,2022,2022,IRS_990_XML
861831306,LAMBDA ALPHA CHAPTER OF OMEGA PSI PHI FRATERNITY INC,LOCAL_CHAPTER_ENTITY,CLEVELAND DAVIS,VICE BASILEUS,VICE BASILEUS,UNDERGRAD_CHAPTER_LEADERSHIP,false,false,2022,2022,IRS_990_XML
463509823,BETA BETA ALUMNI OF THE DELTA SIGMA PHI FRATERNITY,ALUMNI_CORPORATION,Karl Adrian,Board Member,Board Member,ALUMNI_BOARD,false,true,2022,2022,IRS_990_XML
463509823,BETA BETA ALUMNI OF THE DELTA SIGMA PHI FRATERNITY,ALUMNI_CORPORATION,Chris Akers,Board Member,Board Member,ALUMNI_BOARD,false,true,2022,2022,IRS_990_XML
463509823,BETA BETA ALUMNI OF THE DELTA SIGMA PHI FRATERNITY,ALUMNI_CORPORATION,Ryan Brockschmitt,Treasurer,Treasurer,ALUMNI_BOARD,true,true,2022,2022,IRS_990_XML
463509823,BETA BETA ALUMNI OF THE DELTA SIGMA PHI FRATERNITY,ALUMNI_CORPORATION,John Hequembourg,President,President,ALUMNI_BOARD,true,true,2022,2022,IRS_990_XML
463509823,BETA BETA ALUMNI OF THE DELTA SIGMA PHI FRATERNITY,ALUMNI_CORPORATION,Bill Lemp,Board Member,Board Member,ALUMNI_BOARD,false,true,2022,2022,IRS_990_XML
463509823,BETA BETA ALUMNI OF THE DELTA SIGMA PHI FRATERNITY,ALUMNI_CORPORATION,Bruce Loewenburg,Board Member,Board Member,ALUMNI_BOARD,false,true,2022,2022,IRS_990_XML
463509823,BETA BETA ALUMNI OF THE DELTA SIGMA PHI FRATERNITY,ALUMNI_CORPORATION,Steve Smith,Secretary,Secretary,ALUMNI_BOARD,true,true,2022,2022,IRS_990_XML
463509823,BETA BETA ALUMNI OF THE DELTA SIGMA PHI FRATERNITY,ALUMNI_CORPORATION,Tom Tisone,Advisor,Advisor,ALUMNI_BOARD,false,true,2022,2022,IRS_990_XML
463509823,BETA BETA ALUMNI OF THE DELTA SIGMA PHI FRATERNITY,ALUMNI_CORPORATION,Mike Wagner,Board Member,Board Member,ALUMNI_BOARD,false,true,2022,2022,IRS_990_XML
463509823,BETA BETA ALUMNI OF THE DELTA SIGMA PHI FRATERNITY,ALUMNI_CORPORATION,Dave Bartnett,Board Member,Board Member,ALUMNI_BOARD,false,true,2022,2022,IRS_990_XML
430240451,DELTA TAU DELTA FRATERNITY,LOCAL_CHAPTER_ENTITY,ALEXANDER AKIN,SARGENT AT A,SARGENT AT A,UNDERGRAD_CHAPTER_LEADERSHIP,false,true,2022,2022,IRS_990_XML
430240451,DELTA TAU DELTA FRATERNITY,LOCAL_CHAPTER_ENTITY,GRAHAM HAYES,SOCIAL CHAIR,Chair,UNDERGRAD_CHAPTER_LEADERSHIP,false,true,2022,2022,IRS_990_XML
430240451,DELTA TAU DELTA FRATERNITY,LOCAL_CHAPTER_ENTITY,JOSH STEHLE,RECRUITMENT,RECRUITMENT,UNDERGRAD_CHAPTER_LEADERSHIP,false,true,2022,2022,IRS_990_XML
430240451,DELTA TAU DELTA FRATERNITY,LOCAL_CHAPTER_ENTITY,JACK BYSTROM,PAST RECRUIT,PAST RECRUIT,UNDERGRAD_CHAPTER_LEADERSHIP,true,false,2022,2022,IRS_990_XML
590657429,ALPHA EPSILON PI FRATERNITY,LOCAL_CHAPTER_ENTITY,BRADLEY FINE,PRESIDENT,President,UNDERGRAD_CHAPTER_LEADERSHIP,true,true,2022,2022,IRS_990_XML
590657429,ALPHA EPSILON PI FRATERNITY,LOCAL_CHAPTER_ENTITY,JASON SNYTTE,TREASURER,Treasurer,UNDERGRAD_CHAPTER_LEADERSHIP,true,true,2022,2022,IRS_990_XML
590657429,ALPHA EPSILON PI FRATERNITY,LOCAL_CHAPTER_ENTITY,ROSS UNGER,VICE PRESIDENT,President,UNDERGRAD_CHAPTER_LEADERSHIP,true,true,2022,2022,IRS_990_XML
590657429,ALPHA EPSILON PI FRATERNITY,LOCAL_CHAPTER_ENTITY,SEAN HARKINS,RISK MANAGER,RISK MANAGER,UNDERGRAD_CHAPTER_LEADERSHIP,true,true,2022,2022,IRS_990_XML
510234811,CHI OMEGA HOUSE CORPORATION MU BETA CHAPTER,HOUSE_CORPORATION,NAN PETERSON,PRESIDENT/TR,President,HOUSE_CORPORATION_LEADERSHIP,true,false,2022,2022,IRS_990_XML
510234811,CHI OMEGA HOUSE CORPORATION MU BETA CHAPTER,HOUSE_CORPORATION,LEE ZELL,VICE PRESIDE,VICE PRESIDE,HOUSE_CORPORATION_LEADERSHIP,true,false,2022,2022,IRS_990_XML
510234811,CHI OMEGA HOUSE CORPORATION MU BETA CHAPTER,HOUSE_CORPORATION,MARY SUSAN WHEELER,SECRETARY,Secretary,HOUSE_CORPORATION_LEADERSHIP,true,false,2022,2022,IRS_990_XML
510234811,CHI OMEGA HOUSE CORPORATION MU BETA CHAPTER,HOUSE_CORPORATION,BLAIR BURSON,BOARD MEMBER,BOARD MEMBER,HOUSE_CORPORATION_LEADERSHIP,true,false,2022,2022,IRS_990_XML
510234811,CHI OMEGA HOUSE CORPORATION MU BETA CHAPTER,HOUSE_CORPORATION,SARAH BRITTON VAUGHN,BOARD MEMBER,BOARD MEMBER,HOUSE_CORPORATION_LEADERSHIP,true,false,2022,2022,IRS_990_XML
640390595,LAMBDA CHI ALPHA FRATERNITY INC,LOCAL_CHAPTER_ENTITY,CONNOR NOTTINGHAM,PRESIDENT,President,UNDERGRAD_CHAPTER_LEADERSHIP,true,false,2022,2022,IRS_990_XML
640390595,LAMBDA CHI ALPHA FRATERNITY INC,LOCAL_CHAPTER_ENTITY,KYLE KINKADE,VICE PRESIDENT,President,UNDERGRAD_CHAPTER_LEADERSHIP,true,false,2022,2022,IRS_990_XML
640390595,LAMBDA CHI ALPHA FRATERNITY INC,LOCAL_CHAPTER_ENTITY,GAVIN ZAWADA,SECRETARY,Secretary,UNDERGRAD_CHAPTER_LEADERSHIP,true,false,2022,2022,IRS_990_XML
640390595,LAMBDA CHI ALPHA FRATERNITY INC,LOCAL_CHAPTER_ENTITY,CHARLIE NUTTER,TREASURER,Treasurer,UNDERGRAD_CHAPTER_LEADERSHIP,true,false,2022,2022,IRS_990_XML
436052133,ALPHA GAMMA RHO BUILDING ASSOCIATION,HOUSE_CORPORATION,LEE GARD,TREASURER,Treasurer,HOUSE_CORPORATION_LEADERSHIP,true,true,2022,2022,IRS_990_XML
436052133,ALPHA GAMMA RHO BUILDING ASSOCIATION,HOUSE_CORPORATION,MATHEW HENDERSON,SECRETARY,Secretary,HOUSE_CORPORATION_LEADERSHIP,true,true,2022,2022,IRS_990_XML
436052133,ALPHA GAMMA RHO BUILDING ASSOCIATION,HOUSE_CORPORATION,AARON ATKINS,PROPERTY MAN,PROPERTY MAN,HOUSE_CORPORATION_LEADERSHIP,false,true,2022,2022,IRS_990_XML
436052133,ALPHA GAMMA RHO BUILDING ASSOCIATION,HOUSE_CORPORATION,DOUG THOMAS,MEMBER,MEMBER,HOUSE_CORPORATION_LEADERSHIP,false,true,2022,2022,IRS_990_XML
436052133,ALPHA GAMMA RHO BUILDING ASSOCIATION,HOUSE_CORPORATION,GRANT DESHON,MEMBER,MEMBER,HOUSE_CORPORATION_LEADERSHIP,false,true,2022,2022,IRS_990_XML
436052133,ALPHA GAMMA RHO BUILDING ASSOCIATION,HOUSE_CORPORATION,JOSHUA TERHUNE,SCHOLARSHIP,SCHOLARSHIP,HOUSE_CORPORATION_LEADERSHIP,false,true,2022,2022,IRS_990_XML
436052133,ALPHA GAMMA RHO BUILDING ASSOCIATION,HOUSE_CORPORATION,ZACH CREWS,MEMBER,MEMBER,HOUSE_CORPORATION_LEADERSHIP,false,true,2022,2022,IRS_990_XML
436052133,ALPHA GAMMA RHO BUILDING ASSOCIATION,HOUSE_CORPORATION,CARY SAYRE,MEMBER,MEMBER,HOUSE_CORPORATION_LEADERSHIP,false,true,2022,2022,IRS_990_XML
436052133,ALPHA GAMMA RHO BUILDING ASSOCIATION,HOUSE_CORPORATION,BRETT NAYLOR,FUNDRAISING,FUNDRAISING,HOUSE_CORPORATION_LEADERSHIP,false,true,2022,2022,IRS_990_XML
436052133,ALPHA GAMMA RHO BUILDING ASSOCIATION,HOUSE_CORPORATION,THAD KOENIGSFELD,MEMBER,MEMBER,HOUSE_CORPORATION_LEADERSHIP,false,true,2022,2022,IRS_990_XML
436052133,ALPHA GAMMA RHO BUILDING ASSOCIATION,HOUSE_CORPORATION,JAMIE TRIPLETT,MEMBER,MEMBER,HOUSE_CORPORATION_LEADERSHIP,false,true,2022,2022,IRS_990_XML
436052133,ALPHA GAMMA RHO BUILDING ASSOCIATION,HOUSE_CORPORATION,GREG GHOLSON,MEMBER,MEMBER,HOUSE_CORPORATION_LEADERSHIP,false,true,2022,2022,IRS_990_XML
436052133,ALPHA GAMMA RHO BUILDING ASSOCIATION,HOUSE_CORPORATION,CASEY ALDEN,MEMBER,MEMBER,HOUSE_CORPORATION_LEADERSHIP,false,true,2022,2022,IRS_990_XML
436052133,ALPHA GAMMA RHO BUILDING ASSOCIATION,HOUSE_CORPORATION,CODY LOGSDON,MEMBER,MEMBER,HOUSE_CORPORATION_LEADERSHIP,false,true,2022,2022,IRS_990_XML
436052133,ALPHA GAMMA RHO BUILDING ASSOCIATION,HOUSE_CORPORATION,BRIAN MARTIN,MEMBER,MEMBER,HOUSE_CORPORATION_LEADERSHIP,false,true,2022,2022,IRS_990_XML
430156640,ALPHA GAMMA RHO FRATERNITY,LOCAL_CHAPTER_ENTITY,SAM BETZ,VNR-MGMT OPE,VNR-MGMT OPE,UNDERGRAD_CHAPTER_LEADERSHIP,true,true,2022,2022,IRS_990_XML
430156640,ALPHA GAMMA RHO FRATERNITY,LOCAL_CHAPTER_ENTITY,GARRETT BLAISE,VNR-SCHOLARS,VNR-SCHOLARS,UNDERGRAD_CHAPTER_LEADERSHIP,true,true,2022,2022,IRS_990_XML
430156640,ALPHA GAMMA RHO FRATERNITY,LOCAL_CHAPTER_ENTITY,MICHAEL DIECKMANN,VNR-RECRUITM,VNR-RECRUITM,UNDERGRAD_CHAPTER_LEADERSHIP,true,true,2022,2022,IRS_990_XML
430156640,ALPHA GAMMA RHO FRATERNITY,LOCAL_CHAPTER_ENTITY,JUSTIN EDDY,NOBLE RULER,NOBLE RULER,UNDERGRAD_CHAPTER_LEADERSHIP,true,true,2022,2022,IRS_990_XML
430156640,ALPHA GAMMA RHO FRATERNITY,LOCAL_CHAPTER_ENTITY,CARTER MARBLE,VNR-MBR DEV,VNR-MBR DEV,UNDERGRAD_CHAPTER_LEADERSHIP,true,true,2022,2022,IRS_990_XML
430156640,ALPHA GAMMA RHO FRATERNITY,LOCAL_CHAPTER_ENTITY,CHASE MEISNER,VNR-ACTIVITI,VNR-ACTIVITI,UNDERGRAD_CHAPTER_LEADERSHIP,true,true,2022,2022,IRS_990_XML
430156640,ALPHA GAMMA RHO FRATERNITY,LOCAL_CHAPTER_ENTITY,JOHN MILES,VNR-RECRUITM,VNR-RECRUITM,UNDERGRAD_CHAPTER_LEADERSHIP,true,true,2022,2022,IRS_990_XML
430156640,ALPHA GAMMA RHO FRATERNITY,LOCAL_CHAPTER_ENTITY,JAKE PFAFF,VNR-ALUMNI R,VNR-ALUMNI R,UNDERGRAD_CHAPTER_LEADERSHIP,true,true,2022,2022,IRS_990_XML
430156640,ALPHA GAMMA RHO FRATERNITY,LOCAL_CHAPTER_ENTITY,SAM PTASIENSKI,VNR-PLANNING,VNR-PLANNING,UNDERGRAD_CHAPTER_LEADERSHIP,true,true,2022,2022,IRS_990_XML
430156640,ALPHA GAMMA RHO FRATERNITY,LOCAL_CHAPTER_ENTITY,TYLER VOGLER,VNR-FINANCE,VNR-FINANCE,UNDERGRAD_CHAPTER_LEADERSHIP,true,true,2022,2022,IRS_990_XML
430156640,ALPHA GAMMA RHO FRATERNITY,LOCAL_CHAPTER_ENTITY,SAM WHEELER,VNR-RISK MAN,VNR-RISK MAN,UNDERGRAD_CHAPTER_LEADERSHIP,true,true,2022,2022,IRS_990_XML
431469466,DELTA CHI FRATERNITY,LOCAL_CHAPTER_ENTITY,ALI BAJRAMOVIC,C,C,UNDERGRAD_CHAPTER_LEADERSHIP,true,false,2022,2022,IRS_990_XML
431469466,DELTA CHI FRATERNITY,LOCAL_CHAPTER_ENTITY,HANKS EDWARDS,E,E,UNDERGRAD_CHAPTER_LEADERSHIP,true,false,2022,2022,IRS_990_XML
431469466,DELTA CHI FRATERNITY,LOCAL_CHAPTER_ENTITY,MICHAEL PULLIAM,F,F,UNDERGRAD_CHAPTER_LEADERSHIP,true,false,2022,2022,IRS_990_XML
431469466,DELTA CHI FRATERNITY,LOCAL_CHAPTER_ENTITY,DYLAN RASMASON,D,D,UNDERGRAD_CHAPTER_LEADERSHIP,true,false,2022,2022,IRS_990_XML
431469466,DELTA CHI FRATERNITY,LOCAL_CHAPTER_ENTITY,ANDREW THOMPSON,A,A,UNDERGRAD_CHAPTER_LEADERSHIP,true,false,2022,2022,IRS_990_XML
431469466,DELTA CHI FRATERNITY,LOCAL_CHAPTER_ENTITY,WILLIAM WAPLER,B,B,UNDERGRAD_CHAPTER_LEADERSHIP,true,false,2022,2022,IRS_990_XML
640315255,SIGMA CHI FRATERNITY ETA CHAPTER,LOCAL_CHAPTER_ENTITY,DODDS DEHMER,ADVISOR,Advisor,UNDERGRAD_CHAPTER_LEADERSHIP,false,true,2022,2022,IRS_990_XML
640315255,SIGMA CHI FRATERNITY ETA CHAPTER,LOCAL_CHAPTER_ENTITY,MARC MERCIER,CHAPTER ADVI,CHAPTER ADVI,UNDERGRAD_CHAPTER_LEADERSHIP,false,true,2022,2022,IRS_990_XML
640315255,SIGMA CHI FRATERNITY ETA CHAPTER,LOCAL_CHAPTER_ENTITY,TONQUIN STOVALL,FINANCIAL AD,FINANCIAL AD,UNDERGRAD_CHAPTER_LEADERSHIP,false,true,2022,2022,IRS_990_XML
626075727,PHI KAPPA PSI FRATERNITY TENNESSEE EPSILON CHAPTER,LOCAL_CHAPTER_ENTITY,REID HINTHORNE,TREASURER,Treasurer,UNDERGRAD_CHAPTER_LEADERSHIP,true,false,2022,2022,IRS_990_XML
626075727,PHI KAPPA PSI FRATERNITY TENNESSEE EPSILON CHAPTER,LOCAL_CHAPTER_ENTITY,DYLAN CONYERS,PRESIDENT,President,UNDERGRAD_CHAPTER_LEADERSHIP,true,false,2022,2022,IRS_990_XML
626075727,PHI KAPPA PSI FRATERNITY TENNESSEE EPSILON CHAPTER,LOCAL_CHAPTER_ENTITY,GAVEN TEEPLE,RECORDING SE,RECORDING SE,UNDERGRAD_CHAPTER_LEADERSHIP,false,false,2022,2022,IRS_990_XML
626075727,PHI KAPPA PSI FRATERNITY TENNESSEE EPSILON CHAPTER,LOCAL_CHAPTER_ENTITY,ALEXANDER HATCHER,VICE PRESIDE,VICE PRESIDE,UNDERGRAD_CHAPTER_LEADERSHIP,false,false,2022,2022,IRS_990_XML
740898333,SIGMA ALPHA MU FRATERNITY,LOCAL_CHAPTER_ENTITY,RANDY MALTZ,PRESIDENT,President,UNDERGRAD_CHAPTER_LEADERSHIP,true,true,2022,2022,IRS_990_XML
740898333,SIGMA ALPHA MU FRATERNITY,LOCAL_CHAPTER_ENTITY,BRUCE GOLDEN,TREASURER,Treasurer,UNDERGRAD_CHAPTER_LEADERSHIP,true,true,2022,2022,IRS_990_XML
237279516,NASHVILLE ALUMNI CHAPTER KAPPA ALPHA PSI FRATERNITY INC,ALUMNI_CORPORATION,TILLMAN PAYNE,PRESIDENT,President,ALUMNI_BOARD,true,false,2022,2022,IRS_990_XML
237279516,NASHVILLE ALUMNI CHAPTER KAPPA ALPHA PSI FRATERNITY INC,ALUMNI_CORPORATION,ANTHONY SMITH,VICE PRESIDE,VICE PRESIDE,ALUMNI_BOARD,false,false,2022,2022,IRS_990_XML
237279516,NASHVILLE ALUMNI CHAPTER KAPPA ALPHA PSI FRATERNITY INC,ALUMNI_CORPORATION,MICHAEL ROBERTSON,SECRETARY,Secretary,ALUMNI_BOARD,true,false,2022,2022,IRS_990_XML
237279516,NASHVILLE ALUMNI CHAPTER KAPPA ALPHA PSI FRATERNITY INC,ALUMNI_CORPORATION,STEVE PELMORE JR,TREASURER,Treasurer,ALUMNI_BOARD,true,false,2022,2022,IRS_990_XML
237279516,NASHVILLE ALUMNI CHAPTER KAPPA ALPHA PSI FRATERNITY INC,ALUMNI_CORPORATION,GREGORY ASH,DIRECTOR,Director,ALUMNI_BOARD,false,true,2022,2022,IRS_990_XML
237279516,NASHVILLE ALUMNI CHAPTER KAPPA ALPHA PSI FRATERNITY INC,ALUMNI_CORPORATION,ROBERT GIBBS,DIRECTOR,Director,ALUMNI_BOARD,false,true,2022,2022,IRS_990_XML
237279516,NASHVILLE ALUMNI CHAPTER KAPPA ALPHA PSI FRATERNITY INC,ALUMNI_CORPORATION,VINCENT PERRY,DIRECTOR,Director,ALUMNI_BOARD,false,true,2022,2022,IRS_990_XML
237279516,NASHVILLE ALUMNI CHAPTER KAPPA ALPHA PSI FRATERNITY INC,ALUMNI_CORPORATION,ALFRED DEGRAFINREID,DIRECTOR,Director,ALUMNI_BOARD,false,true,2022,2022,IRS_990_XML
237279516,NASHVILLE ALUMNI CHAPTER KAPPA ALPHA PSI FRATERNITY INC,ALUMNI_CORPORATION,TREY FERGUSON,DIRECTOR,Director,ALUMNI_BOARD,false,true,2022,2022,IRS_990_XML
936036290,PHI KAPPA PSI FRATERNITY,LOCAL_CHAPTER_ENTITY,GREYSON BOSSHARD,VICE PRESIDE,VICE PRESIDE,UNDERGRAD_CHAPTER_LEADERSHIP,true,false,2022,2022,IRS_990_XML
936036290,PHI KAPPA PSI FRATERNITY,LOCAL_CHAPTER_ENTITY,OLIVER BRAITSCH,TREASURER,Treasurer,UNDERGRAD_CHAPTER_LEADERSHIP,true,false,2022,2022,IRS_990_XML
936036290,PHI KAPPA PSI FRATERNITY,LOCAL_CHAPTER_ENTITY,GRANT KOONS,PRESIDENT,President,UNDERGRAD_CHAPTER_LEADERSHIP,true,false,2022,2022,IRS_990_XML
237153933,SIGMA NU BUILDING BETA THETA CHAPTER,PROPERTY_HOLDING_ENTITY,MAX COBLENTZ,PRESIDENT,President,HOUSE_CORPORATION_LEADERSHIP,true,false,2022,2022,IRS_990_XML
237153933,SIGMA NU BUILDING BETA THETA CHAPTER,PROPERTY_HOLDING_ENTITY,BEN LEAVER,TREASURER,Treasurer,HOUSE_CORPORATION_LEADERSHIP,true,false,2022,2022,IRS_990_XML
237153933,SIGMA NU BUILDING BETA THETA CHAPTER,PROPERTY_HOLDING_ENTITY,JIM SPRAYBERRY,VP/SECRETARY,Vice President,HOUSE_CORPORATION_LEADERSHIP,true,false,2022,2022,IRS_990_XML
472160158,KAPPA ALPHA ORDER,UNKNOWN,SAM BUTLER,I,I,UNKNOWN,true,false,2022,2022,IRS_990_XML
430240451,DELTA TAU DELTA FRATERNITY,LOCAL_CHAPTER_ENTITY,MATTHEW CONNELLY,PAST TREASUR,PAST TREASUR,UNDERGRAD_CHAPTER_LEADERSHIP,true,false,2022,2022,IRS_990_XML
430240451,DELTA TAU DELTA FRATERNITY,LOCAL_CHAPTER_ENTITY,LANE DAVIS,PAST SOCIAL,PAST SOCIAL,UNDERGRAD_CHAPTER_LEADERSHIP,true,false,2022,2022,IRS_990_XML
430240451,DELTA TAU DELTA FRATERNITY,LOCAL_CHAPTER_ENTITY,TREVOR DEMAY,TREASURER,Treasurer,UNDERGRAD_CHAPTER_LEADERSHIP,true,false,2022,2022,IRS_990_XML
430240451,DELTA TAU DELTA FRATERNITY,LOCAL_CHAPTER_ENTITY,BEN DONSBACH,PAST VP-EXT,Vice President,UNDERGRAD_CHAPTER_LEADERSHIP,true,false,2022,2022,IRS_990_XML
430240451,DELTA TAU DELTA FRATERNITY,LOCAL_CHAPTER_ENTITY,RYAN FLORA,PAST SECRETA,PAST SECRETA,UNDERGRAD_CHAPTER_LEADERSHIP,true,false,2022,2022,IRS_990_XML
430240451,DELTA TAU DELTA FRATERNITY,LOCAL_CHAPTER_ENTITY,MAX FRUSCELLA,PAST PRESIDE,PAST PRESIDE,UNDERGRAD_CHAPTER_LEADERSHIP,true,false,2022,2022,IRS_990_XML
430240451,DELTA TAU DELTA FRATERNITY,LOCAL_CHAPTER_ENTITY,MICHAEL HEINLEIN,VICE PRESIDE,VICE PRESIDE,UNDERGRAD_CHAPTER_LEADERSHIP,true,false,2022,2022,IRS_990_XML
430240451,DELTA TAU DELTA FRATERNITY,LOCAL_CHAPTER_ENTITY,ZACH JOHNSON,SECRETARY,Secretary,UNDERGRAD_CHAPTER_LEADERSHIP,true,false,2022,2022,IRS_990_XML
430240451,DELTA TAU DELTA FRATERNITY,LOCAL_CHAPTER_ENTITY,DOMINIC PESARE,VICE PRESIDE,VICE PRESIDE,UNDERGRAD_CHAPTER_LEADERSHIP,true,false,2022,2022,IRS_990_XML
430240451,DELTA TAU DELTA FRATERNITY,LOCAL_CHAPTER_ENTITY,ADAM REED,PRESIDENT,President,UNDERGRAD_CHAPTER_LEADERSHIP,true,false,2022,2022,IRS_990_XML
430240451,DELTA TAU DELTA FRATERNITY,LOCAL_CHAPTER_ENTITY,GABE SCHNEIDER,PAST VP INTE,Vice President,UNDERGRAD_CHAPTER_LEADERSHIP,true,false,2022,2022,IRS_990_XML
430240451,DELTA TAU DELTA FRATERNITY,LOCAL_CHAPTER_ENTITY,SEAN SULLIVAN,PAST SERGENT,PAST SERGENT,UNDERGRAD_CHAPTER_LEADERSHIP,true,false,2022,2022,IRS_990_XML
436050433,ALPHA PHI HOUSE CORPORATION BOARD- UNIVERSITY OF MISSOURI,HOUSE_CORPORATION,Cherie Bock,Director,Director,HOUSE_CORPORATION_LEADERSHIP,false,true,2022,2022,IRS_990_XML
436050433,ALPHA PHI HOUSE CORPORATION BOARD- UNIVERSITY OF MISSOURI,HOUSE_CORPORATION,Sharon Korte,Director,Director,HOUSE_CORPORATION_LEADERSHIP,false,true,2022,2022,IRS_990_XML
436050433,ALPHA PHI HOUSE CORPORATION BOARD- UNIVERSITY OF MISSOURI,HOUSE_CORPORATION,Carrie Reid,Secretary,Secretary,HOUSE_CORPORATION_LEADERSHIP,true,true,2022,2022,IRS_990_XML
436050433,ALPHA PHI HOUSE CORPORATION BOARD- UNIVERSITY OF MISSOURI,HOUSE_CORPORATION,Tammy Grzeskowiak,Director,Director,HOUSE_CORPORATION_LEADERSHIP,false,true,2022,2022,IRS_990_XML
436050433,ALPHA PHI HOUSE CORPORATION BOARD- UNIVERSITY OF MISSOURI,HOUSE_CORPORATION,Mary Reardon,Director,Director,HOUSE_CORPORATION_LEADERSHIP,false,true,2022,2022,IRS_990_XML
436050433,ALPHA PHI HOUSE CORPORATION BOARD- UNIVERSITY OF MISSOURI,HOUSE_CORPORATION,Carla Hunter,Director,Director,HOUSE_CORPORATION_LEADERSHIP,false,true,2022,2022,IRS_990_XML
436050433,ALPHA PHI HOUSE CORPORATION BOARD- UNIVERSITY OF MISSOURI,HOUSE_CORPORATION,Kellie Kanoy,Coll. Advisor,Advisor,HOUSE_CORPORATION_LEADERSHIP,false,true,2022,2022,IRS_990_XML
436050433,ALPHA PHI HOUSE CORPORATION BOARD- UNIVERSITY OF MISSOURI,HOUSE_CORPORATION,Andrea Gulick,VP Facilities,Vice President,HOUSE_CORPORATION_LEADERSHIP,true,true,2022,2022,IRS_990_XML
436050433,ALPHA PHI HOUSE CORPORATION BOARD- UNIVERSITY OF MISSOURI,HOUSE_CORPORATION,Amy Jordan,President,President,HOUSE_CORPORATION_LEADERSHIP,true,true,2022,2022,IRS_990_XML
436050433,ALPHA PHI HOUSE CORPORATION BOARD- UNIVERSITY OF MISSOURI,HOUSE_CORPORATION,Claudia Tran,Director,Director,HOUSE_CORPORATION_LEADERSHIP,false,true,2022,2022,IRS_990_XML
436050433,ALPHA PHI HOUSE CORPORATION BOARD- UNIVERSITY OF MISSOURI,HOUSE_CORPORATION,Sarah Benoist,Treasurer,Treasurer,HOUSE_CORPORATION_LEADERSHIP,true,true,2022,2022,IRS_990_XML
436050433,ALPHA PHI HOUSE CORPORATION BOARD- UNIVERSITY OF MISSOURI,HOUSE_CORPORATION,Liz Drouin,Director,Director,HOUSE_CORPORATION_LEADERSHIP,false,true,2022,2022,IRS_990_XML
436050433,ALPHA PHI HOUSE CORPORATION BOARD- UNIVERSITY OF MISSOURI,HOUSE_CORPORATION,Erin Riske,Director,Director,HOUSE_CORPORATION_LEADERSHIP,false,true,2022,2022,IRS_990_XML
436050433,ALPHA PHI HOUSE CORPORATION BOARD- UNIVERSITY OF MISSOURI,HOUSE_CORPORATION,Mckenzie Ferrell,Director,Director,HOUSE_CORPORATION_LEADERSHIP,false,true,2022,2022,IRS_990_XML
436050433,ALPHA PHI HOUSE CORPORATION BOARD- UNIVERSITY OF MISSOURI,HOUSE_CORPORATION,Nicole Ulrich,Director,Director,HOUSE_CORPORATION_LEADERSHIP,false,true,2022,2022,IRS_990_XML
832840421,ALPHA SIGMA PHI FRANTERNITY INC,UNKNOWN,Benjamin Grniet,President,President,UNKNOWN,true,false,2022,2022,IRS_990_XML
832840421,ALPHA SIGMA PHI FRANTERNITY INC,UNKNOWN,Michael Gates,VP of Brotherhood Retention (start June 23),Vice President,UNKNOWN,true,false,2022,2022,IRS_990_XML
832840421,ALPHA SIGMA PHI FRANTERNITY INC,UNKNOWN,Theo Hahn,VP of Brotherhood Retention (end May 23),Vice President,UNKNOWN,true,false,2022,2022,IRS_990_XML
832840421,ALPHA SIGMA PHI FRANTERNITY INC,UNKNOWN,James Flickenger,VP of Growth (start June 23),Vice President,UNKNOWN,true,false,2022,2022,IRS_990_XML
832840421,ALPHA SIGMA PHI FRANTERNITY INC,UNKNOWN,Ethan Auty,VP of Growth (end May 23),Vice President,UNKNOWN,true,false,2022,2022,IRS_990_XML
832840421,ALPHA SIGMA PHI FRANTERNITY INC,UNKNOWN,Landon Sebestin,VP of Standards (start June 23),Vice President,UNKNOWN,true,false,2022,2022,IRS_990_XML
832840421,ALPHA SIGMA PHI FRANTERNITY INC,UNKNOWN,Ashton Roveri,VP of Standards (end May 23),Vice President,UNKNOWN,true,false,2022,2022,IRS_990_XML
832840421,ALPHA SIGMA PHI FRANTERNITY INC,UNKNOWN,Aaron Kucinski,VP of Philanthropy (start June 23),Vice President,UNKNOWN,true,false,2022,2022,IRS_990_XML
832840421,ALPHA SIGMA PHI FRANTERNITY INC,UNKNOWN,Javier Rodriguez,VP of Philanthropy (end May 23),Vice President,UNKNOWN,true,false,2022,2022,IRS_990_XML
832840421,ALPHA SIGMA PHI FRANTERNITY INC,UNKNOWN,Griffin Elias,VP of Communications (start June 23),Vice President,UNKNOWN,true,false,2022,2022,IRS_990_XML
832840421,ALPHA SIGMA PHI FRANTERNITY INC,UNKNOWN,Liam Owen,VP of Communications (end May 23),Vice President,UNKNOWN,true,false,2022,2022,IRS_990_XML
832840421,ALPHA SIGMA PHI FRANTERNITY INC,UNKNOWN,Andrew Albright,VP of Rituals and Traditions (start June 23),Vice President,UNKNOWN,true,false,2022,2022,IRS_990_XML
832840421,ALPHA SIGMA PHI FRANTERNITY INC,UNKNOWN,Coleman Edwards,VP of Rituals and Traditions (end May 23),Vice President,UNKNOWN,true,false,2022,2022,IRS_990_XML
832840421,ALPHA SIGMA PHI FRANTERNITY INC,UNKNOWN,Bailey Resnick,VP of Alumni and Family Relations (start June 23),Vice President,UNKNOWN,true,false,2022,2022,IRS_990_XML
832840421,ALPHA SIGMA PHI FRANTERNITY INC,UNKNOWN,Kyle King,VP of Alumni and Relations (end May 23),Vice President,UNKNOWN,true,false,2022,2022,IRS_990_XML
832840421,ALPHA SIGMA PHI FRANTERNITY INC,UNKNOWN,Daniel Flickinger,VP of Finance,Vice President,UNKNOWN,true,false,2022,2022,IRS_990_XML
832840421,ALPHA SIGMA PHI FRANTERNITY INC,UNKNOWN,Zack Billings,VP of Member Enrichment (start June 23),Vice President,UNKNOWN,true,false,2022,2022,IRS_990_XML
832840421,ALPHA SIGMA PHI FRANTERNITY INC,UNKNOWN,Landon Sesbestin,VP of Member Enrichment (end May 23),Vice President,UNKNOWN,true,false,2022,2022,IRS_990_XML
832840421,ALPHA SIGMA PHI FRANTERNITY INC,UNKNOWN,Spencer Forstot,VP of Social Retention (start June 23),Vice President,UNKNOWN,true,false,2022,2022,IRS_990_XML
832840421,ALPHA SIGMA PHI FRANTERNITY INC,UNKNOWN,Baron Stanton,VP of Social Retention (end May 23),Vice President,UNKNOWN,true,false,2022,2022,IRS_990_XML
746047117,BUILDING CORPORATION OF DELTA CHAPTER OF ALPHA DELTA PI,HOUSE_CORPORATION,Lauren Jerden,Director,Director,HOUSE_CORPORATION_LEADERSHIP,false,true,2022,2022,IRS_990_XML
746047117,BUILDING CORPORATION OF DELTA CHAPTER OF ALPHA DELTA PI,HOUSE_CORPORATION,Yvette Yarbrough,Director,Director,HOUSE_CORPORATION_LEADERSHIP,false,true,2022,2022,IRS_990_XML
746047117,BUILDING CORPORATION OF DELTA CHAPTER OF ALPHA DELTA PI,HOUSE_CORPORATION,Michelle Dare,Director,Director,HOUSE_CORPORATION_LEADERSHIP,false,true,2022,2022,IRS_990_XML
746047117,BUILDING CORPORATION OF DELTA CHAPTER OF ALPHA DELTA PI,HOUSE_CORPORATION,Cheryl Taylor,Director,Director,HOUSE_CORPORATION_LEADERSHIP,false,true,2022,2022,IRS_990_XML
746047117,BUILDING CORPORATION OF DELTA CHAPTER OF ALPHA DELTA PI,HOUSE_CORPORATION,Katherine Frazier,Dir-Collegiate,Dir-Collegiate,HOUSE_CORPORATION_LEADERSHIP,false,true,2022,2022,IRS_990_XML
746047117,BUILDING CORPORATION OF DELTA CHAPTER OF ALPHA DELTA PI,HOUSE_CORPORATION,Martha Smith,Director,Director,HOUSE_CORPORATION_LEADERSHIP,false,true,2022,2022,IRS_990_XML
746047117,BUILDING CORPORATION OF DELTA CHAPTER OF ALPHA DELTA PI,HOUSE_CORPORATION,Jordan Mcalister,Dir-Collegiate,Dir-Collegiate,HOUSE_CORPORATION_LEADERSHIP,false,true,2022,2022,IRS_990_XML
746047117,BUILDING CORPORATION OF DELTA CHAPTER OF ALPHA DELTA PI,HOUSE_CORPORATION,Chistina Kappmeyer,Dir-Collegieate,Dir-Collegieate,HOUSE_CORPORATION_LEADERSHIP,false,true,2022,2022,IRS_990_XML
746047117,BUILDING CORPORATION OF DELTA CHAPTER OF ALPHA DELTA PI,HOUSE_CORPORATION,Jeannene Mills,Treasurer,Treasurer,HOUSE_CORPORATION_LEADERSHIP,true,false,2022,2022,IRS_990_XML
746047117,BUILDING CORPORATION OF DELTA CHAPTER OF ALPHA DELTA PI,HOUSE_CORPORATION,Debbie Ellis,President,President,HOUSE_CORPORATION_LEADERSHIP,true,false,2022,2022,IRS_990_XML
746047117,BUILDING CORPORATION OF DELTA CHAPTER OF ALPHA DELTA PI,HOUSE_CORPORATION,Kelly Jerden,Secretary,Secretary,HOUSE_CORPORATION_LEADERSHIP,true,false,2022,2022,IRS_990_XML
530125862,PHI GAMMA DELTA FRATERNITY,NATIONAL_PARENT,MATT AMEND,SECRETARY,Secretary,NATIONAL_ORG_LEADERSHIP,true,true,2022,2022,IRS_990_XML
530125862,PHI GAMMA DELTA FRATERNITY,NATIONAL_PARENT,ZACH BERARD,COUNCILOR,COUNCILOR,NATIONAL_ORG_LEADERSHIP,false,true,2022,2022,IRS_990_XML
530125862,PHI GAMMA DELTA FRATERNITY,NATIONAL_PARENT,ROBERT SIEDELL,COUNCILOR,COUNCILOR,NATIONAL_ORG_LEADERSHIP,false,true,2022,2022,IRS_990_XML
530125862,PHI GAMMA DELTA FRATERNITY,NATIONAL_PARENT,JAMES C NEILSON,COUNCILOR,COUNCILOR,NATIONAL_ORG_LEADERSHIP,false,true,2022,2022,IRS_990_XML
530125862,PHI GAMMA DELTA FRATERNITY,NATIONAL_PARENT,DONALD J HERMAN,TREASURER,Treasurer,NATIONAL_ORG_LEADERSHIP,true,true,2022,2022,IRS_990_XML
530125862,PHI GAMMA DELTA FRATERNITY,NATIONAL_PARENT,TIM KILDUFF,VICE PRESIDENT,President,NATIONAL_ORG_LEADERSHIP,true,true,2022,2022,IRS_990_XML
530125862,PHI GAMMA DELTA FRATERNITY,NATIONAL_PARENT,JON YATES,COUNCILOR,COUNCILOR,NATIONAL_ORG_LEADERSHIP,false,true,2022,2022,IRS_990_XML
530125862,PHI GAMMA DELTA FRATERNITY,NATIONAL_PARENT,JEFFREY T STOLL,COUNCILOR,COUNCILOR,NATIONAL_ORG_LEADERSHIP,false,true,2022,2022,IRS_990_XML
530125862,PHI GAMMA DELTA FRATERNITY,NATIONAL_PARENT,BILL HUNNICUTT,PRESIDENT,President,NATIONAL_ORG_LEADERSHIP,true,true,2022,2022,IRS_990_XML
530125862,PHI GAMMA DELTA FRATERNITY,NATIONAL_PARENT,ROB CAUDILL,EXECUTIVE DIRECTOR,Director,NATIONAL_ORG_LEADERSHIP,true,true,2022,2022,IRS_990_XML
530125862,PHI GAMMA DELTA FRATERNITY,NATIONAL_PARENT,WILLIAM T SHIER,EMPLOYEE,EMPLOYEE,NATIONAL_ORG_LEADERSHIP,false,false,2022,2022,IRS_990_XML
530125862,PHI GAMMA DELTA FRATERNITY,NATIONAL_PARENT,TODD ROGERS,EMPLOYEE,EMPLOYEE,NATIONAL_ORG_LEADERSHIP,false,false,2022,2022,IRS_990_XML
361305568,KAPPA ALPHA THETA FRATERNITY,NATIONAL_PARENT,ERICA D'ANGELO OCHS,PRESIDENT,President,NATIONAL_ORG_LEADERSHIP,true,true,2022,2022,IRS_990_XML
361305568,KAPPA ALPHA THETA FRATERNITY,NATIONAL_PARENT,JANE SHEPHERD DICK,VICE PRESIDENT,President,NATIONAL_ORG_LEADERSHIP,true,true,2022,2022,IRS_990_XML
361305568,KAPPA ALPHA THETA FRATERNITY,NATIONAL_PARENT,NICOLE FRANK,VICE PRESIDENT,President,NATIONAL_ORG_LEADERSHIP,true,true,2022,2022,IRS_990_XML
361305568,KAPPA ALPHA THETA FRATERNITY,NATIONAL_PARENT,TINA VILLARETE TRAN,VICE PRESIDENT,President,NATIONAL_ORG_LEADERSHIP,true,true,2022,2022,IRS_990_XML
361305568,KAPPA ALPHA THETA FRATERNITY,NATIONAL_PARENT,CATHERINE LOCK BIBB,VICE PRESIDENT,President,NATIONAL_ORG_LEADERSHIP,true,true,2022,2022,IRS_990_XML
361305568,KAPPA ALPHA THETA FRATERNITY,NATIONAL_PARENT,LAURA RICHARDSON BRIGHT,VICE PRESIDENT,President,NATIONAL_ORG_LEADERSHIP,true,true,2022,2022,IRS_990_XML
361305568,KAPPA ALPHA THETA FRATERNITY,NATIONAL_PARENT,CYNTHEA STRUBE YESTAL,VICE PRESIDENT,President,NATIONAL_ORG_LEADERSHIP,true,true,2022,2022,IRS_990_XML
361305568,KAPPA ALPHA THETA FRATERNITY,NATIONAL_PARENT,JEFFREY RISSER,CHIEF FINANCIAL OFFICER,CHIEF FINANCIAL OFFICER,NATIONAL_ORG_LEADERSHIP,true,false,2022,2022,IRS_990_XML
361305568,KAPPA ALPHA THETA FRATERNITY,NATIONAL_PARENT,JENNIFER SCHMALTZ,CHIEF EXECUTIVE OFFICER,CHIEF EXECUTIVE OFFICER,NATIONAL_ORG_LEADERSHIP,true,false,2022,2022,IRS_990_XML
361305568,KAPPA ALPHA THETA FRATERNITY,NATIONAL_PARENT,MELINDA YOUNG,CHIEF ADMINISTRATION OFFICER,CHIEF ADMINISTRATION OFFICER,NATIONAL_ORG_LEADERSHIP,true,false,2022,2022,IRS_990_XML
361305568,KAPPA ALPHA THETA FRATERNITY,NATIONAL_PARENT,JULIANNE BUTLER,CHIEF MARKETING OFFICER,CHIEF MARKETING OFFICER,NATIONAL_ORG_LEADERSHIP,true,false,2022,2022,IRS_990_XML
812173665,BETA RHO CHAPTER OF ALPHA OMEGA EPSILON,LOCAL_CHAPTER_ENTITY,Kirsten Corrigan,President,President,UNDERGRAD_CHAPTER_LEADERSHIP,true,false,2022,2022,IRS_990_XML
812173665,BETA RHO CHAPTER OF ALPHA OMEGA EPSILON,LOCAL_CHAPTER_ENTITY,Lowri Brinsden,Vice President,President,UNDERGRAD_CHAPTER_LEADERSHIP,true,false,2022,2022,IRS_990_XML
812173665,BETA RHO CHAPTER OF ALPHA OMEGA EPSILON,LOCAL_CHAPTER_ENTITY,Sarah Cosner,Treasurer,Treasurer,UNDERGRAD_CHAPTER_LEADERSHIP,true,false,2022,2022,IRS_990_XML
812173665,BETA RHO CHAPTER OF ALPHA OMEGA EPSILON,LOCAL_CHAPTER_ENTITY,Lauren Muffley,Secretary,Secretary,UNDERGRAD_CHAPTER_LEADERSHIP,true,false,2022,2022,IRS_990_XML
812173665,BETA RHO CHAPTER OF ALPHA OMEGA EPSILON,LOCAL_CHAPTER_ENTITY,Aubrianna Green,Membership Educator,Membership Educator,UNDERGRAD_CHAPTER_LEADERSHIP,false,false,2022,2022,IRS_990_XML
812173665,BETA RHO CHAPTER OF ALPHA OMEGA EPSILON,LOCAL_CHAPTER_ENTITY,Lela Connors,Parliamentarian,Parliamentarian,UNDERGRAD_CHAPTER_LEADERSHIP,false,false,2022,2022,IRS_990_XML
630188930,SIGMA NU FRATERNITY,LOCAL_CHAPTER_ENTITY,SEAN THOMAS,ADVISOR,Advisor,UNDERGRAD_CHAPTER_LEADERSHIP,false,true,2022,2022,IRS_990_XML
630188930,SIGMA NU FRATERNITY,LOCAL_CHAPTER_ENTITY,CHARLES REGAN,COMMANDER,COMMANDER,UNDERGRAD_CHAPTER_LEADERSHIP,true,false,2022,2022,IRS_990_XML
630188930,SIGMA NU FRATERNITY,LOCAL_CHAPTER_ENTITY,GEORGE TURNER,LT. COMMANDER,LT. COMMANDER,UNDERGRAD_CHAPTER_LEADERSHIP,true,false,2022,2022,IRS_990_XML
630188930,SIGMA NU FRATERNITY,LOCAL_CHAPTER_ENTITY,EDWARD REED,TREASURER AT YEAR END,Treasurer,UNDERGRAD_CHAPTER_LEADERSHIP,true,false,2022,2022,IRS_990_XML
630188930,SIGMA NU FRATERNITY,LOCAL_CHAPTER_ENTITY,PRUITT LEE,RECORDER,RECORDER,UNDERGRAD_CHAPTER_LEADERSHIP,true,false,2022,2022,IRS_990_XML
630188930,SIGMA NU FRATERNITY,LOCAL_CHAPTER_ENTITY,CHARLIE HUGHES,TREASURER AT FILING,Treasurer,UNDERGRAD_CHAPTER_LEADERSHIP,true,false,2022,2022,IRS_990_XML
871533047,ALPHA GAMMA RHO FRATERNITY,LOCAL_CHAPTER_ENTITY,Blake Beltz,Noble Ruler,Noble Ruler,UNDERGRAD_CHAPTER_LEADERSHIP,true,false,2022,2022,IRS_990_XML
871533047,ALPHA GAMMA RHO FRATERNITY,LOCAL_CHAPTER_ENTITY,Benjamin Barber,Vice Noble Ruler-Finance,Vice Noble Ruler-Finance,UNDERGRAD_CHAPTER_LEADERSHIP,true,false,2022,2022,IRS_990_XML
581025461,PHI GAMMA DELTA FRATERNITY,LOCAL_CHAPTER_ENTITY,BEN BROWN,HISTORIAN,HISTORIAN,UNDERGRAD_CHAPTER_LEADERSHIP,true,false,2022,2022,IRS_990_XML
581025461,PHI GAMMA DELTA FRATERNITY,LOCAL_CHAPTER_ENTITY,DALLAS HUNT,REC SEC,REC SEC,UNDERGRAD_CHAPTER_LEADERSHIP,true,false,2022,2022,IRS_990_XML
581025461,PHI GAMMA DELTA FRATERNITY,LOCAL_CHAPTER_ENTITY,CHANCE LACEY,PRESIDENT,President,UNDERGRAD_CHAPTER_LEADERSHIP,true,false,2022,2022,IRS_990_XML
581025461,PHI GAMMA DELTA FRATERNITY,LOCAL_CHAPTER_ENTITY,CLAY LIOLIOS,CORRSP SEC,CORRSP SEC,UNDERGRAD_CHAPTER_LEADERSHIP,true,false,2022,2022,IRS_990_XML
581025461,PHI GAMMA DELTA FRATERNITY,LOCAL_CHAPTER_ENTITY,HANK MANNING,TREASURER,Treasurer,UNDERGRAD_CHAPTER_LEADERSHIP,true,false,2022,2022,IRS_990_XML
580587177,THETA CHI FRATERNITY INC,LOCAL_CHAPTER_ENTITY,SANDERS HACKETT,PRESIDENT,President,UNDERGRAD_CHAPTER_LEADERSHIP,true,false,2022,2022,IRS_990_XML
472160158,KAPPA ALPHA ORDER,UNKNOWN,JAKE BERGER,II,II,UNKNOWN,true,false,2022,2022,IRS_990_XML
472160158,KAPPA ALPHA ORDER,UNKNOWN,AARYAN PHADNIS,III,III,UNKNOWN,true,false,2022,2022,IRS_990_XML
472160158,KAPPA ALPHA ORDER,UNKNOWN,MILES BLANDI,RUSH CHAIR,Chair,UNKNOWN,true,true,2022,2022,IRS_990_XML
472160158,KAPPA ALPHA ORDER,UNKNOWN,WILL HORNBACK,IV,IV,UNKNOWN,true,false,2022,2022,IRS_990_XML
472160158,KAPPA ALPHA ORDER,UNKNOWN,NICK LIGHTCAP,V,V,UNKNOWN,true,false,2022,2022,IRS_990_XML
472160158,KAPPA ALPHA ORDER,UNKNOWN,BRYCE MARTIN,VI,VI,UNKNOWN,true,false,2022,2022,IRS_990_XML
472160158,KAPPA ALPHA ORDER,UNKNOWN,BLAKE BROWNE,VII,VII,UNKNOWN,true,false,2022,2022,IRS_990_XML
472160158,KAPPA ALPHA ORDER,UNKNOWN,BROCK BARKER,VIII,VIII,UNKNOWN,true,false,2022,2022,IRS_990_XML
640120597,KAPPA ALPHA ORDER,UNKNOWN,ZACHARY BURKS,NUMBER I,NUMBER I,UNKNOWN,true,false,2022,2022,IRS_990_XML
640120597,KAPPA ALPHA ORDER,UNKNOWN,CAMDEN FRANKFATHER,NUMBER II,NUMBER II,UNKNOWN,true,false,2022,2022,IRS_990_XML
640120597,KAPPA ALPHA ORDER,UNKNOWN,JACK EDWARDS,NUMBER III,NUMBER III,UNKNOWN,true,false,2022,2022,IRS_990_XML
640120597,KAPPA ALPHA ORDER,UNKNOWN,ZANE MONSOUR,NUMBER IV,NUMBER IV,UNKNOWN,true,false,2022,2022,IRS_990_XML
640120597,KAPPA ALPHA ORDER,UNKNOWN,KEVIN KEITH,NUMBER V,NUMBER V,UNKNOWN,true,false,2022,2022,IRS_990_XML
640120597,KAPPA ALPHA ORDER,UNKNOWN,WILL SHAPPLEY,NUMBER VI,NUMBER VI,UNKNOWN,true,false,2022,2022,IRS_990_XML
640120597,KAPPA ALPHA ORDER,UNKNOWN,NOAH LORD,NUMBER VII,NUMBER VII,UNKNOWN,true,false,2022,2022,IRS_990_XML
640120597,KAPPA ALPHA ORDER,UNKNOWN,CLAY CARROLL,NUMBER VIII,NUMBER VIII,UNKNOWN,true,false,2022,2022,IRS_990_XML
640120597,KAPPA ALPHA ORDER,UNKNOWN,CADE MCCLENAGHAN,NUMBER IX,NUMBER IX,UNKNOWN,true,false,2022,2022,IRS_990_XML
730580030,DELTA TAU DELTA FRATERNITY,LOCAL_CHAPTER_ENTITY,KIONTRE ARMSTRONG,VICE PRESIDE,VICE PRESIDE,UNDERGRAD_CHAPTER_LEADERSHIP,true,false,2022,2022,IRS_990_XML
730580030,DELTA TAU DELTA FRATERNITY,LOCAL_CHAPTER_ENTITY,PAYTON BLANKENSHIP,PHILANTHROPY,PHILANTHROPY,UNDERGRAD_CHAPTER_LEADERSHIP,true,false,2022,2022,IRS_990_XML
730580030,DELTA TAU DELTA FRATERNITY,LOCAL_CHAPTER_ENTITY,NOAH BUCK,DIR MEM DEVE,DIR MEM DEVE,UNDERGRAD_CHAPTER_LEADERSHIP,true,false,2022,2022,IRS_990_XML
730580030,DELTA TAU DELTA FRATERNITY,LOCAL_CHAPTER_ENTITY,GAVIN COX,DIR OF RISK,DIR OF RISK,UNDERGRAD_CHAPTER_LEADERSHIP,true,false,2022,2022,IRS_990_XML
730580030,DELTA TAU DELTA FRATERNITY,LOCAL_CHAPTER_ENTITY,ETHAN DULIN,DIR OF FINAN,DIR OF FINAN,UNDERGRAD_CHAPTER_LEADERSHIP,true,false,2022,2022,IRS_990_XML
730580030,DELTA TAU DELTA FRATERNITY,LOCAL_CHAPTER_ENTITY,COLIN GORMLEY,DIR OF RECRU,DIR OF RECRU,UNDERGRAD_CHAPTER_LEADERSHIP,true,false,2022,2022,IRS_990_XML
730580030,DELTA TAU DELTA FRATERNITY,LOCAL_CHAPTER_ENTITY,JACE HIGHT,DIR OF COMMU,DIR OF COMMU,UNDERGRAD_CHAPTER_LEADERSHIP,true,false,2022,2022,IRS_990_XML
730580030,DELTA TAU DELTA FRATERNITY,LOCAL_CHAPTER_ENTITY,MICHAEL HOGG,DIR OF STAND,DIR OF STAND,UNDERGRAD_CHAPTER_LEADERSHIP,true,false,2022,2022,IRS_990_XML
730580030,DELTA TAU DELTA FRATERNITY,LOCAL_CHAPTER_ENTITY,DYLAN KEITH,BROTHERHOOD,BROTHERHOOD,UNDERGRAD_CHAPTER_LEADERSHIP,true,false,2022,2022,IRS_990_XML
730580030,DELTA TAU DELTA FRATERNITY,LOCAL_CHAPTER_ENTITY,SHEP MIERS,SOCIAL CO,SOCIAL CO,UNDERGRAD_CHAPTER_LEADERSHIP,true,false,2022,2022,IRS_990_XML
730580030,DELTA TAU DELTA FRATERNITY,LOCAL_CHAPTER_ENTITY,BENJAMIN NASH,PRESIDENT,President,UNDERGRAD_CHAPTER_LEADERSHIP,true,false,2022,2022,IRS_990_XML
730580030,DELTA TAU DELTA FRATERNITY,LOCAL_CHAPTER_ENTITY,RYAN PALK,ASSISTANT TR,ASSISTANT TR,UNDERGRAD_CHAPTER_LEADERSHIP,true,false,2022,2022,IRS_990_XML
730580030,DELTA TAU DELTA FRATERNITY,LOCAL_CHAPTER_ENTITY,NOAH ROYSE,ACADEMIC AFF,ACADEMIC AFF,UNDERGRAD_CHAPTER_LEADERSHIP,true,false,2022,2022,IRS_990_XML
730589378,TRUSTEES OF OKLAHOMA ALPHA CHAPTER OF PI BETA PHI FRATERNITY INC,LOCAL_CHAPTER_ENTITY,HANNAH HARP,PRESIDENT,President,UNDERGRAD_CHAPTER_LEADERSHIP,true,true,2022,2022,IRS_990_XML
730589378,TRUSTEES OF OKLAHOMA ALPHA CHAPTER OF PI BETA PHI FRATERNITY INC,LOCAL_CHAPTER_ENTITY,MARY POWELL,TREASURER,Treasurer,UNDERGRAD_CHAPTER_LEADERSHIP,true,true,2022,2022,IRS_990_XML
730589378,TRUSTEES OF OKLAHOMA ALPHA CHAPTER OF PI BETA PHI FRATERNITY INC,LOCAL_CHAPTER_ENTITY,LINDA YOUNG,MEMBER,MEMBER,UNDERGRAD_CHAPTER_LEADERSHIP,false,true,2022,2022,IRS_990_XML
730589378,TRUSTEES OF OKLAHOMA ALPHA CHAPTER OF PI BETA PHI FRATERNITY INC,LOCAL_CHAPTER_ENTITY,SHANNA FOSTER,MEMBER,MEMBER,UNDERGRAD_CHAPTER_LEADERSHIP,false,true,2022,2022,IRS_990_XML
730589378,TRUSTEES OF OKLAHOMA ALPHA CHAPTER OF PI BETA PHI FRATERNITY INC,LOCAL_CHAPTER_ENTITY,HEATHER SHOWALTER,MEMBER,MEMBER,UNDERGRAD_CHAPTER_LEADERSHIP,false,true,2022,2022,IRS_990_XML
730589378,TRUSTEES OF OKLAHOMA ALPHA CHAPTER OF PI BETA PHI FRATERNITY INC,LOCAL_CHAPTER_ENTITY,BETTY HUCKABAY,MEMBER,MEMBER,UNDERGRAD_CHAPTER_LEADERSHIP,false,true,2022,2022,IRS_990_XML
730589378,TRUSTEES OF OKLAHOMA ALPHA CHAPTER OF PI BETA PHI FRATERNITY INC,LOCAL_CHAPTER_ENTITY,ASHLEY MUHMOOD,MEMBER,MEMBER,UNDERGRAD_CHAPTER_LEADERSHIP,false,true,2022,2022,IRS_990_XML
581490431,GAMMA PHI BETA SORORITY INC,LOCAL_CHAPTER_ENTITY,MICHELLE HOOD ROSENTHAL,PRESIDENT,President,UNDERGRAD_CHAPTER_LEADERSHIP,true,false,2022,2022,IRS_990_XML
581490431,GAMMA PHI BETA SORORITY INC,LOCAL_CHAPTER_ENTITY,CELE EIFERT,SECRETARY,Secretary,UNDERGRAD_CHAPTER_LEADERSHIP,true,false,2022,2022,IRS_990_XML
581490431,GAMMA PHI BETA SORORITY INC,LOCAL_CHAPTER_ENTITY,KIM FRIESE,MEMBER AT LA,MEMBER AT LA,UNDERGRAD_CHAPTER_LEADERSHIP,true,false,2022,2022,IRS_990_XML
580301953,KAPPA ALPHA ORDER,UNKNOWN,WILL AARON,NUMBER I,NUMBER I,UNKNOWN,true,false,2022,2022,IRS_990_XML
580301953,KAPPA ALPHA ORDER,UNKNOWN,CAMDEN TRAMMELL,NUMBER II,NUMBER II,UNKNOWN,true,false,2022,2022,IRS_990_XML
580301953,KAPPA ALPHA ORDER,UNKNOWN,HAMILTON CULPEPPER,NUMBER III,NUMBER III,UNKNOWN,true,false,2022,2022,IRS_990_XML
580301953,KAPPA ALPHA ORDER,UNKNOWN,FORD SHEPPARD,NUMBER IV,NUMBER IV,UNKNOWN,true,false,2022,2022,IRS_990_XML
580301953,KAPPA ALPHA ORDER,UNKNOWN,BRADLEY COHEN,NUMBER V,NUMBER V,UNKNOWN,true,false,2022,2022,IRS_990_XML
580301953,KAPPA ALPHA ORDER,UNKNOWN,RYAN BETZ,NUMBER VI,NUMBER VI,UNKNOWN,true,false,2022,2022,IRS_990_XML
580301953,KAPPA ALPHA ORDER,UNKNOWN,MATTHEW HOUGHTON,NUMBER VII,NUMBER VII,UNKNOWN,true,false,2022,2022,IRS_990_XML
580301953,KAPPA ALPHA ORDER,UNKNOWN,CHRIS KINNAS,NUMBER VIII,NUMBER VIII,UNKNOWN,true,false,2022,2022,IRS_990_XML
580301953,KAPPA ALPHA ORDER,UNKNOWN,COPE SMITH,NUMBER IX,NUMBER IX,UNKNOWN,true,false,2022,2022,IRS_990_XML
436059582,GAMMA PHI BETA SORORITY INC,LOCAL_CHAPTER_ENTITY,BETTY AKARD,BOARD MEMBER,BOARD MEMBER,UNDERGRAD_CHAPTER_LEADERSHIP,false,true,2022,2022,IRS_990_XML
436059582,GAMMA PHI BETA SORORITY INC,LOCAL_CHAPTER_ENTITY,CHRISTY EHRENREICH,VICE PRESIDE,VICE PRESIDE,UNDERGRAD_CHAPTER_LEADERSHIP,true,true,2022,2022,IRS_990_XML
436059582,GAMMA PHI BETA SORORITY INC,LOCAL_CHAPTER_ENTITY,PAM JOHNSON,BOARD MEMBER,BOARD MEMBER,UNDERGRAD_CHAPTER_LEADERSHIP,false,true,2022,2022,IRS_990_XML
436059582,GAMMA PHI BETA SORORITY INC,LOCAL_CHAPTER_ENTITY,BARBARA NICHOLS,SECRETARY,Secretary,UNDERGRAD_CHAPTER_LEADERSHIP,true,true,2022,2022,IRS_990_XML
436059582,GAMMA PHI BETA SORORITY INC,LOCAL_CHAPTER_ENTITY,DANICA REYNOLDS,BOARD MEMBER,BOARD MEMBER,UNDERGRAD_CHAPTER_LEADERSHIP,false,true,2022,2022,IRS_990_XML
436059582,GAMMA PHI BETA SORORITY INC,LOCAL_CHAPTER_ENTITY,JOLENE SCHULZ,BOARD MEMBER,BOARD MEMBER,UNDERGRAD_CHAPTER_LEADERSHIP,false,true,2022,2022,IRS_990_XML
436059582,GAMMA PHI BETA SORORITY INC,LOCAL_CHAPTER_ENTITY,JILL SMITH,BOARD MEMBER,BOARD MEMBER,UNDERGRAD_CHAPTER_LEADERSHIP,false,true,2022,2022,IRS_990_XML
436059582,GAMMA PHI BETA SORORITY INC,LOCAL_CHAPTER_ENTITY,CAROL TEMPLE,BOARD MEMBER,BOARD MEMBER,UNDERGRAD_CHAPTER_LEADERSHIP,false,true,2022,2022,IRS_990_XML
436059582,GAMMA PHI BETA SORORITY INC,LOCAL_CHAPTER_ENTITY,ATHENA TUTTLE,TREASURER,Treasurer,UNDERGRAD_CHAPTER_LEADERSHIP,true,true,2022,2022,IRS_990_XML
436059582,GAMMA PHI BETA SORORITY INC,LOCAL_CHAPTER_ENTITY,CYNTHIA L WOOD,PRESIDENT,President,UNDERGRAD_CHAPTER_LEADERSHIP,true,true,2022,2022,IRS_990_XML
640717329,DELTA DELTA DELTA NATIONAL HOUSE CORPORATION,HOUSE_CORPORATION,Melissa Blackburn,Secretary,Secretary,HOUSE_CORPORATION_LEADERSHIP,true,true,2022,2022,IRS_990_XML
640717329,DELTA DELTA DELTA NATIONAL HOUSE CORPORATION,HOUSE_CORPORATION,Elizabeth Fisher,President,President,HOUSE_CORPORATION_LEADERSHIP,true,true,2022,2022,IRS_990_XML
640717329,DELTA DELTA DELTA NATIONAL HOUSE CORPORATION,HOUSE_CORPORATION,Beth Harbison Kakales,Vice President,President,HOUSE_CORPORATION_LEADERSHIP,true,true,2022,2022,IRS_990_XML
640717329,DELTA DELTA DELTA NATIONAL HOUSE CORPORATION,HOUSE_CORPORATION,Pamela Grafton,Treasurer,Treasurer,HOUSE_CORPORATION_LEADERSHIP,true,true,2022,2022,IRS_990_XML
646027408,MISSISSIPPI BETA OF PI BETA PHI HOUSE ASSOCIATION INC,HOUSE_CORPORATION,BETH WILLISTON WEBB,PRESIDENT,President,HOUSE_CORPORATION_LEADERSHIP,true,true,2022,2022,IRS_990_XML
646027408,MISSISSIPPI BETA OF PI BETA PHI HOUSE ASSOCIATION INC,HOUSE_CORPORATION,JAMIE LATTURE COLLIER,TREASURER,Treasurer,HOUSE_CORPORATION_LEADERSHIP,true,true,2022,2022,IRS_990_XML
646027408,MISSISSIPPI BETA OF PI BETA PHI HOUSE ASSOCIATION INC,HOUSE_CORPORATION,KAREN HOLCOMBE LOGAN,SECRETARY,Secretary,HOUSE_CORPORATION_LEADERSHIP,true,true,2022,2022,IRS_990_XML
646027408,MISSISSIPPI BETA OF PI BETA PHI HOUSE ASSOCIATION INC,HOUSE_CORPORATION,ROBBIE CARMICHAEL,DIRECTOR,Director,HOUSE_CORPORATION_LEADERSHIP,false,true,2022,2022,IRS_990_XML
646027408,MISSISSIPPI BETA OF PI BETA PHI HOUSE ASSOCIATION INC,HOUSE_CORPORATION,EMILY THOMAS JOHNSON,DIRECTOR,Director,HOUSE_CORPORATION_LEADERSHIP,false,true,2022,2022,IRS_990_XML
646027408,MISSISSIPPI BETA OF PI BETA PHI HOUSE ASSOCIATION INC,HOUSE_CORPORATION,CAROL ANN CARTER,DIRECTOR,Director,HOUSE_CORPORATION_LEADERSHIP,false,true,2022,2022,IRS_990_XML
646027408,MISSISSIPPI BETA OF PI BETA PHI HOUSE ASSOCIATION INC,HOUSE_CORPORATION,GAIL THOMPSON COLLINS,DIRECTOR,Director,HOUSE_CORPORATION_LEADERSHIP,false,true,2022,2022,IRS_990_XML
646027408,MISSISSIPPI BETA OF PI BETA PHI HOUSE ASSOCIATION INC,HOUSE_CORPORATION,MARIJEAN HERRING HOWELL,DIRECTOR,Director,HOUSE_CORPORATION_LEADERSHIP,false,true,2022,2022,IRS_990_XML
840405009,DELTA SIGMA PHI FRATERNITY INC NATIONAL HEADQUARTERS,NATIONAL_PARENT,JIM LARSON,PAST PRESIDENT,President,NATIONAL_ORG_LEADERSHIP,true,true,2022,2022,IRS_990_XML
580587177,THETA CHI FRATERNITY INC,LOCAL_CHAPTER_ENTITY,COLIN MILLER,VISE PRESIDE,VISE PRESIDE,UNDERGRAD_CHAPTER_LEADERSHIP,true,false,2022,2022,IRS_990_XML
580587177,THETA CHI FRATERNITY INC,LOCAL_CHAPTER_ENTITY,GABRIEL SERRANO,VP HEALTH AN,Vice President,UNDERGRAD_CHAPTER_LEADERSHIP,true,false,2022,2022,IRS_990_XML
580587177,THETA CHI FRATERNITY INC,LOCAL_CHAPTER_ENTITY,HEETER HOBBS,SECRETARY,Secretary,UNDERGRAD_CHAPTER_LEADERSHIP,true,false,2022,2022,IRS_990_XML
580587177,THETA CHI FRATERNITY INC,LOCAL_CHAPTER_ENTITY,MATTHEW SINGER,TREASURER,Treasurer,UNDERGRAD_CHAPTER_LEADERSHIP,true,false,2022,2022,IRS_990_XML
580587177,THETA CHI FRATERNITY INC,LOCAL_CHAPTER_ENTITY,JAMES FRIES,MARSHAL,MARSHAL,UNDERGRAD_CHAPTER_LEADERSHIP,true,false,2022,2022,IRS_990_XML
580587177,THETA CHI FRATERNITY INC,LOCAL_CHAPTER_ENTITY,SAMUEL KROSNER,VP RECRUITME,Vice President,UNDERGRAD_CHAPTER_LEADERSHIP,true,false,2022,2022,IRS_990_XML
580587177,THETA CHI FRATERNITY INC,LOCAL_CHAPTER_ENTITY,MARK ASHLEY,CAO,CAO,UNDERGRAD_CHAPTER_LEADERSHIP,true,false,2022,2022,IRS_990_XML
436049304,KAPPA ALPHA ORDER,UNKNOWN,BEN BREHOB,I,I,UNKNOWN,true,false,2022,2022,IRS_990_XML
436049304,KAPPA ALPHA ORDER,UNKNOWN,CONNOR GREENE,II,II,UNKNOWN,true,false,2022,2022,IRS_990_XML
436049304,KAPPA ALPHA ORDER,UNKNOWN,YUSSEPH HAMMOUD,III,III,UNKNOWN,true,false,2022,2022,IRS_990_XML
436049304,KAPPA ALPHA ORDER,UNKNOWN,JOHN COSTAIN,RECRUITMENT OFFICER,RECRUITMENT OFFICER,UNKNOWN,true,false,2022,2022,IRS_990_XML
436049304,KAPPA ALPHA ORDER,UNKNOWN,JOHN TEEL,RECRUITMENT OFFICER,RECRUITMENT OFFICER,UNKNOWN,true,false,2022,2022,IRS_990_XML
436049304,KAPPA ALPHA ORDER,UNKNOWN,WILL RABLE,V,V,UNKNOWN,true,false,2022,2022,IRS_990_XML
436049304,KAPPA ALPHA ORDER,UNKNOWN,RICARDO RODRIGUEZ,VI,VI,UNKNOWN,true,false,2022,2022,IRS_990_XML
436049304,KAPPA ALPHA ORDER,UNKNOWN,ISAAC RISSE,VII,VII,UNKNOWN,true,false,2022,2022,IRS_990_XML
436049304,KAPPA ALPHA ORDER,UNKNOWN,LEVI FEFFERMAN,RISK MANAGER OFFICER,RISK MANAGER OFFICER,UNKNOWN,true,false,2022,2022,IRS_990_XML
436049304,KAPPA ALPHA ORDER,UNKNOWN,BEN SHEPARD,BROTHERHOOD CHAIR,Chair,UNKNOWN,true,true,2022,2022,IRS_990_XML
436049304,KAPPA ALPHA ORDER,UNKNOWN,ANDREW PEREZ,ACCREDITATION OFFICER,ACCREDITATION OFFICER,UNKNOWN,true,false,2022,2022,IRS_990_XML
436049304,KAPPA ALPHA ORDER,UNKNOWN,HOWARD MULLEN,DEI OFFICER,DEI OFFICER,UNKNOWN,true,false,2022,2022,IRS_990_XML
730579972,GAMMA PHI BETA SORORITY INC,LOCAL_CHAPTER_ENTITY,Suzanne Vicsek,Treasurer,Treasurer,UNDERGRAD_CHAPTER_LEADERSHIP,true,true,2022,2022,IRS_990_XML
730579972,GAMMA PHI BETA SORORITY INC,LOCAL_CHAPTER_ENTITY,Kristin Hulin,Ex-Officer,Ex-Officer,UNDERGRAD_CHAPTER_LEADERSHIP,true,true,2022,2022,IRS_990_XML
730579972,GAMMA PHI BETA SORORITY INC,LOCAL_CHAPTER_ENTITY,Robin Allen,President,President,UNDERGRAD_CHAPTER_LEADERSHIP,true,true,2022,2022,IRS_990_XML
730579972,GAMMA PHI BETA SORORITY INC,LOCAL_CHAPTER_ENTITY,Sarah Smith,Vice President,President,UNDERGRAD_CHAPTER_LEADERSHIP,true,true,2022,2022,IRS_990_XML
640412138,ALPHA TAU OMEGA FRATERNITY,LOCAL_CHAPTER_ENTITY,AL BELL,CHAPTER ADVI,CHAPTER ADVI,UNDERGRAD_CHAPTER_LEADERSHIP,false,true,2022,2022,IRS_990_XML
640412138,ALPHA TAU OMEGA FRATERNITY,LOCAL_CHAPTER_ENTITY,GARRETT HOLLAND,HISTORIAN,HISTORIAN,UNDERGRAD_CHAPTER_LEADERSHIP,true,true,2022,2022,IRS_990_XML
640412138,ALPHA TAU OMEGA FRATERNITY,LOCAL_CHAPTER_ENTITY,ADAM KUNTZ,VICE PRESIDE,VICE PRESIDE,UNDERGRAD_CHAPTER_LEADERSHIP,true,true,2022,2022,IRS_990_XML
640412138,ALPHA TAU OMEGA FRATERNITY,LOCAL_CHAPTER_ENTITY,NEAL NORMAN,RITUALS,RITUALS,UNDERGRAD_CHAPTER_LEADERSHIP,true,true,2022,2022,IRS_990_XML
640412138,ALPHA TAU OMEGA FRATERNITY,LOCAL_CHAPTER_ENTITY,NICK PETERSON,SERGENT AT A,SERGENT AT A,UNDERGRAD_CHAPTER_LEADERSHIP,true,true,2022,2022,IRS_990_XML
640412138,ALPHA TAU OMEGA FRATERNITY,LOCAL_CHAPTER_ENTITY,JACOB ROUSSEAU,TREASURER,Treasurer,UNDERGRAD_CHAPTER_LEADERSHIP,true,true,2022,2022,IRS_990_XML
640412138,ALPHA TAU OMEGA FRATERNITY,LOCAL_CHAPTER_ENTITY,ALEX WHYTE,PRESIDENT,President,UNDERGRAD_CHAPTER_LEADERSHIP,true,true,2022,2022,IRS_990_XML
640412138,ALPHA TAU OMEGA FRATERNITY,LOCAL_CHAPTER_ENTITY,CJ WILLIAMS,SECRETARY,Secretary,UNDERGRAD_CHAPTER_LEADERSHIP,true,true,2022,2022,IRS_990_XML
746060984,TEXAS ALPHA HOUSE CORPORATION OF PI BETA PHI,HOUSE_CORPORATION,SHANNON DOWELL,SECRETARY,Secretary,HOUSE_CORPORATION_LEADERSHIP,true,true,2022,2022,IRS_990_XML
746060984,TEXAS ALPHA HOUSE CORPORATION OF PI BETA PHI,HOUSE_CORPORATION,CARRIE MCDOWELL,PRESIDENT,President,HOUSE_CORPORATION_LEADERSHIP,true,true,2022,2022,IRS_990_XML
746060984,TEXAS ALPHA HOUSE CORPORATION OF PI BETA PHI,HOUSE_CORPORATION,KAREN JOHNSON,EX-OFFICIO AAC PRESIDENT,President,HOUSE_CORPORATION_LEADERSHIP,true,true,2022,2022,IRS_990_XML
746060984,TEXAS ALPHA HOUSE CORPORATION OF PI BETA PHI,HOUSE_CORPORATION,HEATHER WHITE,EX OFFICIO-AAC PRESIDENT,President,HOUSE_CORPORATION_LEADERSHIP,true,true,2022,2022,IRS_990_XML
746060984,TEXAS ALPHA HOUSE CORPORATION OF PI BETA PHI,HOUSE_CORPORATION,MELEESIA AVANT,TREASURER,Treasurer,HOUSE_CORPORATION_LEADERSHIP,true,true,2022,2022,IRS_990_XML
610469791,KAPPA DELTA SORORITY,LOCAL_CHAPTER_ENTITY,REECE DICKEN,PANHELLENIC,PANHELLENIC,UNDERGRAD_CHAPTER_LEADERSHIP,false,true,2022,2022,IRS_990_XML
610469791,KAPPA DELTA SORORITY,LOCAL_CHAPTER_ENTITY,KELLEN MCCOWN,VP EVENTS,Vice President,UNDERGRAD_CHAPTER_LEADERSHIP,true,true,2022,2022,IRS_990_XML
610469791,KAPPA DELTA SORORITY,LOCAL_CHAPTER_ENTITY,BROOKE MURPHY,VP RECRUITME,Vice President,UNDERGRAD_CHAPTER_LEADERSHIP,true,true,2022,2022,IRS_990_XML
610469791,KAPPA DELTA SORORITY,LOCAL_CHAPTER_ENTITY,ANGELINA OLEYNIK,VP OF FINANC,Vice President,UNDERGRAD_CHAPTER_LEADERSHIP,true,true,2022,2022,IRS_990_XML
610469791,KAPPA DELTA SORORITY,LOCAL_CHAPTER_ENTITY,REBECCA ROBERTS,PRESIDENT,President,UNDERGRAD_CHAPTER_LEADERSHIP,true,true,2022,2022,IRS_990_XML
610469791,KAPPA DELTA SORORITY,LOCAL_CHAPTER_ENTITY,ABBY SHERN,VP NEW MEMBE,Vice President,UNDERGRAD_CHAPTER_LEADERSHIP,true,true,2022,2022,IRS_990_XML
610469791,KAPPA DELTA SORORITY,LOCAL_CHAPTER_ENTITY,NINA WALKER,VP INCLUSION,Vice President,UNDERGRAD_CHAPTER_LEADERSHIP,true,true,2022,2022,IRS_990_XML
610469791,KAPPA DELTA SORORITY,LOCAL_CHAPTER_ENTITY,VICTORIA WARNER,VICE PRESIDE,VICE PRESIDE,UNDERGRAD_CHAPTER_LEADERSHIP,true,true,2022,2022,IRS_990_XML
616042960,KAPPA ALPHA ORDER,UNKNOWN,WELLS IPEMA,NUMBER I,NUMBER I,UNKNOWN,true,false,2022,2022,IRS_990_XML
616042960,KAPPA ALPHA ORDER,UNKNOWN,JASON RAGGI,NUMBER II,NUMBER II,UNKNOWN,true,false,2022,2022,IRS_990_XML
616042960,KAPPA ALPHA ORDER,UNKNOWN,KILLIAN MCCARTHY,NUMBER III,NUMBER III,UNKNOWN,true,false,2022,2022,IRS_990_XML
616042960,KAPPA ALPHA ORDER,UNKNOWN,MICHAEL ATTABARY,NUMBER IV,NUMBER IV,UNKNOWN,true,false,2022,2022,IRS_990_XML
616042960,KAPPA ALPHA ORDER,UNKNOWN,BEAU BRADY,NUMBER V,NUMBER V,UNKNOWN,true,false,2022,2022,IRS_990_XML
616042960,KAPPA ALPHA ORDER,UNKNOWN,MATTHEW STEINHER,NUMBER VI,NUMBER VI,UNKNOWN,true,false,2022,2022,IRS_990_XML
616042960,KAPPA ALPHA ORDER,UNKNOWN,DEMI ADENJI,NUMBER VII,NUMBER VII,UNKNOWN,true,false,2022,2022,IRS_990_XML
616042960,KAPPA ALPHA ORDER,UNKNOWN,RYAN CAIN,NUMBER VIII,NUMBER VIII,UNKNOWN,true,false,2022,2022,IRS_990_XML
616042960,KAPPA ALPHA ORDER,UNKNOWN,BEN HICKS,NUMBER IX,NUMBER IX,UNKNOWN,true,false,2022,2022,IRS_990_XML
730583442,KAPPA ALPHA ORDER,UNKNOWN,BLAIR GIBSON,NUMBER I,NUMBER I,UNKNOWN,false,false,2022,2022,IRS_990_XML
730583442,KAPPA ALPHA ORDER,UNKNOWN,JACKSON LAW,NUMBER II,NUMBER II,UNKNOWN,false,false,2022,2022,IRS_990_XML
730583442,KAPPA ALPHA ORDER,UNKNOWN,AARON BROWN,NUMBER III,NUMBER III,UNKNOWN,false,false,2022,2022,IRS_990_XML
730583442,KAPPA ALPHA ORDER,UNKNOWN,ANDREW SAWYER,NUMBER IV,NUMBER IV,UNKNOWN,false,false,2022,2022,IRS_990_XML
730583442,KAPPA ALPHA ORDER,UNKNOWN,RYAN COLLETT,NUMBER V,NUMBER V,UNKNOWN,false,false,2022,2022,IRS_990_XML
730583442,KAPPA ALPHA ORDER,UNKNOWN,COLBY DYSINGER,NUMBER VI,NUMBER VI,UNKNOWN,false,false,2022,2022,IRS_990_XML
730583442,KAPPA ALPHA ORDER,UNKNOWN,GAVIN JERDEN,NUMBER VII,NUMBER VII,UNKNOWN,false,false,2022,2022,IRS_990_XML
730583442,KAPPA ALPHA ORDER,UNKNOWN,MATT BETTENCOURT,NUMBER VIII,NUMBER VIII,UNKNOWN,false,false,2022,2022,IRS_990_XML
730583442,KAPPA ALPHA ORDER,UNKNOWN,ETHAN SPENCER,NUMBER IX,NUMBER IX,UNKNOWN,false,false,2022,2022,IRS_990_XML
576033523,KAPPA ALPHA ORDER,UNKNOWN,PROSS WATTS,NUMBER I,NUMBER I,UNKNOWN,true,false,2022,2022,IRS_990_XML
576033523,KAPPA ALPHA ORDER,UNKNOWN,PETE LEVENTIS,NUMBER II,NUMBER II,UNKNOWN,true,false,2022,2022,IRS_990_XML
576033523,KAPPA ALPHA ORDER,UNKNOWN,BEN TRASK,NUMBER III,NUMBER III,UNKNOWN,true,false,2022,2022,IRS_990_XML
576033523,KAPPA ALPHA ORDER,UNKNOWN,HARRY GADDY,NUMBER IV,NUMBER IV,UNKNOWN,true,false,2022,2022,IRS_990_XML
576033523,KAPPA ALPHA ORDER,UNKNOWN,WILLIAM FINNEGAN,NUMBER V,NUMBER V,UNKNOWN,true,false,2022,2022,IRS_990_XML
576033523,KAPPA ALPHA ORDER,UNKNOWN,DAVID WALLACE,NUMBER VI,NUMBER VI,UNKNOWN,true,false,2022,2022,IRS_990_XML
576033523,KAPPA ALPHA ORDER,UNKNOWN,JAKE BYTNAR,NUMBER VII,NUMBER VII,UNKNOWN,true,false,2022,2022,IRS_990_XML
576033523,KAPPA ALPHA ORDER,UNKNOWN,TURNER WOLEY,NUMBER VIII,NUMBER VIII,UNKNOWN,true,false,2022,2022,IRS_990_XML
576033523,KAPPA ALPHA ORDER,UNKNOWN,WILL OSBORNE,NUMBER XI,NUMBER XI,UNKNOWN,true,false,2022,2022,IRS_990_XML
741132046,KAPPA ALPHA ORDER,UNKNOWN,WALTER MCKENNON DENNY,NUMBER I,NUMBER I,UNKNOWN,true,false,2022,2022,IRS_990_XML
741132046,KAPPA ALPHA ORDER,UNKNOWN,DRAKE POTTS,NUMBER II,NUMBER II,UNKNOWN,true,false,2022,2022,IRS_990_XML
730589378,TRUSTEES OF OKLAHOMA ALPHA CHAPTER OF PI BETA PHI FRATERNITY INC,LOCAL_CHAPTER_ENTITY,SALLY WIGHTMAN,MEMBER,MEMBER,UNDERGRAD_CHAPTER_LEADERSHIP,false,true,2022,2022,IRS_990_XML
900353708,THETA CHI FRATERNITY UNIVERSITY OF MISSOURI IOTA MU CHAPTER,LOCAL_CHAPTER_ENTITY,Walker Piles,President (start Nov 22),President,UNDERGRAD_CHAPTER_LEADERSHIP,true,true,2022,2022,IRS_990_XML
900353708,THETA CHI FRATERNITY UNIVERSITY OF MISSOURI IOTA MU CHAPTER,LOCAL_CHAPTER_ENTITY,Ben Stopke,President (end Oct 22),President,UNDERGRAD_CHAPTER_LEADERSHIP,true,true,2022,2022,IRS_990_XML
900353708,THETA CHI FRATERNITY UNIVERSITY OF MISSOURI IOTA MU CHAPTER,LOCAL_CHAPTER_ENTITY,Stephen Reid,Vice President (start Nov 22),President,UNDERGRAD_CHAPTER_LEADERSHIP,true,true,2022,2022,IRS_990_XML
900353708,THETA CHI FRATERNITY UNIVERSITY OF MISSOURI IOTA MU CHAPTER,LOCAL_CHAPTER_ENTITY,Slade Long,Vice President (end Oct 22),President,UNDERGRAD_CHAPTER_LEADERSHIP,true,true,2022,2022,IRS_990_XML
900353708,THETA CHI FRATERNITY UNIVERSITY OF MISSOURI IOTA MU CHAPTER,LOCAL_CHAPTER_ENTITY,Zach Rottmann,Secretary (start Nov 22),Secretary,UNDERGRAD_CHAPTER_LEADERSHIP,true,true,2022,2022,IRS_990_XML
900353708,THETA CHI FRATERNITY UNIVERSITY OF MISSOURI IOTA MU CHAPTER,LOCAL_CHAPTER_ENTITY,Joel Meyer,Secretary (end Oct 22),Secretary,UNDERGRAD_CHAPTER_LEADERSHIP,true,true,2022,2022,IRS_990_XML
900353708,THETA CHI FRATERNITY UNIVERSITY OF MISSOURI IOTA MU CHAPTER,LOCAL_CHAPTER_ENTITY,Nathan Jacobs,Treasurer (start Nov 22),Treasurer,UNDERGRAD_CHAPTER_LEADERSHIP,true,true,2022,2022,IRS_990_XML
900353708,THETA CHI FRATERNITY UNIVERSITY OF MISSOURI IOTA MU CHAPTER,LOCAL_CHAPTER_ENTITY,Dan Karr,Treasurer (end Oct 22),Treasurer,UNDERGRAD_CHAPTER_LEADERSHIP,true,true,2022,2022,IRS_990_XML
900353708,THETA CHI FRATERNITY UNIVERSITY OF MISSOURI IOTA MU CHAPTER,LOCAL_CHAPTER_ENTITY,Mark Thurow,VP of Health and Safety (start Nov 22),Vice President,UNDERGRAD_CHAPTER_LEADERSHIP,true,true,2022,2022,IRS_990_XML
900353708,THETA CHI FRATERNITY UNIVERSITY OF MISSOURI IOTA MU CHAPTER,LOCAL_CHAPTER_ENTITY,Jack Quattlebaum,VP of Health and Safety (end Oct 22),Vice President,UNDERGRAD_CHAPTER_LEADERSHIP,true,true,2022,2022,IRS_990_XML
900353708,THETA CHI FRATERNITY UNIVERSITY OF MISSOURI IOTA MU CHAPTER,LOCAL_CHAPTER_ENTITY,Nolan Luna,Recruitment Chair (start Nov 22),Chair,UNDERGRAD_CHAPTER_LEADERSHIP,true,true,2022,2022,IRS_990_XML
900353708,THETA CHI FRATERNITY UNIVERSITY OF MISSOURI IOTA MU CHAPTER,LOCAL_CHAPTER_ENTITY,Rhett pruett,Recruitment Chair (end Oct 22),Chair,UNDERGRAD_CHAPTER_LEADERSHIP,true,true,2022,2022,IRS_990_XML
900353708,THETA CHI FRATERNITY UNIVERSITY OF MISSOURI IOTA MU CHAPTER,LOCAL_CHAPTER_ENTITY,Coby Schomberg,Marshal (start Nov 22),Marshal (start Nov 22),UNDERGRAD_CHAPTER_LEADERSHIP,true,true,2022,2022,IRS_990_XML
900353708,THETA CHI FRATERNITY UNIVERSITY OF MISSOURI IOTA MU CHAPTER,LOCAL_CHAPTER_ENTITY,Ryan Quicke,Marshal (end Oct 22),Marshal (end Oct 22),UNDERGRAD_CHAPTER_LEADERSHIP,true,true,2022,2022,IRS_990_XML
237160987,TAU OF CHI OMEGA FRATERNITY HOUSE CORPORATION,HOUSE_CORPORATION,Marha Hays,Secretary,Secretary,HOUSE_CORPORATION_LEADERSHIP,true,false,2022,2022,IRS_990_XML
237160987,TAU OF CHI OMEGA FRATERNITY HOUSE CORPORATION,HOUSE_CORPORATION,Margaret Allen,President,President,HOUSE_CORPORATION_LEADERSHIP,true,false,2022,2022,IRS_990_XML
362362161,PHI KAPPA PSI FRATERNITY,NATIONAL_PARENT,ROBERT MARCHESANI,PRESIDENT,President,NATIONAL_ORG_LEADERSHIP,true,true,2022,2022,IRS_990_XML
362362161,PHI KAPPA PSI FRATERNITY,NATIONAL_PARENT,MARC DUMAS,VICE PRESIDENT,President,NATIONAL_ORG_LEADERSHIP,true,true,2022,2022,IRS_990_XML
362362161,PHI KAPPA PSI FRATERNITY,NATIONAL_PARENT,CHARLES BRANDMAN,TREASURER,Treasurer,NATIONAL_ORG_LEADERSHIP,true,true,2022,2022,IRS_990_XML
362362161,PHI KAPPA PSI FRATERNITY,NATIONAL_PARENT,CHRIS WHEELER,SECRETARY,Secretary,NATIONAL_ORG_LEADERSHIP,true,true,2022,2022,IRS_990_XML
362362161,PHI KAPPA PSI FRATERNITY,NATIONAL_PARENT,JOHN KALINA,ARCHON,ARCHON,NATIONAL_ORG_LEADERSHIP,false,true,2022,2022,IRS_990_XML
362362161,PHI KAPPA PSI FRATERNITY,NATIONAL_PARENT,PHILIPPE BOULAS,ARCHON,ARCHON,NATIONAL_ORG_LEADERSHIP,false,true,2022,2022,IRS_990_XML
362362161,PHI KAPPA PSI FRATERNITY,NATIONAL_PARENT,SAM WERTZ,ARCHON,ARCHON,NATIONAL_ORG_LEADERSHIP,false,true,2022,2022,IRS_990_XML
362362161,PHI KAPPA PSI FRATERNITY,NATIONAL_PARENT,BRENDAN LOHAN,ARCHON,ARCHON,NATIONAL_ORG_LEADERSHIP,false,true,2022,2022,IRS_990_XML
362362161,PHI KAPPA PSI FRATERNITY,NATIONAL_PARENT,JACOB RYAN,ARCHON,ARCHON,NATIONAL_ORG_LEADERSHIP,false,true,2022,2022,IRS_990_XML
362362161,PHI KAPPA PSI FRATERNITY,NATIONAL_PARENT,CONNOR YOWELL,ARCHON,ARCHON,NATIONAL_ORG_LEADERSHIP,false,true,2022,2022,IRS_990_XML
362362161,PHI KAPPA PSI FRATERNITY,NATIONAL_PARENT,RON RANSOM,EXECUTIVE DIRECTOR,Director,NATIONAL_ORG_LEADERSHIP,true,true,2022,2022,IRS_990_XML
840405009,DELTA SIGMA PHI FRATERNITY INC NATIONAL HEADQUARTERS,NATIONAL_PARENT,THOMAS WISEMAN ARCHER,NATIONAL PRESIDENT,President,NATIONAL_ORG_LEADERSHIP,true,true,2022,2022,IRS_990_XML
840405009,DELTA SIGMA PHI FRATERNITY INC NATIONAL HEADQUARTERS,NATIONAL_PARENT,JOHN JENKINS,VICE PRESIDENT,President,NATIONAL_ORG_LEADERSHIP,true,true,2022,2022,IRS_990_XML
840405009,DELTA SIGMA PHI FRATERNITY INC NATIONAL HEADQUARTERS,NATIONAL_PARENT,BRAD SULLIVAN,SECRETARY/TREASURER,Treasurer,NATIONAL_ORG_LEADERSHIP,true,true,2022,2022,IRS_990_XML
237160987,TAU OF CHI OMEGA FRATERNITY HOUSE CORPORATION,HOUSE_CORPORATION,Lottie Mae Dawkins,President,President,HOUSE_CORPORATION_LEADERSHIP,true,false,2022 2025,2025,PROPUBLICA_OFFICERS_MIGRATED
746060984,TEXAS ALPHA HOUSE CORPORATION OF PI BETA PHI,HOUSE_CORPORATION,MEREDITH MILLER,VP HOUSING,Vice President,HOUSE_CORPORATION_LEADERSHIP,true,true,2022,2022,IRS_990_XML
746060984,TEXAS ALPHA HOUSE CORPORATION OF PI BETA PHI,HOUSE_CORPORATION,STACY BURNS,COMMUNITY LIAISON,COMMUNITY LIAISON,HOUSE_CORPORATION_LEADERSHIP,true,false,2022,2022,IRS_990_XML
746060984,TEXAS ALPHA HOUSE CORPORATION OF PI BETA PHI,HOUSE_CORPORATION,JOAN TALLEY,LANDSCAPING CHAIR,Chair,HOUSE_CORPORATION_LEADERSHIP,true,true,2022,2022,IRS_990_XML
740481786,ALPHA EPSILON PHI SORORITY OMEGA CHAPTER,LOCAL_CHAPTER_ENTITY,Sydney Blen,President,President,UNDERGRAD_CHAPTER_LEADERSHIP,true,false,2022,2022,IRS_990_XML
740481786,ALPHA EPSILON PHI SORORITY OMEGA CHAPTER,LOCAL_CHAPTER_ENTITY,Rebecca Nahavandi,Treasurer,Treasurer,UNDERGRAD_CHAPTER_LEADERSHIP,true,false,2022,2022,IRS_990_XML
740481786,ALPHA EPSILON PHI SORORITY OMEGA CHAPTER,LOCAL_CHAPTER_ENTITY,Brook Glickman,Scretary,Scretary,UNDERGRAD_CHAPTER_LEADERSHIP,true,false,2022,2022,IRS_990_XML
742930349,ETA ALPHA HOUSE CORPORATION OF KAPPA DELTA SORORITY,HOUSE_CORPORATION,KATHY QUINN,President/Treas,President,HOUSE_CORPORATION_LEADERSHIP,true,true,2023,2023,IRS_990_XML
742930349,ETA ALPHA HOUSE CORPORATION OF KAPPA DELTA SORORITY,HOUSE_CORPORATION,LIZ PRINCE,Vice President,President,HOUSE_CORPORATION_LEADERSHIP,true,true,2023,2023,IRS_990_XML
742930349,ETA ALPHA HOUSE CORPORATION OF KAPPA DELTA SORORITY,HOUSE_CORPORATION,JILL PECK,Secretary,Secretary,HOUSE_CORPORATION_LEADERSHIP,true,true,2023,2023,IRS_990_XML
742930349,ETA ALPHA HOUSE CORPORATION OF KAPPA DELTA SORORITY,HOUSE_CORPORATION,MEGAN JOHNSON,Asst Treasurer,Treasurer,HOUSE_CORPORATION_LEADERSHIP,true,true,2023,2023,IRS_990_XML
742930349,ETA ALPHA HOUSE CORPORATION OF KAPPA DELTA SORORITY,HOUSE_CORPORATION,TIFFANY BOULETT,Member,Member,HOUSE_CORPORATION_LEADERSHIP,false,true,2023,2023,IRS_990_XML
742930349,ETA ALPHA HOUSE CORPORATION OF KAPPA DELTA SORORITY,HOUSE_CORPORATION,SCARLETT COCCO,Member,Member,HOUSE_CORPORATION_LEADERSHIP,false,true,2023,2023,IRS_990_XML
742930349,ETA ALPHA HOUSE CORPORATION OF KAPPA DELTA SORORITY,HOUSE_CORPORATION,MIRANDA SAENZ,Member,Member,HOUSE_CORPORATION_LEADERSHIP,false,true,2023,2023,IRS_990_XML
350141875,ALPHA CHI OMEGA FRATERNITY INC,NATIONAL_PARENT,LYNNE BIGGIO HERNDON,NATIONAL PRESIDENT,President,NATIONAL_ORG_LEADERSHIP,true,true,2022,2022,IRS_990_XML
350141875,ALPHA CHI OMEGA FRATERNITY INC,NATIONAL_PARENT,LESLIE ABRAMSKY BLOCK,SECRETARY/TREASURER,Treasurer,NATIONAL_ORG_LEADERSHIP,true,true,2022,2022,IRS_990_XML
350141875,ALPHA CHI OMEGA FRATERNITY INC,NATIONAL_PARENT,JARITA ASKINS,VICE PRESIDENT,President,NATIONAL_ORG_LEADERSHIP,true,true,2022,2022,IRS_990_XML
350141875,ALPHA CHI OMEGA FRATERNITY INC,NATIONAL_PARENT,KELLI RODRIGUEZ CURRIE,VICE PRESIDENT,President,NATIONAL_ORG_LEADERSHIP,true,true,2022,2022,IRS_990_XML
350141875,ALPHA CHI OMEGA FRATERNITY INC,NATIONAL_PARENT,CASSIE GERHARDT,VICE PRESIDENT,President,NATIONAL_ORG_LEADERSHIP,true,true,2022,2022,IRS_990_XML
350141875,ALPHA CHI OMEGA FRATERNITY INC,NATIONAL_PARENT,JILL SABATINO LACY,VICE PRESIDENT,President,NATIONAL_ORG_LEADERSHIP,true,true,2022,2022,IRS_990_XML
350141875,ALPHA CHI OMEGA FRATERNITY INC,NATIONAL_PARENT,KATIE GAFFIN,CEO,Executive Director,NATIONAL_ORG_LEADERSHIP,true,true,2022,2022,IRS_990_XML
350141875,ALPHA CHI OMEGA FRATERNITY INC,NATIONAL_PARENT,JULIE GOLDSBERRY,SENIOR FINANCIAL CONTROLLER,SENIOR FINANCIAL CONTROLLER,NATIONAL_ORG_LEADERSHIP,true,false,2022,2022,IRS_990_XML
350141875,ALPHA CHI OMEGA FRATERNITY INC,NATIONAL_PARENT,MARSHA GRADY,CHIEF DEVELOPMENT OFFICER,CHIEF DEVELOPMENT OFFICER,NATIONAL_ORG_LEADERSHIP,false,false,2022,2022,IRS_990_XML
350141875,ALPHA CHI OMEGA FRATERNITY INC,NATIONAL_PARENT,AMY JO GABEL,SENIOR DIRECTOR OF HOUSING,Director,NATIONAL_ORG_LEADERSHIP,false,true,2022,2022,IRS_990_XML
350141875,ALPHA CHI OMEGA FRATERNITY INC,NATIONAL_PARENT,AMY MUSTAFA,SENIOR DIRECTOR OF EDUCATION,Director,NATIONAL_ORG_LEADERSHIP,false,true,2022,2022,IRS_990_XML
350141875,ALPHA CHI OMEGA FRATERNITY INC,NATIONAL_PARENT,JEN PATTERSON,SENIOR DIRECTOR OF COLLEGIATE EXPERIENCE,Director,NATIONAL_ORG_LEADERSHIP,false,true,2022,2022,IRS_990_XML
314221880,KAPPA KAPPA GAMMA FRATERNITY INC,NATIONAL_PARENT,MARIA BROWN,VICE PRESIDENT,President,NATIONAL_ORG_LEADERSHIP,true,true,2022,2022,IRS_990_XML
314221880,KAPPA KAPPA GAMMA FRATERNITY INC,NATIONAL_PARENT,MARY PAT ROONEY,PRESIDENT,President,NATIONAL_ORG_LEADERSHIP,true,true,2022,2022,IRS_990_XML
314221880,KAPPA KAPPA GAMMA FRATERNITY INC,NATIONAL_PARENT,NANCY CAMPBELL,VICE PRESIDENT,President,NATIONAL_ORG_LEADERSHIP,true,true,2022,2022,IRS_990_XML
314221880,KAPPA KAPPA GAMMA FRATERNITY INC,NATIONAL_PARENT,ELIZABETH WONG,VICE PRESIDENT,President,NATIONAL_ORG_LEADERSHIP,true,true,2022,2022,IRS_990_XML
314221880,KAPPA KAPPA GAMMA FRATERNITY INC,NATIONAL_PARENT,BARB GOETTELMAN,VICE PRESIDENT,President,NATIONAL_ORG_LEADERSHIP,true,true,2022,2022,IRS_990_XML
314221880,KAPPA KAPPA GAMMA FRATERNITY INC,NATIONAL_PARENT,KYLE DONNELLY,TREASURER,Treasurer,NATIONAL_ORG_LEADERSHIP,true,true,2022,2022,IRS_990_XML
314221880,KAPPA KAPPA GAMMA FRATERNITY INC,NATIONAL_PARENT,KARI KITTRELL POOLE,EXECUTIVE DIRECTOR,Director,NATIONAL_ORG_LEADERSHIP,true,true,2022,2022,IRS_990_XML
314221880,KAPPA KAPPA GAMMA FRATERNITY INC,NATIONAL_PARENT,KIRSTEN DEMUZIO,DIRECTOR OF FINANCE,Director,NATIONAL_ORG_LEADERSHIP,true,true,2022,2022,IRS_990_XML
741132046,KAPPA ALPHA ORDER,UNKNOWN,JOHN WINSLOW,NUMBER III,NUMBER III,UNKNOWN,true,false,2022,2022,IRS_990_XML
741132046,KAPPA ALPHA ORDER,UNKNOWN,JEREMY RUBIN,NUMBER IV,NUMBER IV,UNKNOWN,true,false,2022,2022,IRS_990_XML
741132046,KAPPA ALPHA ORDER,UNKNOWN,NICHOLAS HASTINGS,NUMBER V,NUMBER V,UNKNOWN,true,false,2022,2022,IRS_990_XML
741132046,KAPPA ALPHA ORDER,UNKNOWN,KOBE GEORGE,NUMBER VI,NUMBER VI,UNKNOWN,true,false,2022,2022,IRS_990_XML
741132046,KAPPA ALPHA ORDER,UNKNOWN,JASON YOO,NUMBER VII,NUMBER VII,UNKNOWN,true,false,2022,2022,IRS_990_XML
741132046,KAPPA ALPHA ORDER,UNKNOWN,MICHAEL GOOLSBY,NUMBER VIII,NUMBER VIII,UNKNOWN,true,false,2022,2022,IRS_990_XML
741132046,KAPPA ALPHA ORDER,UNKNOWN,CLAYTON KOCUREK,NUMBER IX,NUMBER IX,UNKNOWN,true,false,2022,2022,IRS_990_XML
742205743,KAPPA ALPHA ORDER,UNKNOWN,DIEGO CORDERO,NUMBER I,NUMBER I,UNKNOWN,true,false,2022,2022,IRS_990_XML
742205743,KAPPA ALPHA ORDER,UNKNOWN,HUNTER ROGERS,NUMBER II,NUMBER II,UNKNOWN,true,false,2022,2022,IRS_990_XML
742205743,KAPPA ALPHA ORDER,UNKNOWN,ANDREW STELLING,NUMBER III,NUMBER III,UNKNOWN,true,false,2022,2022,IRS_990_XML
742205743,KAPPA ALPHA ORDER,UNKNOWN,CAMERON MCCURRY,NUMBER IV,NUMBER IV,UNKNOWN,true,false,2022,2022,IRS_990_XML
742205743,KAPPA ALPHA ORDER,UNKNOWN,NELSON UDSTUEN,NUMBER V,NUMBER V,UNKNOWN,true,false,2022,2022,IRS_990_XML
742205743,KAPPA ALPHA ORDER,UNKNOWN,BLAINE HOLBROOKE,NUMBER VI,NUMBER VI,UNKNOWN,true,false,2022,2022,IRS_990_XML
742205743,KAPPA ALPHA ORDER,UNKNOWN,GARRETT LOUGHEAD,NUMBER VII,NUMBER VII,UNKNOWN,true,false,2022,2022,IRS_990_XML
742205743,KAPPA ALPHA ORDER,UNKNOWN,PRESTON SHANKS,NUMBER VIII,NUMBER VIII,UNKNOWN,true,false,2022,2022,IRS_990_XML
742205743,KAPPA ALPHA ORDER,UNKNOWN,JONATHON EASTIN,NUMBER IX,NUMBER IX,UNKNOWN,true,false,2022,2022,IRS_990_XML
620671306,KAPPA ALPHA ORDER,UNKNOWN,CONSTANTINE KARAS,I,I,UNKNOWN,true,false,2022,2022,IRS_990_XML
620671306,KAPPA ALPHA ORDER,UNKNOWN,ALEX LADEROUTE,II,II,UNKNOWN,true,false,2022,2022,IRS_990_XML
620671306,KAPPA ALPHA ORDER,UNKNOWN,HARPER MESSER,III,III,UNKNOWN,true,false,2022,2022,IRS_990_XML
620671306,KAPPA ALPHA ORDER,UNKNOWN,THOMAS BLEUMLE,IV,IV,UNKNOWN,true,false,2022,2022,IRS_990_XML
620671306,KAPPA ALPHA ORDER,UNKNOWN,TYLER MCMAHON,V,V,UNKNOWN,true,false,2022,2022,IRS_990_XML
620671306,KAPPA ALPHA ORDER,UNKNOWN,ANDREW KORT,VI,VI,UNKNOWN,true,false,2022,2022,IRS_990_XML
620671306,KAPPA ALPHA ORDER,UNKNOWN,JAMES MCKENNA,VII,VII,UNKNOWN,true,false,2022,2022,IRS_990_XML
620671306,KAPPA ALPHA ORDER,UNKNOWN,TYLER SHARPE,VIII,VIII,UNKNOWN,true,false,2022,2022,IRS_990_XML
620671306,KAPPA ALPHA ORDER,UNKNOWN,SACHIN GULATI,IX,IX,UNKNOWN,true,false,2022,2022,IRS_990_XML
370152140,ALPHA TAU OMEGA FRATERNITY,NATIONAL_PARENT,REVEREND G COMFORTED KEEN,CHAPLAIN,CHAPLAIN,NATIONAL_ORG_LEADERSHIP,false,true,2022,2022,IRS_990_XML
370152140,ALPHA TAU OMEGA FRATERNITY,NATIONAL_PARENT,ROBERT B O'NEAL,DIRECTOR,Director,NATIONAL_ORG_LEADERSHIP,false,true,2022,2022,IRS_990_XML
370152140,ALPHA TAU OMEGA FRATERNITY,NATIONAL_PARENT,G COBLE CAPERTON,DIRECTOR,Director,NATIONAL_ORG_LEADERSHIP,false,true,2022,2022,IRS_990_XML
370152140,ALPHA TAU OMEGA FRATERNITY,NATIONAL_PARENT,RYAN MAHONEY,DIRECTOR,Director,NATIONAL_ORG_LEADERSHIP,false,true,2022,2022,IRS_990_XML
370152140,ALPHA TAU OMEGA FRATERNITY,NATIONAL_PARENT,KEVIN E KYDE,SECRETARY,Secretary,NATIONAL_ORG_LEADERSHIP,true,true,2022,2022,IRS_990_XML
370152140,ALPHA TAU OMEGA FRATERNITY,NATIONAL_PARENT,AUSTIN F PENNINGTON,DIRECTOR,Director,NATIONAL_ORG_LEADERSHIP,false,true,2022,2022,IRS_990_XML
370152140,ALPHA TAU OMEGA FRATERNITY,NATIONAL_PARENT,GAVIN C CHINN,DIRECTOR,Director,NATIONAL_ORG_LEADERSHIP,false,true,2022,2022,IRS_990_XML
370152140,ALPHA TAU OMEGA FRATERNITY,NATIONAL_PARENT,SPENCER T CAPERTON,DIRECTOR,Director,NATIONAL_ORG_LEADERSHIP,false,true,2022,2022,IRS_990_XML
370152140,ALPHA TAU OMEGA FRATERNITY,NATIONAL_PARENT,HASKELL J ROSS III,DIRECTOR,Director,NATIONAL_ORG_LEADERSHIP,false,true,2022,2022,IRS_990_XML
370152140,ALPHA TAU OMEGA FRATERNITY,NATIONAL_PARENT,JOHN B MARION IV,DIRECTOR,Director,NATIONAL_ORG_LEADERSHIP,false,true,2022,2022,IRS_990_XML
370152140,ALPHA TAU OMEGA FRATERNITY,NATIONAL_PARENT,DANIEL C BLAND,DIRECTOR,Director,NATIONAL_ORG_LEADERSHIP,false,true,2022,2022,IRS_990_XML
370152140,ALPHA TAU OMEGA FRATERNITY,NATIONAL_PARENT,ROBERT G MCKENNEY,DIRECTOR,Director,NATIONAL_ORG_LEADERSHIP,false,true,2022,2022,IRS_990_XML
370152140,ALPHA TAU OMEGA FRATERNITY,NATIONAL_PARENT,JEFFERY J MILES,PRESIDENT,President,NATIONAL_ORG_LEADERSHIP,true,false,2022,2022,IRS_990_XML
370152140,ALPHA TAU OMEGA FRATERNITY,NATIONAL_PARENT,JOHN A MILLSPAUGH,VICE PRESIDENT,President,NATIONAL_ORG_LEADERSHIP,true,false,2022,2022,IRS_990_XML
370152140,ALPHA TAU OMEGA FRATERNITY,NATIONAL_PARENT,WYNN R SMILEY,CHIEF EXECUTIVE OFFICER,CHIEF EXECUTIVE OFFICER,NATIONAL_ORG_LEADERSHIP,true,false,2022,2022,IRS_990_XML
370152140,ALPHA TAU OMEGA FRATERNITY,NATIONAL_PARENT,DAVE KRUG,TREASURER,Treasurer,NATIONAL_ORG_LEADERSHIP,true,false,2022,2022,IRS_990_XML
251072670,ALPHA EPSILON PHI SORORITY INC,NATIONAL_PARENT,BONNIE WUNSCH,EXECUTIVE DI,EXECUTIVE DI,NATIONAL_ORG_LEADERSHIP,true,false,2022,2022,IRS_990_XML
251072670,ALPHA EPSILON PHI SORORITY INC,NATIONAL_PARENT,SHANNON COHEN BENSON,VP - GROWTH,Vice President,NATIONAL_ORG_LEADERSHIP,true,true,2022,2022,IRS_990_XML
251072670,ALPHA EPSILON PHI SORORITY INC,NATIONAL_PARENT,DENISE LAWRENCE CREVIN,VP - MEMBERS,Vice President,NATIONAL_ORG_LEADERSHIP,true,true,2022,2022,IRS_990_XML
251072670,ALPHA EPSILON PHI SORORITY INC,NATIONAL_PARENT,JENNIFER WERGER FELDMAN,VP - OPERATI,Vice President,NATIONAL_ORG_LEADERSHIP,true,true,2022,2022,IRS_990_XML
251072670,ALPHA EPSILON PHI SORORITY INC,NATIONAL_PARENT,MARY SOWDER LAKES,VP - ALUMNAE,Vice President,NATIONAL_ORG_LEADERSHIP,true,true,2022,2022,IRS_990_XML
251072670,ALPHA EPSILON PHI SORORITY INC,NATIONAL_PARENT,LISA SPECTOR MILLER,VP VOLUNTEER,Vice President,NATIONAL_ORG_LEADERSHIP,true,true,2022,2022,IRS_990_XML
251072670,ALPHA EPSILON PHI SORORITY INC,NATIONAL_PARENT,MARIANNE RESSLAR LANGNER,VP - FINANCE,Vice President,NATIONAL_ORG_LEADERSHIP,true,false,2022,2022,IRS_990_XML
251072670,ALPHA EPSILON PHI SORORITY INC,NATIONAL_PARENT,SHARON BLOCK RAPHAEL,PRESIDENT,President,NATIONAL_ORG_LEADERSHIP,true,false,2022,2022,IRS_990_XML
237235595,ALPHA GAMMA DELTA FRATERNITY,LOCAL_CHAPTER_ENTITY,ANNE LANGSTAFF BERNAUER,DIRECTOR,Director,UNDERGRAD_CHAPTER_LEADERSHIP,false,true,2021 2022,2022,IRS_990_XML
237235595,ALPHA GAMMA DELTA FRATERNITY,LOCAL_CHAPTER_ENTITY,LEIGH STUTTS HEIFNER,DIRECTOR,Director,UNDERGRAD_CHAPTER_LEADERSHIP,false,true,2021 2022,2022,IRS_990_XML
237235595,ALPHA GAMMA DELTA FRATERNITY,LOCAL_CHAPTER_ENTITY,MARTHA MCCORD,DIRECTOR,Director,UNDERGRAD_CHAPTER_LEADERSHIP,false,true,2021 2022,2022,IRS_990_XML
237235595,ALPHA GAMMA DELTA FRATERNITY,LOCAL_CHAPTER_ENTITY,NANCY SINIARD,DIRECTOR,Director,UNDERGRAD_CHAPTER_LEADERSHIP,false,true,2021 2022,2022,IRS_990_XML
237235595,ALPHA GAMMA DELTA FRATERNITY,LOCAL_CHAPTER_ENTITY,LISSA TYSON,DIRECTOR,Director,UNDERGRAD_CHAPTER_LEADERSHIP,false,true,2021 2022,2022,IRS_990_XML
237235595,ALPHA GAMMA DELTA FRATERNITY,LOCAL_CHAPTER_ENTITY,CHERRY H BRYANT,VICE PRESIDE,VICE PRESIDE,UNDERGRAD_CHAPTER_LEADERSHIP,true,false,2021 2022,2022,IRS_990_XML
237235595,ALPHA GAMMA DELTA FRATERNITY,LOCAL_CHAPTER_ENTITY,AMY HENDERSON,PRESIDENT,President,UNDERGRAD_CHAPTER_LEADERSHIP,true,false,2021 2022,2022,IRS_990_XML
237235595,ALPHA GAMMA DELTA FRATERNITY,LOCAL_CHAPTER_ENTITY,KAY MCGIFFERT,TREASURER,Treasurer,UNDERGRAD_CHAPTER_LEADERSHIP,true,false,2021 2022,2022,IRS_990_XML
237235595,ALPHA GAMMA DELTA FRATERNITY,LOCAL_CHAPTER_ENTITY,BECKY STRICKLAND,SECRETARY,Secretary,UNDERGRAD_CHAPTER_LEADERSHIP,true,false,2021 2022,2022,IRS_990_XML
451298367,UNIVERSITY OF ALABAMA CHAPTER OF THETA CHI HOUSING CORPORATION,HOUSE_CORPORATION,ROBERT BAUGH,AT LARGE,AT LARGE,HOUSE_CORPORATION_LEADERSHIP,false,true,2022,2022,IRS_990_XML
451298367,UNIVERSITY OF ALABAMA CHAPTER OF THETA CHI HOUSING CORPORATION,HOUSE_CORPORATION,COL DUANE LAMB,HOUSE MANAGE,HOUSE MANAGE,HOUSE_CORPORATION_LEADERSHIP,false,true,2022,2022,IRS_990_XML
451298367,UNIVERSITY OF ALABAMA CHAPTER OF THETA CHI HOUSING CORPORATION,HOUSE_CORPORATION,JOHN CONNELL,TREASURER,Treasurer,HOUSE_CORPORATION_LEADERSHIP,true,false,2022,2022,IRS_990_XML
636091968,THE NU BETA CHAPTER OF THE CHI OMEGA HOUSE ASSOCIATION INC,HOUSE_CORPORATION,LYNN ANDERSON,BOARD MEMBER,BOARD MEMBER,HOUSE_CORPORATION_LEADERSHIP,false,true,2022,2022,IRS_990_XML
636091968,THE NU BETA CHAPTER OF THE CHI OMEGA HOUSE ASSOCIATION INC,HOUSE_CORPORATION,CINDY PUGH,SECRETARY,Secretary,HOUSE_CORPORATION_LEADERSHIP,true,false,2022,2022,IRS_990_XML
636091968,THE NU BETA CHAPTER OF THE CHI OMEGA HOUSE ASSOCIATION INC,HOUSE_CORPORATION,KATHLEEN ROTH,PRESIDENT,President,HOUSE_CORPORATION_LEADERSHIP,true,false,2022,2022,IRS_990_XML
430349090,THE ALPHA KAPPA CHAPTER OF THE KAPPA ALPHA FRATERNITY,LOCAL_CHAPTER_ENTITY,JD ESTES,DIRECTOR,Director,UNDERGRAD_CHAPTER_LEADERSHIP,false,true,2022,2022,IRS_990_XML
430349090,THE ALPHA KAPPA CHAPTER OF THE KAPPA ALPHA FRATERNITY,LOCAL_CHAPTER_ENTITY,MATT MOSBY,TREASURER,Treasurer,UNDERGRAD_CHAPTER_LEADERSHIP,true,true,2022,2022,IRS_990_XML
430349090,THE ALPHA KAPPA CHAPTER OF THE KAPPA ALPHA FRATERNITY,LOCAL_CHAPTER_ENTITY,MIKE STUCKENSHNEIDER,PRESIDENT,President,UNDERGRAD_CHAPTER_LEADERSHIP,true,true,2022,2022,IRS_990_XML
716057345,DELTA DELTA DELTA FRATERNITY DELTA IOTA HOUSE CORP,HOUSE_CORPORATION,HANNAH MCNEILL,DIRECTOR,Director,HOUSE_CORPORATION_LEADERSHIP,false,true,2022,2022,IRS_990_XML
716057345,DELTA DELTA DELTA FRATERNITY DELTA IOTA HOUSE CORP,HOUSE_CORPORATION,CAITLYN BRYAN,DIRECTOR,Director,HOUSE_CORPORATION_LEADERSHIP,false,true,2022,2022,IRS_990_XML
716057345,DELTA DELTA DELTA FRATERNITY DELTA IOTA HOUSE CORP,HOUSE_CORPORATION,HOLLY WHEELER,TREASURER,Treasurer,HOUSE_CORPORATION_LEADERSHIP,true,false,2022,2022,IRS_990_XML
716057345,DELTA DELTA DELTA FRATERNITY DELTA IOTA HOUSE CORP,HOUSE_CORPORATION,MARY SCOGGINS YOUNG,SECRETARY,Secretary,HOUSE_CORPORATION_LEADERSHIP,true,false,2022,2022,IRS_990_XML
716057345,DELTA DELTA DELTA FRATERNITY DELTA IOTA HOUSE CORP,HOUSE_CORPORATION,KATHRYN GRIFFIN,PRESIDENT,President,HOUSE_CORPORATION_LEADERSHIP,true,false,2022,2022,IRS_990_XML
716057345,DELTA DELTA DELTA FRATERNITY DELTA IOTA HOUSE CORP,HOUSE_CORPORATION,CHARLOTTE DOWNS,VICE PRESIDENT,President,HOUSE_CORPORATION_LEADERSHIP,true,false,2022,2022,IRS_990_XML
621414737,BETA SIGMA OF SIGMA CHI HOUSE CORPORATION,HOUSE_CORPORATION,STEVEN BREWINGTON,DIRECTOR,Director,HOUSE_CORPORATION_LEADERSHIP,false,true,2022,2022,IRS_990_XML
621414737,BETA SIGMA OF SIGMA CHI HOUSE CORPORATION,HOUSE_CORPORATION,JAMES K ELLIS,DIRECTOR,Director,HOUSE_CORPORATION_LEADERSHIP,false,true,2022,2022,IRS_990_XML
621414737,BETA SIGMA OF SIGMA CHI HOUSE CORPORATION,HOUSE_CORPORATION,JOHN W FELTON,DIRECTOR,Director,HOUSE_CORPORATION_LEADERSHIP,false,true,2022,2022,IRS_990_XML
621414737,BETA SIGMA OF SIGMA CHI HOUSE CORPORATION,HOUSE_CORPORATION,CHRISTOPHER HEAGHERTY,DIRECTOR,Director,HOUSE_CORPORATION_LEADERSHIP,false,true,2022,2022,IRS_990_XML
621414737,BETA SIGMA OF SIGMA CHI HOUSE CORPORATION,HOUSE_CORPORATION,STEPHEN MCSTRAVICK,DIRECTOR,Director,HOUSE_CORPORATION_LEADERSHIP,false,true,2022,2022,IRS_990_XML
621414737,BETA SIGMA OF SIGMA CHI HOUSE CORPORATION,HOUSE_CORPORATION,WILLIAM K MITCHELL,DIRECTOR,Director,HOUSE_CORPORATION_LEADERSHIP,false,true,2022,2022,IRS_990_XML
621414737,BETA SIGMA OF SIGMA CHI HOUSE CORPORATION,HOUSE_CORPORATION,WILLIAM J FELTON,SECRETARY,Secretary,HOUSE_CORPORATION_LEADERSHIP,true,false,2022,2022,IRS_990_XML
621414737,BETA SIGMA OF SIGMA CHI HOUSE CORPORATION,HOUSE_CORPORATION,TOMMY SCHMID,PRESIDENT,President,HOUSE_CORPORATION_LEADERSHIP,true,false,2022,2022,IRS_990_XML
815056843,TAMU BETA THETA PI MOMS CLUB,UNKNOWN,Kathleen Wood,Volunteer,Volunteer,UNKNOWN,false,false,2023,2023,IRS_990_XML
221550561,ALPHA GAMMA DELTA FRATERNITY,NATIONAL_PARENT,LEE WOODHAM LANGUB,PRESIDENT,President,NATIONAL_ORG_LEADERSHIP,true,true,2022,2022,IRS_990_XML
221550561,ALPHA GAMMA DELTA FRATERNITY,NATIONAL_PARENT,DANI PICCIOTTI,VICE PRES - COLLEGIANS,VICE PRES - COLLEGIANS,NATIONAL_ORG_LEADERSHIP,true,true,2022,2022,IRS_990_XML
221550561,ALPHA GAMMA DELTA FRATERNITY,NATIONAL_PARENT,KALINA HAYNES,VICE PRES - PANHELLENIC AF,VICE PRES - PANHELLENIC AF,NATIONAL_ORG_LEADERSHIP,true,true,2022,2022,IRS_990_XML
221550561,ALPHA GAMMA DELTA FRATERNITY,NATIONAL_PARENT,KLAZINA VAN DEN BERG,VICE PRES - FINANCE,VICE PRES - FINANCE,NATIONAL_ORG_LEADERSHIP,true,true,2022,2022,IRS_990_XML
221550561,ALPHA GAMMA DELTA FRATERNITY,NATIONAL_PARENT,CATHERINE MATTHEWS,VICE PRES - EXTENSION,VICE PRES - EXTENSION,NATIONAL_ORG_LEADERSHIP,true,true,2022,2022,IRS_990_XML
221550561,ALPHA GAMMA DELTA FRATERNITY,NATIONAL_PARENT,JENNIFER MORES,VICE PRES - INTERNATIONAL,VICE PRES - INTERNATIONAL,NATIONAL_ORG_LEADERSHIP,true,true,2022,2022,IRS_990_XML
221550561,ALPHA GAMMA DELTA FRATERNITY,NATIONAL_PARENT,ANDREA PENDLETON,VICE PRES - INTERNATIONAL,VICE PRES - INTERNATIONAL,NATIONAL_ORG_LEADERSHIP,true,true,2022,2022,IRS_990_XML
221550561,ALPHA GAMMA DELTA FRATERNITY,NATIONAL_PARENT,KATIE ABERNATHY,CHIEF EXECUTIVE DIRECTOR,Director,NATIONAL_ORG_LEADERSHIP,true,true,2022,2022,IRS_990_XML
451298367,UNIVERSITY OF ALABAMA CHAPTER OF THETA CHI HOUSING CORPORATION,HOUSE_CORPORATION,JAKE ROGERS,VICE PRESIDE,VICE PRESIDE,HOUSE_CORPORATION_LEADERSHIP,true,false,2022,2022,IRS_990_XML
451298367,UNIVERSITY OF ALABAMA CHAPTER OF THETA CHI HOUSING CORPORATION,HOUSE_CORPORATION,MIKE ROWELL,SECRETARY,Secretary,HOUSE_CORPORATION_LEADERSHIP,true,false,2022,2022,IRS_990_XML
451298367,UNIVERSITY OF ALABAMA CHAPTER OF THETA CHI HOUSING CORPORATION,HOUSE_CORPORATION,WESLEY WICKER,PRESIDENT,President,HOUSE_CORPORATION_LEADERSHIP,true,false,2022,2022,IRS_990_XML
862447294,TAU KAPPA EPSILON FRATERNITY OMICRON-XI CHAPTER INC,LOCAL_CHAPTER_ENTITY,Carter Scott,President,President,UNDERGRAD_CHAPTER_LEADERSHIP,true,false,2023,2023,IRS_990_XML
862447294,TAU KAPPA EPSILON FRATERNITY OMICRON-XI CHAPTER INC,LOCAL_CHAPTER_ENTITY,Kurt Ruedy,Vice President,President,UNDERGRAD_CHAPTER_LEADERSHIP,true,false,2023,2023,IRS_990_XML
862447294,TAU KAPPA EPSILON FRATERNITY OMICRON-XI CHAPTER INC,LOCAL_CHAPTER_ENTITY,Lucas Brooks,Secretary,Secretary,UNDERGRAD_CHAPTER_LEADERSHIP,true,false,2023,2023,IRS_990_XML
862447294,TAU KAPPA EPSILON FRATERNITY OMICRON-XI CHAPTER INC,LOCAL_CHAPTER_ENTITY,Robert Cheney,Treasurer,Treasurer,UNDERGRAD_CHAPTER_LEADERSHIP,true,false,2023,2023,IRS_990_XML
862447294,TAU KAPPA EPSILON FRATERNITY OMICRON-XI CHAPTER INC,LOCAL_CHAPTER_ENTITY,Ralph Curra,Alumni Recruitment and Interaction Chair,Chair,UNDERGRAD_CHAPTER_LEADERSHIP,false,true,2023,2023,IRS_990_XML
862447294,TAU KAPPA EPSILON FRATERNITY OMICRON-XI CHAPTER INC,LOCAL_CHAPTER_ENTITY,Charles Cowart,Chaplain,Chaplain,UNDERGRAD_CHAPTER_LEADERSHIP,false,false,2023,2023,IRS_990_XML
862447294,TAU KAPPA EPSILON FRATERNITY OMICRON-XI CHAPTER INC,LOCAL_CHAPTER_ENTITY,Preston Lloyd,Philanthropy Chair,Chair,UNDERGRAD_CHAPTER_LEADERSHIP,false,true,2023,2023,IRS_990_XML
862447294,TAU KAPPA EPSILON FRATERNITY OMICRON-XI CHAPTER INC,LOCAL_CHAPTER_ENTITY,Brooks Norpel,Sergeant at Arms,Sergeant at Arms,UNDERGRAD_CHAPTER_LEADERSHIP,false,false,2023,2023,IRS_990_XML
454843177,ALPHA ALPHA DELTA OF CHI PSI ADVISORY BOARD INCORPORATED,UNKNOWN,Bob Klingensmith,"Director, Chairman",Chair,UNKNOWN,false,true,2021,2021,IRS_990_XML
454843177,ALPHA ALPHA DELTA OF CHI PSI ADVISORY BOARD INCORPORATED,UNKNOWN,David Hagaman,"Director, Secretary",Secretary,UNKNOWN,true,false,2021,2021,IRS_990_XML
454843177,ALPHA ALPHA DELTA OF CHI PSI ADVISORY BOARD INCORPORATED,UNKNOWN,John Binder,"Director, Treasurer",Treasurer,UNKNOWN,true,false,2021,2021,IRS_990_XML
454843177,ALPHA ALPHA DELTA OF CHI PSI ADVISORY BOARD INCORPORATED,UNKNOWN,Charles Autry,"Director, Legal Advisor",Director,UNKNOWN,false,true,2021,2021,IRS_990_XML
454843177,ALPHA ALPHA DELTA OF CHI PSI ADVISORY BOARD INCORPORATED,UNKNOWN,Josh DeFee,Director,Director,UNKNOWN,false,true,2021,2021,IRS_990_XML
454843177,ALPHA ALPHA DELTA OF CHI PSI ADVISORY BOARD INCORPORATED,UNKNOWN,Matthew Fasnacht,Director,Director,UNKNOWN,false,true,2021,2021,IRS_990_XML
208655786,GAMMA CHI CHAPTER OF THE ALPHA EPSILON PI CHAPTER,LOCAL_CHAPTER_ENTITY,Gal Mor,Treasurer,Treasurer,UNDERGRAD_CHAPTER_LEADERSHIP,true,false,2023,2023,IRS_990_XML
741116912,SIGMA CHI FRATERNITY,LOCAL_CHAPTER_ENTITY,LUKE MACIAK,CONSUL,CONSUL,UNDERGRAD_CHAPTER_LEADERSHIP,true,true,2022,2022,IRS_990_XML
741116912,SIGMA CHI FRATERNITY,LOCAL_CHAPTER_ENTITY,PATRICK TRAYNOR,PRO CONSUL,PRO CONSUL,UNDERGRAD_CHAPTER_LEADERSHIP,true,true,2022,2022,IRS_990_XML
741116912,SIGMA CHI FRATERNITY,LOCAL_CHAPTER_ENTITY,NATHAN SPENCER,ANNOTATOR,ANNOTATOR,UNDERGRAD_CHAPTER_LEADERSHIP,true,true,2022,2022,IRS_990_XML
741116912,SIGMA CHI FRATERNITY,LOCAL_CHAPTER_ENTITY,TYLER GUSTAFSON,QUAESTOR,QUAESTOR,UNDERGRAD_CHAPTER_LEADERSHIP,true,true,2022,2022,IRS_990_XML
741116912,SIGMA CHI FRATERNITY,LOCAL_CHAPTER_ENTITY,TRAVIS CUMMINS,RECRUITMENT CO-CHAIR,Chair,UNDERGRAD_CHAPTER_LEADERSHIP,true,true,2022,2022,IRS_990_XML
741116912,SIGMA CHI FRATERNITY,LOCAL_CHAPTER_ENTITY,JACKSON CONNER,TRIBUNE,TRIBUNE,UNDERGRAD_CHAPTER_LEADERSHIP,true,true,2022,2022,IRS_990_XML
741116912,SIGMA CHI FRATERNITY,LOCAL_CHAPTER_ENTITY,MATT CHASE,MAGISTER,MAGISTER,UNDERGRAD_CHAPTER_LEADERSHIP,true,true,2022,2022,IRS_990_XML
741116912,SIGMA CHI FRATERNITY,LOCAL_CHAPTER_ENTITY,JAKE SKELTON,RISK MANAGER,RISK MANAGER,UNDERGRAD_CHAPTER_LEADERSHIP,true,true,2022,2022,IRS_990_XML
741116912,SIGMA CHI FRATERNITY,LOCAL_CHAPTER_ENTITY,CHRIS STAHL,SOCIAL CO-CHAIR,Chair,UNDERGRAD_CHAPTER_LEADERSHIP,true,true,2022,2022,IRS_990_XML
741116912,SIGMA CHI FRATERNITY,LOCAL_CHAPTER_ENTITY,CARSON WITTEN,SOCIAL CO-CHAIR,Chair,UNDERGRAD_CHAPTER_LEADERSHIP,true,true,2022,2022,IRS_990_XML
741116912,SIGMA CHI FRATERNITY,LOCAL_CHAPTER_ENTITY,THANE JOHANNSEN,HOUSE MANAGER,HOUSE MANAGER,UNDERGRAD_CHAPTER_LEADERSHIP,true,true,2022,2022,IRS_990_XML
741116912,SIGMA CHI FRATERNITY,LOCAL_CHAPTER_ENTITY,DAVID BOCKELMAN,SCHOLARSHIP,SCHOLARSHIP,UNDERGRAD_CHAPTER_LEADERSHIP,true,true,2022,2022,IRS_990_XML
741116912,SIGMA CHI FRATERNITY,LOCAL_CHAPTER_ENTITY,BO PARHAM,RECRUITMENT CO-CHAIR,Chair,UNDERGRAD_CHAPTER_LEADERSHIP,true,true,2022,2022,IRS_990_XML
741116912,SIGMA CHI FRATERNITY,LOCAL_CHAPTER_ENTITY,ROHAN RUMALLA,STEWARD,STEWARD,UNDERGRAD_CHAPTER_LEADERSHIP,true,true,2022,2022,IRS_990_XML
311353726,DELTA ZETA NATIONAL HOUSING CORPORATION,NATIONAL_PARENT,CYNTHIA WINSLOW MENGES,SECRETARY,Secretary,NATIONAL_ORG_LEADERSHIP,true,true,2022,2022,IRS_990_XML
311353726,DELTA ZETA NATIONAL HOUSING CORPORATION,NATIONAL_PARENT,MICHELLE ALBRECHT SMITH,PRESIDENT,President,NATIONAL_ORG_LEADERSHIP,true,true,2022,2022,IRS_990_XML
311353726,DELTA ZETA NATIONAL HOUSING CORPORATION,NATIONAL_PARENT,KIM JACUKIEWICZ RODMAN,VICE PRESIDENT LOCAL HOUSING,President,NATIONAL_ORG_LEADERSHIP,true,true,2022,2022,IRS_990_XML
646027408,MISSISSIPPI BETA OF PI BETA PHI HOUSE ASSOCIATION INC,HOUSE_CORPORATION,MARLENE WESTFAUL HOLMES,DIRECTOR,Director,HOUSE_CORPORATION_LEADERSHIP,false,true,2022,2022,IRS_990_XML
580638489,ALPHA DELTA PI SORORITY,NATIONAL_PARENT,DAWN VICTOR-HERRING,INTERNATIONAL PRESIDENT,President,NATIONAL_ORG_LEADERSHIP,true,true,2022,2022,IRS_990_XML
580638489,ALPHA DELTA PI SORORITY,NATIONAL_PARENT,JACQUELYN HONTALAS,INTERNATIONAL VP/TREASURER,Vice President,NATIONAL_ORG_LEADERSHIP,true,true,2022,2022,IRS_990_XML
580638489,ALPHA DELTA PI SORORITY,NATIONAL_PARENT,SARAH DAVIS-CANDETO,INTERNATIONAL VP/ SECRETAR,Vice President,NATIONAL_ORG_LEADERSHIP,true,true,2022,2022,IRS_990_XML
580638489,ALPHA DELTA PI SORORITY,NATIONAL_PARENT,JENNIFER BROWN ARENDS,INTERNATIONAL VICE PRESIDE,INTERNATIONAL VICE PRESIDE,NATIONAL_ORG_LEADERSHIP,true,true,2022,2022,IRS_990_XML
580638489,ALPHA DELTA PI SORORITY,NATIONAL_PARENT,JESSICA CARR BELCHER,INTERNATIONAL VICE PRESIDE,INTERNATIONAL VICE PRESIDE,NATIONAL_ORG_LEADERSHIP,true,true,2022,2022,IRS_990_XML
580638489,ALPHA DELTA PI SORORITY,NATIONAL_PARENT,TIFFANY EISENBISE,INTERNATIONAL VICE PRESIDE,INTERNATIONAL VICE PRESIDE,NATIONAL_ORG_LEADERSHIP,true,true,2022,2022,IRS_990_XML
580638489,ALPHA DELTA PI SORORITY,NATIONAL_PARENT,EBONY ROSE,INTERNATIONAL VICE PRESIDE,INTERNATIONAL VICE PRESIDE,NATIONAL_ORG_LEADERSHIP,true,true,2022,2022,IRS_990_XML
580638489,ALPHA DELTA PI SORORITY,NATIONAL_PARENT,AMANDA SLOAN,EXECUTIVE DIRECTOR,Director,NATIONAL_ORG_LEADERSHIP,true,true,2022,2022,IRS_990_XML
580638489,ALPHA DELTA PI SORORITY,NATIONAL_PARENT,THOMAS OATES,DIRECTOR OF IT,Director,NATIONAL_ORG_LEADERSHIP,false,true,2022,2022,IRS_990_XML
580638489,ALPHA DELTA PI SORORITY,NATIONAL_PARENT,JENNIFER DICKINSON,SR DIRECTOR OF MEMBERSHIP,Director,NATIONAL_ORG_LEADERSHIP,false,true,2022,2022,IRS_990_XML
580638489,ALPHA DELTA PI SORORITY,NATIONAL_PARENT,ELIZABETH WRIGHT,SR DIRECTOR OF MKTG AND COMM,Director,NATIONAL_ORG_LEADERSHIP,false,true,2022,2022,IRS_990_XML
311353726,DELTA ZETA NATIONAL HOUSING CORPORATION,NATIONAL_PARENT,CATHY IRVIN PAINTER,VICE PRESIDENT OF FINANCE,President,NATIONAL_ORG_LEADERSHIP,true,true,2022,2022,IRS_990_XML
352103442,ALPHA XI DELTA NATIONAL HOUSING CORPORATION INC,NATIONAL_PARENT,ERIN MACDONALD PECK,PRESIDENT,President,NATIONAL_ORG_LEADERSHIP,true,true,2022,2022,IRS_990_XML
352103442,ALPHA XI DELTA NATIONAL HOUSING CORPORATION INC,NATIONAL_PARENT,JENNIFER UMBERGER,SECRETARY/TREASURER,Treasurer,NATIONAL_ORG_LEADERSHIP,true,true,2022,2022,IRS_990_XML
352103442,ALPHA XI DELTA NATIONAL HOUSING CORPORATION INC,NATIONAL_PARENT,BECKY RICHTER PERRETT,NATIONAL PRESIDENT,President,NATIONAL_ORG_LEADERSHIP,true,true,2022,2022,IRS_990_XML
352103442,ALPHA XI DELTA NATIONAL HOUSING CORPORATION INC,NATIONAL_PARENT,MEGAN MCGOWAN CROUCH,NATIONAL VICE PRESIDENT,President,NATIONAL_ORG_LEADERSHIP,true,true,2022,2022,IRS_990_XML
352103442,ALPHA XI DELTA NATIONAL HOUSING CORPORATION INC,NATIONAL_PARENT,CARRIE KASHAWLIC,DIRECTOR,Director,NATIONAL_ORG_LEADERSHIP,false,true,2022,2022,IRS_990_XML
352103442,ALPHA XI DELTA NATIONAL HOUSING CORPORATION INC,NATIONAL_PARENT,JACKLYN OLINGER,DIRECTOR,Director,NATIONAL_ORG_LEADERSHIP,false,true,2022,2022,IRS_990_XML
352103442,ALPHA XI DELTA NATIONAL HOUSING CORPORATION INC,NATIONAL_PARENT,ALICIA WOO SADLER,DIRECTOR,Director,NATIONAL_ORG_LEADERSHIP,false,true,2022,2022,IRS_990_XML
352103442,ALPHA XI DELTA NATIONAL HOUSING CORPORATION INC,NATIONAL_PARENT,RACHEL WHITE,DIRECTOR,Director,NATIONAL_ORG_LEADERSHIP,false,true,2022,2022,IRS_990_XML
352103442,ALPHA XI DELTA NATIONAL HOUSING CORPORATION INC,NATIONAL_PARENT,ANNE TEMPLETON LAMALVA,DIRECTOR,Director,NATIONAL_ORG_LEADERSHIP,false,true,2022,2022,IRS_990_XML
352103442,ALPHA XI DELTA NATIONAL HOUSING CORPORATION INC,NATIONAL_PARENT,LORI HOLT,DIRECTOR OF FINANCE,Director,NATIONAL_ORG_LEADERSHIP,true,true,2022,2022,IRS_990_XML
352103442,ALPHA XI DELTA NATIONAL HOUSING CORPORATION INC,NATIONAL_PARENT,ELYSIA BALSTER GALLIVAN,NATIONAL EXEC. DIRECTOR,Director,NATIONAL_ORG_LEADERSHIP,true,true,2022,2022,IRS_990_XML
474051390,DELTA SIGMA CHAPTER OF ALPHA DELTA PI HOUSE CORPORATION,HOUSE_CORPORATION,WENDI NOAKES,DIRECTOR,Director,HOUSE_CORPORATION_LEADERSHIP,false,true,2025,2025,PROPUBLICA_OFFICERS_MIGRATED
474051390,DELTA SIGMA CHAPTER OF ALPHA DELTA PI HOUSE CORPORATION,HOUSE_CORPORATION,ANNA LAUREN HEAVNER,DIRECTOR,Director,HOUSE_CORPORATION_LEADERSHIP,false,true,2025,2025,PROPUBLICA_OFFICERS_MIGRATED
474051390,DELTA SIGMA CHAPTER OF ALPHA DELTA PI HOUSE CORPORATION,HOUSE_CORPORATION,POLLYANNA HEER,DIRECTOR,Director,HOUSE_CORPORATION_LEADERSHIP,false,true,2025,2025,PROPUBLICA_OFFICERS_MIGRATED
474051390,DELTA SIGMA CHAPTER OF ALPHA DELTA PI HOUSE CORPORATION,HOUSE_CORPORATION,LESLIE BYNES CORSO,TREASURER,Treasurer,HOUSE_CORPORATION_LEADERSHIP,true,false,2025,2025,PROPUBLICA_OFFICERS_MIGRATED
237160987,TAU OF CHI OMEGA FRATERNITY HOUSE CORPORATION,HOUSE_CORPORATION,Beth Doty,Treasurer,Treasurer,HOUSE_CORPORATION_LEADERSHIP,true,false,2022 2025,2025,PROPUBLICA_OFFICERS_MIGRATED
237160987,TAU OF CHI OMEGA FRATERNITY HOUSE CORPORATION,HOUSE_CORPORATION,Taura Luber,Secretary,Secretary,HOUSE_CORPORATION_LEADERSHIP,true,false,2025,2025,PROPUBLICA_OFFICERS_MIGRATED
932302343,CHAPTER HOUSE ASSOCIATION OF PI CHAPTER OF THE DELTA TAU DELTA FRA,HOUSE_CORPORATION,Avery Willis,President,President,HOUSE_CORPORATION_LEADERSHIP,true,false,2025,2025,PROPUBLICA_OFFICERS_MIGRATED
932302343,CHAPTER HOUSE ASSOCIATION OF PI CHAPTER OF THE DELTA TAU DELTA FRA,HOUSE_CORPORATION,Eric Thieret,Treasurer,Treasurer,HOUSE_CORPORATION_LEADERSHIP,true,false,2025,2025,PROPUBLICA_OFFICERS_MIGRATED
840405009,DELTA SIGMA PHI FRATERNITY INC NATIONAL HEADQUARTERS,NATIONAL_PARENT,DIVYESH JEVTANI,DIRECTOR,Director,NATIONAL_ORG_LEADERSHIP,false,true,2022,2022,IRS_990_XML
840405009,DELTA SIGMA PHI FRATERNITY INC NATIONAL HEADQUARTERS,NATIONAL_PARENT,GAVIN MURPHY,DIRECTOR,Director,NATIONAL_ORG_LEADERSHIP,false,true,2022,2022,IRS_990_XML
840405009,DELTA SIGMA PHI FRATERNITY INC NATIONAL HEADQUARTERS,NATIONAL_PARENT,TOM SETO,DIRECTOR,Director,NATIONAL_ORG_LEADERSHIP,false,true,2022,2022,IRS_990_XML
840405009,DELTA SIGMA PHI FRATERNITY INC NATIONAL HEADQUARTERS,NATIONAL_PARENT,ROBERT TERHELL,DIRECTOR,Director,NATIONAL_ORG_LEADERSHIP,false,true,2022,2022,IRS_990_XML
840405009,DELTA SIGMA PHI FRATERNITY INC NATIONAL HEADQUARTERS,NATIONAL_PARENT,JOHN WALDEN,DIRECTOR,Director,NATIONAL_ORG_LEADERSHIP,false,true,2022,2022,IRS_990_XML
840405009,DELTA SIGMA PHI FRATERNITY INC NATIONAL HEADQUARTERS,NATIONAL_PARENT,PHIL RODRIGUEZ,EXECUTIVE DIRECTOR,Director,NATIONAL_ORG_LEADERSHIP,true,true,2022,2022,IRS_990_XML
840405009,DELTA SIGMA PHI FRATERNITY INC NATIONAL HEADQUARTERS,NATIONAL_PARENT,COURTNEY WILLIAMS,CHIEF FINANCIAL OFFICER,CHIEF FINANCIAL OFFICER,NATIONAL_ORG_LEADERSHIP,true,false,2022,2022,IRS_990_XML
840405009,DELTA SIGMA PHI FRATERNITY INC NATIONAL HEADQUARTERS,NATIONAL_PARENT,NATHAN WIGHT,CHIEF ADVANCEMENT OFFICER,CHIEF ADVANCEMENT OFFICER,NATIONAL_ORG_LEADERSHIP,false,false,2022,2022,IRS_990_XML
474051390,DELTA SIGMA CHAPTER OF ALPHA DELTA PI HOUSE CORPORATION,HOUSE_CORPORATION,TINA BARNETT HOWELL,DIRECTOR,Director,HOUSE_CORPORATION_LEADERSHIP,false,true,2025,2025,PROPUBLICA_OFFICERS_MIGRATED
474051390,DELTA SIGMA CHAPTER OF ALPHA DELTA PI HOUSE CORPORATION,HOUSE_CORPORATION,MARY WHITAKER,DIRECTOR,Director,HOUSE_CORPORATION_LEADERSHIP,false,true,2025,2025,PROPUBLICA_OFFICERS_MIGRATED
474051390,DELTA SIGMA CHAPTER OF ALPHA DELTA PI HOUSE CORPORATION,HOUSE_CORPORATION,SAMANTHA THOMAS,DIRECTOR,Director,HOUSE_CORPORATION_LEADERSHIP,false,true,2025,2025,PROPUBLICA_OFFICERS_MIGRATED
474051390,DELTA SIGMA CHAPTER OF ALPHA DELTA PI HOUSE CORPORATION,HOUSE_CORPORATION,CHERYL GILLIS OGLESBY,PRESIDENT,President,HOUSE_CORPORATION_LEADERSHIP,true,false,2025,2025,PROPUBLICA_OFFICERS_MIGRATED
474051390,DELTA SIGMA CHAPTER OF ALPHA DELTA PI HOUSE CORPORATION,HOUSE_CORPORATION,MELANIE LANDRUM WOODALL,SECRETARY,Secretary,HOUSE_CORPORATION_LEADERSHIP,true,false,2025,2025,PROPUBLICA_OFFICERS_MIGRATED
237160987,TAU OF CHI OMEGA FRATERNITY HOUSE CORPORATION,HOUSE_CORPORATION,Maury Ball,Vice President,President,HOUSE_CORPORATION_LEADERSHIP,true,false,2025,2025,PROPUBLICA_OFFICERS_MIGRATED
932302343,CHAPTER HOUSE ASSOCIATION OF PI CHAPTER OF THE DELTA TAU DELTA FRA,HOUSE_CORPORATION,Brad Garrett,Vice President,President,HOUSE_CORPORATION_LEADERSHIP,true,false,2025,2025,PROPUBLICA_OFFICERS_MIGRATED
932302343,CHAPTER HOUSE ASSOCIATION OF PI CHAPTER OF THE DELTA TAU DELTA FRA,HOUSE_CORPORATION,Amy Flanagan,Secretary,Secretary,HOUSE_CORPORATION_LEADERSHIP,true,false,2025,2025,PROPUBLICA_OFFICERS_MIGRATED