ein,legal_name,entity_type,entity_type_confidence,city,state,zip,irs_subsection,ntee_code,affiliation_code,group_exemption_number,asset_amt,income_amt,source
273573808,SIGMA GAMMA RHO SORORITY INC,LOCAL_CHAPTER_ENTITY,MEDIUM,TUSCALOOSA,AL,35405-3533,07,,9,1540,,,IRS_EO_BMF
311360149,ZETA CHI CHAPTER OF SIGMA GAMMA RHO SORORITY,LOCAL_CHAPTER_ENTITY,MEDIUM,TUSCALOOSA,AL,35405-6737,07,B83,3,,,,IRS_EO_BMF
800761749,SIGMA GAMMA RHO SORORITY INC,LOCAL_CHAPTER_ENTITY,MEDIUM,TUSCALOOSA,AL,35405-6391,07,,9,1540,,,IRS_EO_BMF
350868356,PHI DELTA THETA FRATERNITY,LOCAL_CHAPTER_ENTITY,MEDIUM,TUSCALOOSA,AL,35403-1880,07,,9,0164,2930,238046,IRS_EO_BMF
592339079,PHI DELTA THETA FRATERNITY,LOCAL_CHAPTER_ENTITY,MEDIUM,TUSCALOOSA,AL,35403-1880,07,,9,0164,2587,195306,IRS_EO_BMF
593282583,PHI DELTA THETA CHAPTER HOUSE ASSOCIATION INC,HOUSE_CORPORATION,HIGH,TUSCALOOSA,AL,35403-1880,02,,3,,2522667,902549,IRS_EO_BMF
630164075,PHI DELTA THETA FRATERNITY,LOCAL_CHAPTER_ENTITY,MEDIUM,TUSCALOOSA,AL,35403-1880,07,,9,0164,41920,391035,IRS_EO_BMF
631053272,PHI DELTA THETA FRATERNITY,LOCAL_CHAPTER_ENTITY,MEDIUM,TUSCALOOSA,AL,35403-1880,07,,3,,5237322,1449098,IRS_EO_BMF
510174157,OMEGA PSI PHI FRATERNITY,LOCAL_CHAPTER_ENTITY,MEDIUM,TUSCALOOSA,AL,35404-2635,07,B83,3,,,,IRS_EO_BMF
631057744,ALPHA TAU CHAPTER OMEGA PSI PHI FRATERNITY INC,LOCAL_CHAPTER_ENTITY,MEDIUM,TUSCALOOSA,AL,35401-4204,07,N50,3,,,,IRS_EO_BMF
923434277,PHI SIGMA RHO SORORITY - BETA ALPHA CHAPTER,LOCAL_CHAPTER_ENTITY,MEDIUM,TUSCALOOSA,AL,35487-0001,07,,9,5641,,,IRS_EO_BMF
596135388,CHI OMEGA HOUSING CORPORATION,HOUSE_CORPORATION,HIGH,TUSCALOOSA,AL,35403-1880,07,,2,,4820032,1178834,IRS_EO_BMF
636091968,THE NU BETA CHAPTER OF THE CHI OMEGA HOUSE ASSOCIATION INC,HOUSE_CORPORATION,HIGH,TUSCALOOSA,AL,35403-1880,07,,3,,20644492,5100402,IRS_EO_BMF
453236916,CHI OMEGA FRATERNITY,LOCAL_CHAPTER_ENTITY,MEDIUM,TUSCALOOSA,AL,35406-2870,07,,9,0276,,,IRS_EO_BMF
636050290,CHI OMEGA FRATERNITY,LOCAL_CHAPTER_ENTITY,MEDIUM,TUSCALOOSA,AL,35403-1880,07,,9,0273,575949,938011,IRS_EO_BMF
640392826,CHI OMEGA FRATERNITY,LOCAL_CHAPTER_ENTITY,MEDIUM,TUSCALOOSA,AL,35403-1880,07,,9,0273,271299,458461,IRS_EO_BMF
264170711,UNIVERSITY OF ALABAMA CHAPTER OF SIGMA PI FRATERNITY HOUSING,LOCAL_CHAPTER_ENTITY,MEDIUM,TUSCALOOSA,AL,35403-3117,07,,3,,2685049,1073693,IRS_EO_BMF
371866424,SIGMA PI MISSISSIPPI HOUSE CORPORATION,HOUSE_CORPORATION,HIGH,TUSCALOOSA,AL,35403-3117,07,B83,3,,390197,1057820,IRS_EO_BMF
630893932,PHI MU HOUSE CORPORATION,HOUSE_CORPORATION,HIGH,TUSCALOOSA,AL,35403-1880,07,,3,,21249508,4151227,IRS_EO_BMF
640723232,KAPPA ALPHA CHAPTER OF PHI MU FRATERNITY HOUSE CORPORATION,HOUSE_CORPORATION,HIGH,TUSCALOOSA,AL,35403-3117,07,,3,,8358600,2019866,IRS_EO_BMF
560548249,PHI GAMMA DELTA FRATERNITY,LOCAL_CHAPTER_ENTITY,MEDIUM,TUSCALOOSA,AL,35403-1880,07,,9,0204,39605,800977,IRS_EO_BMF
630164080,PHI GAMMA DELTA FRATERNITY,LOCAL_CHAPTER_ENTITY,MEDIUM,TUSCALOOSA,AL,35403-3117,07,,9,0204,66589,1789378,IRS_EO_BMF
586074021,PHI KAPPA THETA FRATERNITY,LOCAL_CHAPTER_ENTITY,MEDIUM,ATHENS,GA,30605-1250,07,Y42,3,,,,IRS_EO_BMF
636103404,PHI GAMMA DELTA FRATERNITY,LOCAL_CHAPTER_ENTITY,MEDIUM,TUSCALOOSA,AL,35403-3117,07,,9,0204,4002528,1218149,IRS_EO_BMF
510207397,ZETA PHI BETA SORORITY INC,LOCAL_CHAPTER_ENTITY,MEDIUM,TUSCALOOSA,AL,35403-2656,07,,9,1474,,,IRS_EO_BMF
521345275,ZETA PHI BETA SORORITY INC,LOCAL_CHAPTER_ENTITY,MEDIUM,TUSCALOOSA,AL,35403-2656,07,,9,1474,,,IRS_EO_BMF
380293927,SIGMA KAPPA CORPORATION,UNKNOWN,LOW,TUSCALOOSA,AL,35403-1880,07,,3,,1794931,693386,IRS_EO_BMF
630458038,PHI KAPPA PSI FRATERNITY ALABAMA ALPHA CHAPTER,LOCAL_CHAPTER_ENTITY,MEDIUM,TUSCALOOSA,AL,35406-1731,07,B83,3,,929843,2155530,IRS_EO_BMF
420467540,PHI KAPPA PSI FRATERNITY,LOCAL_CHAPTER_ENTITY,MEDIUM,TUSCALOOSA,AL,35403-1880,07,,9,0301,151556,710015,IRS_EO_BMF
936036290,PHI KAPPA PSI FRATERNITY,LOCAL_CHAPTER_ENTITY,MEDIUM,TUSCALOOSA,AL,35403-1880,07,,9,0301,53361,623851,IRS_EO_BMF
320257409,BETA MU HOUSE CORP OF ALPHA PHI INTERNATIONAL FRATERNITY INC,HOUSE_CORPORATION,HIGH,TUSCALOOSA,AL,35403-3117,07,Y40,3,,17547760,3726603,IRS_EO_BMF
941367157,ALPHA PHI BUILDING CORPORATION,HOUSE_CORPORATION,HIGH,TUSCALOOSA,AL,35403-3117,07,B83,3,,3704834,1319312,IRS_EO_BMF
237168940,ALPHA GAMMA DELTA FRATERNITY,LOCAL_CHAPTER_ENTITY,MEDIUM,TUSCALOOSA,AL,35406-2107,07,,9,0416,,,IRS_EO_BMF
237235595,ALPHA GAMMA DELTA FRATERNITY,LOCAL_CHAPTER_ENTITY,MEDIUM,TUSCALOOSA,AL,35406-2607,07,,9,0416,12214609,1246859,IRS_EO_BMF
630007510,ALPHA GAMMA DELTA FRATERNITY,LOCAL_CHAPTER_ENTITY,MEDIUM,TUSCALOOSA,AL,35401-0000,07,,9,0416,2573187,4302274,IRS_EO_BMF
630289653,THETA CHI FRATERNITY INC,LOCAL_CHAPTER_ENTITY,MEDIUM,TUSCALOOSA,AL,35401-0000,07,,9,0241,32444,751373,IRS_EO_BMF
237109085,ALPHA PHI ZETA HOUSE CORPORATION OF LAMBDA CHI ALPHA FRATERNITY,HOUSE_CORPORATION,HIGH,TUSCALOOSA,AL,35403-1880,07,,3,,3423829,416080,IRS_EO_BMF
990873202,ZETA PSI,UNKNOWN,LOW,TUSCALOOSA,AL,35401-3253,07,,9,0276,,,IRS_EO_BMF
631004292,GAMMA PHI BETA SORORITY INC,LOCAL_CHAPTER_ENTITY,MEDIUM,TUSCALOOSA,AL,35401-0328,07,,9,0198,14161407,3300285,IRS_EO_BMF
630818055,ALABAMA BETA OF PI BETA PHI HOUSE ASSOCIATION INCORPORATED,HOUSE_CORPORATION,HIGH,TUSCALOOSA,AL,35403-1880,07,,3,,15754090,3963413,IRS_EO_BMF
630980702,KAPPA DELTA SORORITY,LOCAL_CHAPTER_ENTITY,MEDIUM,TUSCALOOSA,AL,35403-3117,07,,3,,19632269,4100529,IRS_EO_BMF
630733120,ZETA BETA TAU FRATERNITY,LOCAL_CHAPTER_ENTITY,MEDIUM,TUSCALOOSA,AL,35403-1880,07,,9,0158,4883875,953676,IRS_EO_BMF
630056965,DELTA KAPPA EPSILON COUNCIL,UNKNOWN,LOW,TUSCALOOSA,AL,35403-1880,07,,9,0599,1023531,1627214,IRS_EO_BMF
451298367,UNIVERSITY OF ALABAMA CHAPTER OF THETA CHI HOUSING CORPORATION,HOUSE_CORPORATION,HIGH,TUSCALOOSA,AL,35401-0328,07,N50,3,,6735482,1346595,IRS_EO_BMF
237114590,EPSILON CHI ZETA HOUSE CORPORATION OF LAMBDA CHI ALPHA FRATERNITY,HOUSE_CORPORATION,HIGH,TUSCALOOSA,AL,35403-3117,02,,3,,2437463,433376,IRS_EO_BMF
630120537,LAMBDA CHI ALPHA FRATERNITY INC,LOCAL_CHAPTER_ENTITY,MEDIUM,TUSCALOOSA,AL,35403-1880,07,,9,0293,839567,1465901,IRS_EO_BMF
621370853,GAMMA PHI BETA SORORITY,LOCAL_CHAPTER_ENTITY,MEDIUM,TUSCALOOSA,AL,35401-0328,07,,9,0198,487227,621981,IRS_EO_BMF
636050312,DELTA ZETA SORORITY,LOCAL_CHAPTER_ENTITY,MEDIUM,TUSCALOOSA,AL,35405-6564,07,,9,0310,,,IRS_EO_BMF
630115520,KAPPA DELTA SORORITY,LOCAL_CHAPTER_ENTITY,MEDIUM,TUSCALOOSA,AL,35403-3117,07,,9,0805,574118,909489,IRS_EO_BMF
630188870,SIGMA ALPHA EPSILON FRATERNITY,LOCAL_CHAPTER_ENTITY,MEDIUM,TUSCALOOSA,AL,35403-3117,07,,9,0228,31067,479982,IRS_EO_BMF
630233975,ZETA BETA TAU FRATERNITY,LOCAL_CHAPTER_ENTITY,MEDIUM,TUSCALOOSA,AL,35403-1880,07,,9,0158,113363,1290779,IRS_EO_BMF
631030493,PSI OF DELTA KAPPA EPSILON HOUSE CORPORATION OF UNIVERSITY ALABAMA,HOUSE_CORPORATION,HIGH,TUSCALOOSA,AL,35403-1880,07,N50,3,,10972572,1271248,IRS_EO_BMF
566062593,DELTA KAPPA EPSILON COUNCIL,UNKNOWN,LOW,TUSCALOOSA,AL,35403-1880,07,,9,0599,428745,597032,IRS_EO_BMF
593078421,KAPPA ALPHA HOUSING ASSOCIATION OF FLORIDA INC,UNKNOWN,LOW,TUSCALOOSA,AL,35403-3117,07,,3,,645161,468591,IRS_EO_BMF
741132044,KAPPA SIGMA FRATERNITY,LOCAL_CHAPTER_ENTITY,MEDIUM,TUSCALOOSA,AL,35403-1880,07,Y41,3,,2125952,1746158,IRS_EO_BMF
380293670,ALPHA DELTA PHI PENINSULAR CHAPTER,PROPERTY_HOLDING_ENTITY,HIGH,TUSCALOOSA,AL,35403-1880,02,,3,,2719,134587,IRS_EO_BMF
630040605,TAU CHAPTER OF CHI PHI,LOCAL_CHAPTER_ENTITY,LOW,TUSCALOOSA,AL,35403-1880,07,N50,3,,826602,1407419,IRS_EO_BMF
580596934,PI KAPPA PHI FRATERNITY,LOCAL_CHAPTER_ENTITY,MEDIUM,TUSCALOOSA,AL,35403-1880,07,,9,0424,155280,659091,IRS_EO_BMF
630164600,PI KAPPA PHI FRATERNITY,LOCAL_CHAPTER_ENTITY,MEDIUM,TUSCALOOSA,AL,35403-1880,07,,9,0424,919826,1996784,IRS_EO_BMF
640466827,PHI KAPPA TAU HOUSE CORP AT OLE MISS,HOUSE_CORPORATION,HIGH,TUSCALOOSA,AL,35403-3117,07,B83,3,,45945,56000,IRS_EO_BMF
636049922,HOUSE BOARD OF GAMMA PI OF KAPPA KAPPA GAMMA,UNKNOWN,LOW,TUSCALOOSA,AL,35403-3117,07,,3,,18182787,3574242,IRS_EO_BMF
630514585,KAPPA ALPHA THETA FRATERNITY,LOCAL_CHAPTER_ENTITY,MEDIUM,TUSCALOOSA,AL,35486-0060,07,,9,0154,,,IRS_EO_BMF
430349090,THE ALPHA KAPPA CHAPTER OF THE KAPPA ALPHA FRATERNITY,LOCAL_CHAPTER_ENTITY,MEDIUM,TUSCALOOSA,AL,35403-1880,07,B83,3,,1221216,600344,IRS_EO_BMF
630289642,KAPPA ALPHA ORDER,UNKNOWN,LOW,TUSCALOOSA,AL,35403-1880,07,,9,0066,1164338,2076853,IRS_EO_BMF
630020370,KAPPA SIGMA FRATERNITY,LOCAL_CHAPTER_ENTITY,MEDIUM,TUSCALOOSA,AL,35403-1880,07,,9,0262,307048,1987154,IRS_EO_BMF
386068594,ALPHA DELTA PHI INTERNATIONAL INC,UNKNOWN,LOW,TUSCALOOSA,AL,35403-1880,07,B83,3,,2718880,236396,IRS_EO_BMF
630057000,DELTA TAU DELTA FRATERNITY,LOCAL_CHAPTER_ENTITY,MEDIUM,TUSCALOOSA,AL,35401-0000,07,,9,0124,120102,1070436,IRS_EO_BMF
581648136,IOTA ALUMNI OF PI KAPPA PHI INC,ALUMNI_CORPORATION,HIGH,TUSCALOOSA,AL,35403-1880,07,,3,,651598,130001,IRS_EO_BMF
351780304,PI KAPPA PHI INC,UNKNOWN,LOW,TUSCALOOSA,AL,35403-1880,07,,3,,1972084,1026259,IRS_EO_BMF
630007530,ALPHA TAU OMEGA FRATERNITY,LOCAL_CHAPTER_ENTITY,MEDIUM,TUSCALOOSA,AL,35403-1880,07,,9,0287,9035826,2017882,IRS_EO_BMF
630289542,KAPPA KAPPA GAMMA FRATERNITY INC,LOCAL_CHAPTER_ENTITY,MEDIUM,TUSCALOOSA,AL,35401-0000,07,,9,0894,,,IRS_EO_BMF
474051390,DELTA SIGMA CHAPTER OF ALPHA DELTA PI HOUSE CORPORATION,HOUSE_CORPORATION,HIGH,TUSCALOOSA,AL,35403-3117,07,B83,3,,10040070,2225044,IRS_EO_BMF
581793975,ZETA IOTA CHAPTER OF ALPHA DELTA PI HOUSE CORPORATION,HOUSE_CORPORATION,HIGH,TUSCALOOSA,AL,35403-1880,07,,3,,737895,118319,IRS_EO_BMF
590641930,GAMMA IOTA CHAPTER OF ALPHA DELTA PI HOUSE CORPORATION,HOUSE_CORPORATION,HIGH,TUSCALOOSA,AL,35403-3117,07,B83,3,,12526661,1885660,IRS_EO_BMF
630457980,BETA THETA PI FRATERNITY,LOCAL_CHAPTER_ENTITY,MEDIUM,TUSCALOOSA,AL,35403-3117,07,,9,0315,367796,1828934,IRS_EO_BMF
630056950,DELTA CHI FRATERNITY,LOCAL_CHAPTER_ENTITY,MEDIUM,TUSCALOOSA,AL,35403-1880,07,,9,0401,297161,1816774,IRS_EO_BMF
630164090,PHI KAPPA SIGMA FRATERNITY,LOCAL_CHAPTER_ENTITY,MEDIUM,TUSCALOOSA,AL,35401-1906,07,,9,0271,1090,102250,IRS_EO_BMF
546038429,PSI CHAPTER OF SIGMA CHI HOUSE CORP,HOUSE_CORPORATION,HIGH,TUSCALOOSA,AL,35403-1880,07,N50,3,,2043762,259423,IRS_EO_BMF
631078579,SIGMA DELTA TAU HOUSE CORPORATION,HOUSE_CORPORATION,HIGH,TUSCALOOSA,AL,35487-0001,07,,3,,,,IRS_EO_BMF
630188910,SIGMA DELTA TAU SOCIETY,UNKNOWN,LOW,TUSCALOOSA,AL,35487-0002,07,,9,1026,92576,141604,IRS_EO_BMF
716061509,CHI OMEGA FRATERNITY,LOCAL_CHAPTER_ENTITY,MEDIUM,FAYETTEVILLE,AR,72701-3132,07,,9,0273,308841,603816,IRS_EO_BMF
812173665,BETA RHO CHAPTER OF ALPHA OMEGA EPSILON,LOCAL_CHAPTER_ENTITY,LOW,TUSCALOOSA,AL,35487-0001,07,B83,3,,29326,90014,IRS_EO_BMF
630164580,PI KAPPA ALPHA FRATERNITY,LOCAL_CHAPTER_ENTITY,MEDIUM,TUSCALOOSA,AL,35403-1880,07,,9,0355,359414,2124936,IRS_EO_BMF
631006177,GAMMA ALPHA OF PI KAPPA ALPHA HOUSE CORPORATIONS,UNKNOWN,LOW,TUSCALOOSA,AL,35403-1880,07,,3,,4473471,426733,IRS_EO_BMF
630289650,SIGMA CHI FRATERNITY,LOCAL_CHAPTER_ENTITY,MEDIUM,TUSCALOOSA,AL,35487-0002,07,,9,0008,133976,202078,IRS_EO_BMF
462071035,ALABAMA BETA CHAPTER OF THE SIGMA PHI EPSILON FRATERNITY,LOCAL_CHAPTER_ENTITY,MEDIUM,TUSCALOOSA,AL,35401-1224,07,B83,3,,24528,906294,IRS_EO_BMF
812277045,SIGMA PHI EPSILON FRATERNITY INC,LOCAL_CHAPTER_ENTITY,MEDIUM,TUSCALOOSA,AL,35403-1880,07,,9,0309,103633,1347123,IRS_EO_BMF
710245516,SIGMA CHI FRATERNITY,LOCAL_CHAPTER_ENTITY,MEDIUM,FAYETTEVILLE,AR,72701-5207,07,,9,0008,492637,1233081,IRS_EO_BMF
800702338,SIGMA CHI FRATERNITY MOTHERS CLUB U OF ARK,LOCAL_CHAPTER_ENTITY,MEDIUM,FAYETTEVILLE,AR,72701-4144,07,N50,3,,,,IRS_EO_BMF
710230717,PHI DELTA THETA FRATERNITY,LOCAL_CHAPTER_ENTITY,MEDIUM,FAYETTEVILLE,AR,72701-4046,07,,9,0164,255994,694938,IRS_EO_BMF
272795242,DELTA CHI-UNIVERSITY OF ALABAMA CHAPTER HOUSE CORPORATION,HOUSE_CORPORATION,HIGH,TUSCALOOSA,AL,35403-1880,07,N50,3,,4166986,731442,IRS_EO_BMF
590626226,SIGMA CHI FRATERNITY,LOCAL_CHAPTER_ENTITY,MEDIUM,TUSCALOOSA,AL,35403-1880,07,,9,0008,2220357,1198595,IRS_EO_BMF
630188940,SIGMA NU FRATERNITY,LOCAL_CHAPTER_ENTITY,MEDIUM,TUSCALOOSA,AL,35403-1880,07,,9,0238,1034009,1852559,IRS_EO_BMF
862447294,TAU KAPPA EPSILON FRATERNITY OMICRON-XI CHAPTER INC,LOCAL_CHAPTER_ENTITY,MEDIUM,TUSCALOOSA,AL,35401-8420,07,N50,3,,150028,480022,IRS_EO_BMF
710237930,KAPPA SIGMA FRATERNITY,LOCAL_CHAPTER_ENTITY,MEDIUM,FAYETTEVILLE,AR,72703-0026,07,,9,0262,28948,459381,IRS_EO_BMF
710245458,LAMBDA CHI ALPHA CORPORATION OF FAYETTEVILLE ARKANSAS,UNKNOWN,LOW,FAYETTEVILLE,AR,72703-5165,07,,9,0293,,,IRS_EO_BMF
716057345,DELTA DELTA DELTA FRATERNITY DELTA IOTA HOUSE CORP,HOUSE_CORPORATION,HIGH,FAYETTEVILLE,AR,72703-0032,07,,3,,12810838,1120002,IRS_EO_BMF
710673722,KAPPA DELTA SORORITY,LOCAL_CHAPTER_ENTITY,MEDIUM,FAYETTEVILLE,AR,72701-4136,07,,9,0805,288115,609294,IRS_EO_BMF
883920108,UNIVERSITY OF ARKANSAS ALPHA DELTA PI PARENT CLUB,UNKNOWN,LOW,FAYETTEVILLE,AR,72703-3839,03,P11,3,,,,IRS_EO_BMF
710296927,ALPHA DELTA PI SORORITY,LOCAL_CHAPTER_ENTITY,MEDIUM,FAYETTEVILLE,AR,72703-0010,07,,3,,12323309,2180704,IRS_EO_BMF
800945440,SIGMA GAMMA RHO SORORITY INC,LOCAL_CHAPTER_ENTITY,MEDIUM,FAYETTEVILLE,AR,72702-4711,07,,9,1540,,,IRS_EO_BMF
472160158,KAPPA ALPHA ORDER,UNKNOWN,LOW,FAYETTEVILLE,AR,72701-4101,07,,9,0066,284009,708905,IRS_EO_BMF
710243898,SIGMA ALPHA EPSILON FRATERNITY,LOCAL_CHAPTER_ENTITY,MEDIUM,FAYETTEVILLE,AR,72701-5207,07,,9,0228,852129,1065744,IRS_EO_BMF
237114376,ARKANSAS PI BETA PHI HOUSE ASSOC,UNKNOWN,LOW,FAYETTEVILLE,AR,72702-0445,07,,3,,9867088,1993973,IRS_EO_BMF
521329492,DELTA SIGMA THETA SORORITY INC,LOCAL_CHAPTER_ENTITY,MEDIUM,AUBURN,AL,36831-3132,07,,9,1188,,,IRS_EO_BMF
636066478,GAMMA PHI BETA SORORITY INC,LOCAL_CHAPTER_ENTITY,MEDIUM,AUBURN,AL,36830-0000,07,,9,0198,192734,704460,IRS_EO_BMF
237153933,SIGMA NU BUILDING BETA THETA CHAPTER,PROPERTY_HOLDING_ENTITY,HIGH,AUBURN,AL,36830-4400,02,,3,,800714,120036,IRS_EO_BMF
630188930,SIGMA NU FRATERNITY,LOCAL_CHAPTER_ENTITY,MEDIUM,AUBURN,AL,36832-0000,07,,9,0238,168110,1086906,IRS_EO_BMF
630832330,ALPHA BETA OF CHI OMEGA HOUSE CORPORATION,HOUSE_CORPORATION,HIGH,AUBURN,AL,36830-3830,07,N50,3,,,,IRS_EO_BMF
636050289,CHI OMEGA FRATERNITY,LOCAL_CHAPTER_ENTITY,MEDIUM,AUBURN,AL,36830-7632,07,,9,0273,199312,732442,IRS_EO_BMF
630499747,ALPHA DELTA CHAPTER OF SIGMA PI FRATERNITY,LOCAL_CHAPTER_ENTITY,MEDIUM,AUBURN,AL,36832-4434,07,B83,3,,49458,757900,IRS_EO_BMF
636050218,ALPHA GAMMA DELTA FRATERNITY,LOCAL_CHAPTER_ENTITY,MEDIUM,AUBURN UNIVERSITY,AL,36849-0001,07,,9,0416,344343,655910,IRS_EO_BMF
636050534,ALPHA GAMMA DELTA FRATERNITY,LOCAL_CHAPTER_ENTITY,MEDIUM,AUBURN,AL,36830-8484,07,,9,0416,,,IRS_EO_BMF
630297941,CHI CHAPTER OF THETA CHI FRATERNITY,LOCAL_CHAPTER_ENTITY,MEDIUM,AUBURN,AL,36832-5318,07,B83,3,,85437,1171989,IRS_EO_BMF
636056644,PHI GAMMA DELTA FRATERNITY,LOCAL_CHAPTER_ENTITY,MEDIUM,AUBURN,AL,36830-5463,07,,9,0204,125891,1548528,IRS_EO_BMF
822367768,ALPHA UPSILON CHAPTER OF PHI GAMMA DELTA FRATERNITY HOUSE CORPO,LOCAL_CHAPTER_ENTITY,MEDIUM,AUBURN,AL,36830-5463,07,P20,3,,5602783,453140,IRS_EO_BMF
636061057,PI KAPPA ALPHA FRATERNITY,PROPERTY_HOLDING_ENTITY,HIGH,AUBURN,AL,36831-3310,02,,3,,1513115,673718,IRS_EO_BMF
202472978,ALPHA TAU OMEGA FRATERNITY,LOCAL_CHAPTER_ENTITY,MEDIUM,AUBURN,AL,36832-4434,07,,9,0287,17017,1322887,IRS_EO_BMF
630289644,LAMBDA CHI ALPHA FRATERNITY INC,LOCAL_CHAPTER_ENTITY,MEDIUM,AUBURN,AL,36830-4716,07,,9,0293,675782,1517425,IRS_EO_BMF
237094288,KAPPA ALPHA THETA FRATERNITY,LOCAL_CHAPTER_ENTITY,MEDIUM,AUBURN,AL,36849-0001,07,,9,0154,,,IRS_EO_BMF
237226508,TAU KAPPA EPSILON FRATERNITY INC,LOCAL_CHAPTER_ENTITY,MEDIUM,AUBURN,AL,36831-0729,07,N50,9,4275,535083,1045938,IRS_EO_BMF
630454765,KAPPA ALPHA ORDER,UNKNOWN,LOW,AUBURN,AL,36830-6726,07,,9,0066,72470,1179360,IRS_EO_BMF
463871332,ZETA PSI CHAPTER OF ALPHA SIGMA PHI FRATERNITY INC,LOCAL_CHAPTER_ENTITY,MEDIUM,AUBURN,AL,36832-5316,07,B83,3,,,,IRS_EO_BMF
471944189,ALPHA SIGMA PHI FRATERNITY INC,LOCAL_CHAPTER_ENTITY,MEDIUM,AUBURN,AL,36832-5316,07,B83,9,6237,,,IRS_EO_BMF
581804021,CHI PHI FRATERNITY INC,LOCAL_CHAPTER_ENTITY,MEDIUM,AUBURN,AL,36830-2633,07,,9,0409,965179,63382,IRS_EO_BMF
630838676,CHI PHI FRATERNITY INC,LOCAL_CHAPTER_ENTITY,MEDIUM,AUBURN,AL,36830-2633,07,,9,0409,3128,113737,IRS_EO_BMF
631056750,ALPHA GAMMA RHO FRATERNITY,LOCAL_CHAPTER_ENTITY,MEDIUM,AUBURN,AL,36830-8593,07,,9,0339,,,IRS_EO_BMF
320295070,PHI SIGMA KAPPA,UNKNOWN,LOW,AUBURN,AL,36832-4543,07,,9,0258,,,IRS_EO_BMF
630164590,PI KAPPA PHI FRATERNITY,LOCAL_CHAPTER_ENTITY,MEDIUM,AUBURN,AL,36832-5316,07,,9,0424,338889,841585,IRS_EO_BMF
815068193,SIGMA SIGMA SIGMA INC,UNKNOWN,LOW,AUBURN UNIVERSITY,AL,36849-0001,07,,9,0631,,,IRS_EO_BMF
593024291,SIGMA CHI FOUNDATION AT AUBURN UNIVERSITY INC,EDUCATIONAL_FOUNDATION,MEDIUM,BIRMINGHAM,AL,35203-0000,03,B82,3,,409122,42816,IRS_EO_BMF
630289649,SIGMA CHI FRATERNITY,LOCAL_CHAPTER_ENTITY,MEDIUM,AUBURN,AL,36832-4589,07,B83,3,,102062,1065074,IRS_EO_BMF
630962722,DELTA CHI FRATERNITY,LOCAL_CHAPTER_ENTITY,MEDIUM,AUBURN,AL,36832-5301,07,B83,3,,257229,515811,IRS_EO_BMF
630837474,AUBURN DELTA CHI ALUMNI CONTROL BOARD INC,PROPERTY_HOLDING_ENTITY,HIGH,MOBILE,AL,36652-2434,02,,3,,738793,91891,IRS_EO_BMF
636056606,KAPPA KAPPA GAMMA FRATERNITY INC,LOCAL_CHAPTER_ENTITY,MEDIUM,AUBURN,AL,36849-0001,07,,9,0894,,,IRS_EO_BMF
911903532,ALABAMA BETA CHAPTER OF THE PHI DELTA THETA FRATERNITY,LOCAL_CHAPTER_ENTITY,MEDIUM,AUBURN,AL,36832-5315,07,,3,,128907,903281,IRS_EO_BMF
264795406,PHI THETA CHAPTER HOUSE CORPORATION OF DELTA DELTA DELTA FRATERNITY,HOUSE_CORPORATION,HIGH,AUBURN,AL,36830-8475,07,B83,3,,294218,72873,IRS_EO_BMF
200293448,DELTA TAU DELTA FRATERNITY,LOCAL_CHAPTER_ENTITY,MEDIUM,AUBURN,AL,36832-5315,07,,9,0124,8067,346918,IRS_EO_BMF
237091513,ALABAMA GAMMA OF PI BETA PHI HOUSE ASSOCIATION INCORPORATED,HOUSE_CORPORATION,HIGH,OPELIKA,AL,36801-2571,07,,3,,392898,72850,IRS_EO_BMF
630164582,PI KAPPA ALPHA FRATERNITY,LOCAL_CHAPTER_ENTITY,MEDIUM,AUBURN,AL,36832-4544,07,,9,0355,8871,878249,IRS_EO_BMF
636053862,KAPPA DELTA SORORITY,LOCAL_CHAPTER_ENTITY,MEDIUM,AUBURN UNIVERSITY,AL,36849-5403,07,,9,0805,307911,842220,IRS_EO_BMF
630316135,THETA XI FRATERNITY,LOCAL_CHAPTER_ENTITY,MEDIUM,AUBURN,AL,36832-4543,07,N50,9,0277,,,IRS_EO_BMF
932716532,ZETA BETA TAU FRATERNITY,LOCAL_CHAPTER_ENTITY,MEDIUM,GAINESVILLE,FL,32603-2107,07,,9,0158,191181,793918,IRS_EO_BMF
237044651,DELTA ZETA OF DELTA TAU INC,PROPERTY_HOLDING_ENTITY,HIGH,GAINESVILLE,FL,32601-3315,02,,3,,696688,178120,IRS_EO_BMF
364817535,GAMMA PHI BETA SORORITY INC,LOCAL_CHAPTER_ENTITY,MEDIUM,GAINESVILLE,FL,32601-7829,07,,9,0198,318446,466403,IRS_EO_BMF
590639987,SIGMA ALPHA EPSILON FRATERNITY,LOCAL_CHAPTER_ENTITY,MEDIUM,GAINESVILLE,FL,32606-4486,07,,9,0228,323789,1153461,IRS_EO_BMF
591755953,SIGMA ALPHA EPSILON FRATERNITY,LOCAL_CHAPTER_ENTITY,MEDIUM,GAINESVILLE,FL,32606-4486,07,,9,0228,575312,132258,IRS_EO_BMF
590627917,BETA THETA PI FRATERNITY,LOCAL_CHAPTER_ENTITY,MEDIUM,GAINESVILLE,FL,32604-1451,07,,9,0315,40144,358039,IRS_EO_BMF
010956005,ZETA PHI BETA SORORITY INC,LOCAL_CHAPTER_ENTITY,MEDIUM,AUBURN,AL,36830-4404,07,,9,1474,,,IRS_EO_BMF
596153391,CHI OMEGA FRATERNITY,LOCAL_CHAPTER_ENTITY,MEDIUM,GAINESVILLE,FL,32601-7897,07,,9,0273,191244,369873,IRS_EO_BMF
590142633,DELTA SIGMA THETA SORORITY INC,LOCAL_CHAPTER_ENTITY,MEDIUM,GAINESVILLE,FL,32604-0245,07,,9,1188,,,IRS_EO_BMF
590682455,ALPHA EPSILON PHI SORORITY,LOCAL_CHAPTER_ENTITY,MEDIUM,GAINESVILLE,FL,32601-7863,07,B83,9,5846,2852693,1607367,IRS_EO_BMF
593350147,DELTA TAU DELTA FRATERNITY,LOCAL_CHAPTER_ENTITY,MEDIUM,GAINESVILLE,FL,32606-4486,07,,9,0124,61713,831210,IRS_EO_BMF
874250391,PHI KAPPA TAU FRATERNITY,LOCAL_CHAPTER_ENTITY,MEDIUM,GAINESVILLE,FL,32606-4486,07,,9,0332,96631,646818,IRS_EO_BMF
591936658,KAPPA KAPPA GAMMA FRATERNITY INC,LOCAL_CHAPTER_ENTITY,MEDIUM,GAINESVILLE,FL,32601-6328,07,,9,0894,,,IRS_EO_BMF
590638774,KAPPA DELTA SORORITY,LOCAL_CHAPTER_ENTITY,MEDIUM,GAINESVILLE,FL,32601-7861,07,,9,0805,254575,438933,IRS_EO_BMF
582412093,CHI PSI FRATERNITY,LOCAL_CHAPTER_ENTITY,MEDIUM,ATHENS,GA,30605-1326,07,,9,0986,,,IRS_EO_BMF
474787667,ALPHA ALPHA DELTA OF CHI PSI LODGE ASSN INC,UNKNOWN,LOW,ATHENS,GA,30606-4334,07,B83,3,,1080727,65472,IRS_EO_BMF
237383782,OMEGA PSI PHI FRATERNITY,LOCAL_CHAPTER_ENTITY,MEDIUM,GAINESVILLE,FL,32614-3143,07,,9,1205,,,IRS_EO_BMF
591515489,THETA CHI FRATERNITY INC,LOCAL_CHAPTER_ENTITY,MEDIUM,GAINESVILLE,FL,32606-4486,07,,9,0241,2540121,1836762,IRS_EO_BMF
590968099,KAPPA ALPHA THETA FRATERNITY,LOCAL_CHAPTER_ENTITY,MEDIUM,GAINESVILLE,FL,32601-6338,07,,9,0154,,,IRS_EO_BMF
596178342,ZETA PHI BETA SORORITY INC,LOCAL_CHAPTER_ENTITY,MEDIUM,GAINESVILLE,FL,32627-5806,07,,9,1474,,,IRS_EO_BMF
203675713,CHI PHI FRATERNITY,LOCAL_CHAPTER_ENTITY,MEDIUM,GAINESVILLE,FL,32606-4486,07,,9,0409,105961,497272,IRS_EO_BMF
590324559,EPSILON MU ZETA OF THE LAMBDA CHI ALPHA FRATERNITY,LOCAL_CHAPTER_ENTITY,MEDIUM,GAINESVILLE,FL,32604-4771,07,B83,3,,44662,439359,IRS_EO_BMF
541977380,KAPPA SIGMA FRATERNITY DELTA DELTA CHAPTER,LOCAL_CHAPTER_ENTITY,MEDIUM,GAINESVILLE,FL,32604-1117,07,N50,3,,174648,1204393,IRS_EO_BMF
800830267,PI KAPPA PHI FRATERNITY,LOCAL_CHAPTER_ENTITY,MEDIUM,GAINESVILLE,FL,32603-2112,07,,9,0424,,301832,IRS_EO_BMF
590657429,ALPHA EPSILON PI FRATERNITY,LOCAL_CHAPTER_ENTITY,MEDIUM,GAINESVILLE,FL,32603-0000,07,,9,1064,150157,1028062,IRS_EO_BMF
596141908,FLORIDA ALPHA ALUMNI OF SIGMA PHI EPSILON INC,ALUMNI_CORPORATION,HIGH,GAINESVILLE,FL,32603-2000,07,,3,,3556703,489105,IRS_EO_BMF
453670908,PI KAPPA ALPHA FRATERNITY,LOCAL_CHAPTER_ENTITY,MEDIUM,GAINESVILLE,FL,32603-1735,07,,9,0355,300,401744,IRS_EO_BMF
273189738,SIGMA CHI FRATERNITY AT UNIVERSITY OF FLORIDA INC,LOCAL_CHAPTER_ENTITY,MEDIUM,GAINESVILLE,FL,32603-2115,07,B83,3,,3754,357870,IRS_EO_BMF
871533047,ALPHA GAMMA RHO FRATERNITY,LOCAL_CHAPTER_ENTITY,MEDIUM,GAINESVILLE,FL,32606-4486,07,,9,0339,88043,519091,IRS_EO_BMF
334272315,PHI GAMMA DELTA FRATERNITY,LOCAL_CHAPTER_ENTITY,MEDIUM,GAINESVILLE,FL,32611-1920,07,,9,0204,,,IRS_EO_BMF
590628020,KAPPA ALPHA ORDER,UNKNOWN,LOW,GAINESVILLE,FL,32603-2116,07,,9,0066,47069,600258,IRS_EO_BMF
592826198,SIGMA ALPHA MU FRATERNITY,LOCAL_CHAPTER_ENTITY,MEDIUM,GAINESVILLE,FL,32601-1110,07,B83,9,0387,,,IRS_EO_BMF
592643047,FLORIDA DELTA OF PI BETA PHI HOUSE CORPORATION,HOUSE_CORPORATION,HIGH,GAINESVILLE,FL,32635-8781,07,B83,3,,2149351,478937,IRS_EO_BMF
824625974,DELTA SIGMA PHI FRATERNITY INC,LOCAL_CHAPTER_ENTITY,MEDIUM,GAINESVILLE,FL,32606-4486,07,,3,,173211,678340,IRS_EO_BMF
454843177,ALPHA ALPHA DELTA OF CHI PSI ADVISORY BOARD INCORPORATED,UNKNOWN,LOW,ATHENS,GA,30605-1326,07,B84,3,,,,IRS_EO_BMF
436049304,KAPPA ALPHA ORDER,UNKNOWN,LOW,COLUMBIA,MO,65201-5906,07,,9,0066,23628,649791,IRS_EO_BMF
311321639,SIGMA GAMMA RHO SORORITY INC,LOCAL_CHAPTER_ENTITY,MEDIUM,GAINESVILLE,FL,32614-3224,07,,9,1540,,,IRS_EO_BMF
593261158,SIGMA GAMMA RHO SORORITY INC,LOCAL_CHAPTER_ENTITY,MEDIUM,GAINESVILLE,FL,32614-3224,07,,9,1540,,,IRS_EO_BMF
596139328,BETA PI OF KAPPA DELTA HOUSE CORP,HOUSE_CORPORATION,HIGH,GAINESVILLE,FL,32601-7861,02,,3,,2455298,1171523,IRS_EO_BMF
596203032,PHI MU FRATERNITY,PROPERTY_HOLDING_ENTITY,HIGH,GAINESVILLE,FL,32601-7861,02,,3,,5003367,1414826,IRS_EO_BMF
831933919,ALPHA DELTA OF CHI PSI FOUNDATION INC,EDUCATIONAL_FOUNDATION,MEDIUM,ATHENS,GA,30606-4904,03,B82,3,,,,IRS_EO_BMF
581657154,GAMMA PHI BETA SORORITY INC,LOCAL_CHAPTER_ENTITY,MEDIUM,ATHENS,GA,30605-1047,07,,9,0198,188424,1220384,IRS_EO_BMF
586043354,ALPHA GAMMA DELTA FRATERNITY,LOCAL_CHAPTER_ENTITY,MEDIUM,ATHENS,GA,30605-1249,07,,9,0416,,,IRS_EO_BMF
581490431,GAMMA PHI BETA SORORITY INC,LOCAL_CHAPTER_ENTITY,MEDIUM,ATHENS,GA,30605-1047,07,,9,0198,1271062,877606,IRS_EO_BMF
580585704,ALPHA GAMMA DELTA FRATERNITY,LOCAL_CHAPTER_ENTITY,MEDIUM,ATHENS,GA,30605-1249,07,,9,0416,264518,1626420,IRS_EO_BMF
580595274,KAPPA ALPHA THETA FRATERNITY,LOCAL_CHAPTER_ENTITY,MEDIUM,ATHENS,GA,30605-1048,07,,9,0154,,,IRS_EO_BMF
581909461,SIGMA PHI HOUSE CORPORATION OF KAPPA DELTA SORORITY A VIRGINIA,HOUSE_CORPORATION,HIGH,ATHENS,GA,30606-3182,02,,3,,1263269,795076,IRS_EO_BMF
586067925,KAPPA DELTA SORORITY,LOCAL_CHAPTER_ENTITY,MEDIUM,ATHENS,GA,30605-1253,07,,9,0805,200263,455226,IRS_EO_BMF
311321638,SIGMA GAMMA RHO SORORITY INC,LOCAL_CHAPTER_ENTITY,MEDIUM,ATHENS,GA,30602-0001,07,,9,1540,,,IRS_EO_BMF
912104579,SIGMA GAMMA RHO SORORITY INC,LOCAL_CHAPTER_ENTITY,MEDIUM,ATHENS,GA,30604-7611,07,,9,1540,,,IRS_EO_BMF
582604504,OMEGA PSI PHI FRATERNITY,LOCAL_CHAPTER_ENTITY,MEDIUM,ATHENS,GA,30604-5824,07,,9,1205,,,IRS_EO_BMF
581025461,PHI GAMMA DELTA FRATERNITY,LOCAL_CHAPTER_ENTITY,MEDIUM,ATHENS,GA,30605-1229,07,,9,0204,157026,721391,IRS_EO_BMF
580679938,SIGMA PI FRATERNITY INTERNATIONAL INC,NATIONAL_PARENT,MEDIUM,ATHENS,GA,30605-1045,07,,9,0251,242034,539431,IRS_EO_BMF
272615266,PHI KAPPA TAU FRATERNITY,LOCAL_CHAPTER_ENTITY,MEDIUM,ATHENS,GA,30601-2838,07,B83,3,,30416,248112,IRS_EO_BMF
900526100,PHI KAPPA THETA FRATERNITY,LOCAL_CHAPTER_ENTITY,MEDIUM,ATHENS,GA,30605-1250,07,,9,1518,,,IRS_EO_BMF
580582498,MU CHAPTER OF SIGMA NU FRATERNITY,LOCAL_CHAPTER_ENTITY,MEDIUM,ATHENS,GA,30605-5100,07,,9,0238,,,IRS_EO_BMF
580592772,ALPHA GAMMA RHO FRATERNITY,LOCAL_CHAPTER_ENTITY,MEDIUM,ATHENS,GA,30605-1252,07,,9,0339,1060988,679989,IRS_EO_BMF
582281629,ALPHA ETA EDUCATIONAL FOUNDATION OF ALPHA GAMMA RHO FRATERNITY INC,EDUCATIONAL_FOUNDATION,HIGH,ATHENS,GA,30605-1252,03,B82,3,,,,IRS_EO_BMF
586035098,ALPHA GAMMA RHO FRATERNITY,LOCAL_CHAPTER_ENTITY,MEDIUM,ATHENS,GA,30604-7051,07,,9,0339,1351504,138275,IRS_EO_BMF
911981486,GEORGIA DELTA OF SIGMA PHI EPSILON INC,UNKNOWN,LOW,ATHENS,GA,30605-1047,07,,3,,118300,564185,IRS_EO_BMF
580587177,THETA CHI FRATERNITY INC,LOCAL_CHAPTER_ENTITY,MEDIUM,ATHENS,GA,30606-7992,07,,9,0241,137045,538220,IRS_EO_BMF
581847110,DELTA BETA ALUMNI OF THETA CHI INC,ALUMNI_CORPORATION,HIGH,ATHENS,GA,30606-4702,04,,3,,310937,196448,IRS_EO_BMF
310909146,PHI KAPPA PSI-GEORGIA ALPHA CHAPTER,LOCAL_CHAPTER_ENTITY,LOW,ATHENS,GA,30605-1884,07,B03,9,0301,7457,25618,IRS_EO_BMF
580590521,PI KAPPA ALPHA FRATERNITY,LOCAL_CHAPTER_ENTITY,MEDIUM,ATHENS,GA,30605-5100,07,,9,0355,71080,442214,IRS_EO_BMF
581625992,BETA THETA PI FRATERNITY,LOCAL_CHAPTER_ENTITY,MEDIUM,ATHENS,GA,30605-1046,07,,9,0315,,,IRS_EO_BMF
900260016,EPSILON EPSILON OF BETA THETA PI HOUSE CORPORATION,HOUSE_CORPORATION,HIGH,ATHENS,GA,30608-0812,07,B83,3,,657659,112502,IRS_EO_BMF
580301953,KAPPA ALPHA ORDER,UNKNOWN,LOW,ATHENS,GA,30601-2531,07,,9,0066,97424,798375,IRS_EO_BMF
580560996,ALPHA EPSILON PI FRATERNITY,LOCAL_CHAPTER_ENTITY,MEDIUM,ATHENS,GA,30602-0001,07,,9,1064,390311,578797,IRS_EO_BMF
580596852,LAMBDA CHI ALPHA FRATERNITY INC,LOCAL_CHAPTER_ENTITY,MEDIUM,ATHENS,GA,30605-1334,07,,9,0293,5345,111155,IRS_EO_BMF
580574897,SIGMA CHI FRATERNITY,LOCAL_CHAPTER_ENTITY,MEDIUM,ATHENS,GA,30601-2617,07,,9,0008,3401,104002,IRS_EO_BMF
580591246,TAU EPSILON PHI FRATERNITY,LOCAL_CHAPTER_ENTITY,MEDIUM,ATHENS,GA,30605-5100,07,,9,0261,420033,710135,IRS_EO_BMF
581743710,PHI MU FRATERNITY,LOCAL_CHAPTER_ENTITY,MEDIUM,ATHENS,GA,30605-1046,07,,3,,3406620,1060335,IRS_EO_BMF
921849574,ALPHA SIGMA PHI FRATERNITY INC,LOCAL_CHAPTER_ENTITY,MEDIUM,ATHENS,GA,30602-0001,07,B83,9,6237,,,IRS_EO_BMF
616057246,DELTA SIGMA THETA SORORITY INC,LOCAL_CHAPTER_ENTITY,MEDIUM,LEXINGTON,KY,40588-1229,07,,9,1188,,,IRS_EO_BMF
580581459,SIGMA ALPHA EPSILON FRATERNITY,LOCAL_CHAPTER_ENTITY,MEDIUM,ATHENS,GA,30601-2814,07,,9,0228,81392,691810,IRS_EO_BMF
581937914,SIGMA ALPHA EPSILON FRATERNITY,LOCAL_CHAPTER_ENTITY,MEDIUM,ATHENS,GA,30603-0383,07,,9,0228,4600623,1300805,IRS_EO_BMF
580574987,PI KAPPA PHI FRATERNITY,LOCAL_CHAPTER_ENTITY,MEDIUM,ATHENS,GA,30605-1334,07,,9,0424,44956,523559,IRS_EO_BMF
237279563,ATHENS ALUMNI CHAPTER OF KAPPA ALPHA PSI FRATERNITY INC,ALUMNI_CORPORATION,HIGH,ATHENS,GA,30606-3027,07,N50,3,,,,IRS_EO_BMF
871029745,KAPPA ALPHA PSI PROPELLING ATHENS KAPPA FOUNDATION INC,EDUCATIONAL_FOUNDATION,MEDIUM,ATHENS,GA,30606-1810,03,O99,3,,,,IRS_EO_BMF
580581268,DELTA TAU DELTA FRATERNITY,LOCAL_CHAPTER_ENTITY,MEDIUM,ATHENS,GA,30606-5813,07,,9,0124,101923,174000,IRS_EO_BMF
934222514,DELTA KAPPA EPSILON COUNCIL,UNKNOWN,LOW,ATHENS,GA,30605-1884,07,,9,0599,10000,146379,IRS_EO_BMF
510234811,CHI OMEGA HOUSE CORPORATION MU BETA CHAPTER,HOUSE_CORPORATION,HIGH,ATHENS,GA,30605-1098,02,,3,,1658250,795291,IRS_EO_BMF
580574873,CHI OMEGA FRATERNITY,LOCAL_CHAPTER_ENTITY,MEDIUM,ATHENS,GA,30605-1048,07,,9,0273,201979,1442172,IRS_EO_BMF
611378746,PHI SIGMA RHO NATIONAL SORORITY,NATIONAL_PARENT,MEDIUM,LEXINGTON,KY,40508-0000,07,,9,5641,,,IRS_EO_BMF
610469791,KAPPA DELTA SORORITY,LOCAL_CHAPTER_ENTITY,MEDIUM,LEXINGTON,KY,40508-3403,07,,9,0805,253498,456875,IRS_EO_BMF
616034813,EPSILON OMEGA OF KAPPA DELTA HOUSE,PROPERTY_HOLDING_ENTITY,HIGH,LEXINGTON,KY,40508-3308,02,,3,,5439642,854946,IRS_EO_BMF
352581363,PI KAPPA ALPHA FRATERNITY,LOCAL_CHAPTER_ENTITY,MEDIUM,LEXINGTON,KY,40508-3413,07,,9,0355,31364,192694,IRS_EO_BMF
237047004,DELTA SIGMA PHI FRATERNITY INC,LOCAL_CHAPTER_ENTITY,MEDIUM,LEXINGTON,KY,40508-1797,07,,9,0588,,,IRS_EO_BMF
611271642,DELTA SIGMA PHI FRATERNITY INC,LOCAL_CHAPTER_ENTITY,MEDIUM,LEXINGTON,KY,40506-0001,07,,9,0588,,,IRS_EO_BMF
310905748,LAMBDA ALPHA OF CHI OMEGA HOUSE CORPORATION INCORPORATED,HOUSE_CORPORATION,HIGH,LEXINGTON,KY,40507-0000,07,,3,,670721,553050,IRS_EO_BMF
610446350,CHI OMEGA FRATERNITY,LOCAL_CHAPTER_ENTITY,MEDIUM,LEXINGTON,KY,40508-3342,07,,9,0273,172570,899119,IRS_EO_BMF
616026148,CHI OMEGA FRATERNITY,LOCAL_CHAPTER_ENTITY,MEDIUM,LEXINGTON,KY,40508-1797,07,B83,9,0273,35240,69842,IRS_EO_BMF
611197400,SIGMA GAMMA RHO SORORITY INC,LOCAL_CHAPTER_ENTITY,MEDIUM,LEXINGTON,KY,40514-1773,07,,9,1540,,,IRS_EO_BMF
616042960,KAPPA ALPHA ORDER,UNKNOWN,LOW,LEXINGTON,KY,40508-2637,07,,9,0066,18805,175208,IRS_EO_BMF
610444977,DELTA TAU DELTA FRATERNITY,LOCAL_CHAPTER_ENTITY,MEDIUM,LEXINGTON,KY,40503-1122,07,,9,0124,10519,310177,IRS_EO_BMF
616033534,DELTA TAU DELTA HOUSE CORP OF KY,HOUSE_CORPORATION,HIGH,LEXINGTON,KY,40513-1829,07,N50,3,,2776663,209211,IRS_EO_BMF
616038042,DELTA GAMMA FRATERNITY,LOCAL_CHAPTER_ENTITY,MEDIUM,LEXINGTON,KY,40502-1814,07,,9,0461,,,IRS_EO_BMF
611269807,DELTA SIGMA PHI FRATERNITY INC,LOCAL_CHAPTER_ENTITY,MEDIUM,LEXINGTON,KY,40506-0001,07,,9,0588,16473,305478,IRS_EO_BMF
274575400,ZETA RHO CHAPTER OF THETA CHI FRATERNITY,LOCAL_CHAPTER_ENTITY,MEDIUM,LEXINGTON,KY,40506-0001,07,N50,3,,7957,296278,IRS_EO_BMF
610448235,SIGMA NU FRATERNITY,LOCAL_CHAPTER_ENTITY,MEDIUM,LEXINGTON,KY,40508-3308,07,,9,0238,,,IRS_EO_BMF
610242405,KAPPA KAPPA GAMMA FRATERNITY,LOCAL_CHAPTER_ENTITY,MEDIUM,LEXINGTON,KY,40508-2613,07,,9,0894,,,IRS_EO_BMF
610447633,SIGMA CHI FRATERNITY,LOCAL_CHAPTER_ENTITY,MEDIUM,LEXINGTON,KY,40508-2636,07,,3,,34535,178300,IRS_EO_BMF
311101397,KAPPA ALPHA THETA FRATERNITY,LOCAL_CHAPTER_ENTITY,MEDIUM,LEXINGTON,KY,40502-3161,07,,9,0154,,,IRS_EO_BMF
610450152,KAPPA ALPHA THETA FRATERNITY,LOCAL_CHAPTER_ENTITY,MEDIUM,LEXINGTON,KY,40508-3345,07,,9,0154,,,IRS_EO_BMF
510164540,UPSILON KAPPA OF PHI GAMMA DELTA HOUSE CORP,HOUSE_CORPORATION,HIGH,LEXINGTON,KY,40515-5536,07,,9,0204,541269,87930,IRS_EO_BMF
526036185,PHI GAMMA DELTA EDUCATIONAL FOUNDATION,EDUCATIONAL_FOUNDATION,HIGH,LEXINGTON,KY,40504-2648,03,,3,,34030382,28643324,IRS_EO_BMF
611207339,PHI GAMMA DELTA FRATERNITY,LOCAL_CHAPTER_ENTITY,MEDIUM,LEXINGTON,KY,40508-3314,07,,9,0204,6875,217981,IRS_EO_BMF
310997348,PI KAPPA ALPHA FRATERNITY,LOCAL_CHAPTER_ENTITY,MEDIUM,LEXINGTON,KY,40508-1797,07,,9,0355,,,IRS_EO_BMF
310896719,ALPHA BETA LAMBDA CHAPTER OF ALPHA PHI ALPHA FRATERNITY INC,LOCAL_CHAPTER_ENTITY,LOW,LEXINGTON,KY,40588-1248,03,,3,,,,IRS_EO_BMF
473589699,ZETA PHI BETA SORORITY INC,LOCAL_CHAPTER_ENTITY,MEDIUM,LEXINGTON,KY,40583-2551,07,,9,1474,,,IRS_EO_BMF
371612001,BETA THETA PI FRATERNITY,LOCAL_CHAPTER_ENTITY,MEDIUM,LEXINGTON,KY,40508-3315,07,,9,0315,,,IRS_EO_BMF
237359145,SIGMA PI FRATERNITY HOUSING CORP,HOUSE_CORPORATION,HIGH,LEXINGTON,KY,40509-1758,07,,3,,600137,91832,IRS_EO_BMF
721023591,DELTA CHI HOUSE CORPORATION,HOUSE_CORPORATION,HIGH,BATON ROUGE,LA,70803-0001,07,Y42,3,,650715,398249,IRS_EO_BMF
616042959,KAPPA ALPHA ORDER,UNKNOWN,LOW,LEXINGTON,KY,40508-1797,07,,9,0066,7186,87271,IRS_EO_BMF
237127780,SIGMA PI FRATERNITY INTERNATIONAL INC,NATIONAL_PARENT,MEDIUM,LEXINGTON,KY,40509-1758,07,,9,0251,,,IRS_EO_BMF
720603683,DELTA KAPPA OF ZETA TAU ALPHA HOUSE CORPORATION,HOUSE_CORPORATION,HIGH,BATON ROUGE,LA,70808-4787,02,,3,,1335821,490071,IRS_EO_BMF
510173975,CHI OMEGA FRATERNITY,LOCAL_CHAPTER_ENTITY,MEDIUM,BATON ROUGE,LA,70808-5456,07,,9,0273,,,IRS_EO_BMF
726021413,CHI OMEGA FRATERNITY,LOCAL_CHAPTER_ENTITY,MEDIUM,BATON ROUGE,LA,70808-4684,07,,9,0273,9978075,2148985,IRS_EO_BMF
726034029,CHI OMEGA FRATERNITY,LOCAL_CHAPTER_ENTITY,MEDIUM,BATON ROUGE,LA,70808-4684,07,,9,0273,597146,601621,IRS_EO_BMF
510253319,SIGMA PI FRATERNITY INTERNATIONAL INC,NATIONAL_PARENT,MEDIUM,LEXINGTON,KY,40509-1758,07,,9,0251,,,IRS_EO_BMF
611120060,SIGMA PI FRATERNITY INTERNATIONAL INC,NATIONAL_PARENT,MEDIUM,LEXINGTON,KY,40503-1064,07,,9,0251,,,IRS_EO_BMF
556028175,ALPHA GAMMA DELTA FRATERNITY,LOCAL_CHAPTER_ENTITY,MEDIUM,LEXINGTON,KY,40508-3403,07,B83,9,0416,591825,1030597,IRS_EO_BMF
616031986,ALPHA GAMMA DELTA FRATERNITY,LOCAL_CHAPTER_ENTITY,MEDIUM,LEXINGTON,KY,40509-4522,07,,9,0416,,,IRS_EO_BMF
720961914,DELTA CHI FRATERNITY,LOCAL_CHAPTER_ENTITY,MEDIUM,BATON ROUGE,LA,70803-0001,07,Y42,9,0401,78561,513212,IRS_EO_BMF
720873120,ALPHA GAMMA RHO FRATERNITY,LOCAL_CHAPTER_ENTITY,MEDIUM,BATON ROUGE,LA,70808-4684,07,,9,0339,676215,762272,IRS_EO_BMF
726027982,PI KAPPA ALPHA FRATERNITY,LOCAL_CHAPTER_ENTITY,MEDIUM,BATON ROUGE,LA,70809-9660,07,,9,0355,2804906,762920,IRS_EO_BMF
726036072,DELTA GAMMA FRATERNITY,LOCAL_CHAPTER_ENTITY,MEDIUM,BATON ROUGE,LA,70810-4738,07,,9,0461,,,IRS_EO_BMF
726032539,HOUSE CORPORATION OF DELTA TAU DELTA L S U INC,HOUSE_CORPORATION,HIGH,BATON ROUGE,LA,70801-0027,02,S47,3,,200174,239266,IRS_EO_BMF
931715399,DELTA TAU DELTA FRATERNITY,LOCAL_CHAPTER_ENTITY,MEDIUM,BATON ROUGE,LA,70803-0001,07,,9,0124,69475,607690,IRS_EO_BMF
922730634,GAMMA IOTA CHAPTER OF SIGMA CHI FRATERNITY,LOCAL_CHAPTER_ENTITY,MEDIUM,BATON ROUGE,LA,70809-1231,07,B83,3,,40443,282626,IRS_EO_BMF
720482627,PI KAPPA ALPHA FATERNITY,UNKNOWN,LOW,BATON ROUGE,LA,70803-0001,07,,9,0355,12500,165900,IRS_EO_BMF
237050993,DELTA ZETA SORORITY,LOCAL_CHAPTER_ENTITY,MEDIUM,BATON ROUGE,LA,70808-4787,07,,9,0310,,,IRS_EO_BMF
831181732,LOUISIANA CHAPTERS OF PHI BETA SIGMA FRATERNITY INCORPORATED,UNKNOWN,LOW,BATON ROUGE,LA,70821-4665,03,Y03,3,,,,IRS_EO_BMF
726040902,LOUISIANA BETA OF PI BETA PHI HOUSE ASSOCIATION,HOUSE_CORPORATION,HIGH,BATON ROUGE,LA,70896-6132,07,B83,3,,1028887,713100,IRS_EO_BMF
237069145,DELTA OMEGA HOUSE CORPORATION OF DELTA DELTA DELTA FRATERNITY,HOUSE_CORPORATION,HIGH,BATON ROUGE,LA,70808-4787,02,,3,,2610372,455642,IRS_EO_BMF
200085199,SIGMA GAMMA RHO SORORITY INC,LOCAL_CHAPTER_ENTITY,MEDIUM,BATON ROUGE,LA,70814-4240,07,,9,1540,,,IRS_EO_BMF
726034308,SIGMA GAMMA RHO SORORITY INC,LOCAL_CHAPTER_ENTITY,MEDIUM,BATON ROUGE,LA,70807-5456,07,,9,1540,,,IRS_EO_BMF
726034315,SIGMA GAMMA RHO SORORITY INC,LOCAL_CHAPTER_ENTITY,MEDIUM,BATON ROUGE,LA,70807-5456,07,,9,1540,104542,69032,IRS_EO_BMF
813514137,OMEGA CHAPTER OF ALPHA DELTA PI HOUSE CORPORATION,HOUSE_CORPORATION,HIGH,BATON ROUGE,LA,70808-0000,07,N50,3,,1362219,837944,IRS_EO_BMF
721250703,ZETA PHI BETA SORORITY INC,LOCAL_CHAPTER_ENTITY,MEDIUM,BATON ROUGE,LA,70879-6136,07,B83,3,,,,IRS_EO_BMF
743066257,ZETA PHI BETA SORORITY,LOCAL_CHAPTER_ENTITY,MEDIUM,BATON ROUGE,LA,70807-5546,03,B82,9,1474,,,IRS_EO_BMF
720416943,KAPPA ALPHA ORDER,UNKNOWN,LOW,BATON ROUGE,LA,70894-0000,07,,9,0066,5699,879449,IRS_EO_BMF
720626670,KAPPA ALPHA THETA FRATERNITY,LOCAL_CHAPTER_ENTITY,MEDIUM,BATON ROUGE,LA,70894-0000,07,,9,0154,,,IRS_EO_BMF
726027219,DELTA KAPPA HOUSE CORP KAPPA ALPHA THETA,HOUSE_CORPORATION,HIGH,BATON ROUGE,LA,70806-6919,02,,3,,1068640,222066,IRS_EO_BMF
726028094,KAPPA ALPHA THETA FRATERNITY,LOCAL_CHAPTER_ENTITY,MEDIUM,BATON ROUGE,LA,70808-5811,07,,9,0154,,,IRS_EO_BMF
264121711,LAMBDA KAPPA KAPPA CHAPTER OF OMEGA PSI PHI FRATERNITY,LOCAL_CHAPTER_ENTITY,MEDIUM,BATON ROUGE,LA,70806-3238,07,S03,3,,,,IRS_EO_BMF
861831306,LAMBDA ALPHA CHAPTER OF OMEGA PSI PHI FRATERNITY INC,LOCAL_CHAPTER_ENTITY,LOW,BATON ROUGE,LA,70806-1804,10,Y40,3,,40258,115926,IRS_EO_BMF
720627853,KAPPA KAPPA GAMMA FRATERNITY INC,LOCAL_CHAPTER_ENTITY,MEDIUM,BATON ROUGE,LA,70803-0001,07,,9,0894,,,IRS_EO_BMF
721132573,DELTA SIGMA THETA SORORITY INC,LOCAL_CHAPTER_ENTITY,MEDIUM,BATON ROUGE,LA,70874-4139,07,,9,1188,,,IRS_EO_BMF
726027878,KAPPA DELTA SORORITY,LOCAL_CHAPTER_ENTITY,MEDIUM,BATON ROUGE,LA,70894-0000,07,,9,0805,634759,618529,IRS_EO_BMF
640927211,OMEGA PSI PHI FRATERNITY,LOCAL_CHAPTER_ENTITY,MEDIUM,STARKVILLE,MS,39760-2241,07,,9,1205,,,IRS_EO_BMF
640868872,DELTA OMEGA CHAPTER HOUSE CORPORATION OF KAPPA DELTA,HOUSE_CORPORATION,HIGH,STARKVILLE,MS,39760-0720,07,N50,3,,3831897,1894891,IRS_EO_BMF
640120597,KAPPA ALPHA ORDER,UNKNOWN,LOW,STARKVILLE,MS,39759-0000,07,,9,0066,12234,662448,IRS_EO_BMF
430661687,ALPHA EPSILON PI FRATERNITY,LOCAL_CHAPTER_ENTITY,MEDIUM,COLUMBIA,MO,65201-7206,07,,9,1064,8047,157073,IRS_EO_BMF
852032822,SIGMA PHI EPSILON FRATERNITY INC,LOCAL_CHAPTER_ENTITY,MEDIUM,COLUMBIA,MO,65201-5134,07,B83,9,0309,6779,233045,IRS_EO_BMF
436065825,SOCIETY OF BETA SIGMA PSI,UNKNOWN,LOW,COLUMBIA,MO,65203-0000,07,,9,0803,17587,239976,IRS_EO_BMF
431831345,DELTA XI OF DELTA DELTA DELTA EDUCATIONAL FOUNDATION,EDUCATIONAL_FOUNDATION,HIGH,COLUMBIA,MO,65201-5145,03,B82,3,,,,IRS_EO_BMF
237279442,KAPPA ALPHA PSI FRATERNITY INC,LOCAL_CHAPTER_ENTITY,MEDIUM,BATON ROUGE,LA,70821-2747,07,,9,1372,,,IRS_EO_BMF
521591810,KAPPA ALPHA PSI FRATERNITY INC,LOCAL_CHAPTER_ENTITY,MEDIUM,BATON ROUGE,LA,70821-2747,07,,9,1372,,,IRS_EO_BMF
726033317,KAPPA ALPHA PSI FRATERNITY,LOCAL_CHAPTER_ENTITY,MEDIUM,BATON ROUGE,LA,70821-2747,07,,9,1372,,,IRS_EO_BMF
720830828,PHI MU FRATERNITY,LOCAL_CHAPTER_ENTITY,MEDIUM,BATON ROUGE,LA,70820-4311,07,,9,0763,,,IRS_EO_BMF
020793476,ZETA PHI BETA SORORITY INC,LOCAL_CHAPTER_ENTITY,MEDIUM,STARKVILLE,MS,39759-2083,07,,9,1474,,,IRS_EO_BMF
640390595,LAMBDA CHI ALPHA FRATERNITY INC,LOCAL_CHAPTER_ENTITY,MEDIUM,STARKVILLE,MS,39759-0281,07,,9,0293,13405,1059959,IRS_EO_BMF
851653696,EPSILON-CHI ZETA ALUMNI ASSOCIATION OF LAMBDA CHI ALPHA,ALUMNI_CORPORATION,HIGH,STARKVILLE,MS,39762-0000,07,N50,3,,,,IRS_EO_BMF
831721448,STARKVILLE SIGMA CHI ALUMNI INC,ALUMNI_CORPORATION,HIGH,STARKVILLE,MS,39760-1345,07,B84,3,,,,IRS_EO_BMF
640641479,DELTA SIGMA THETA SORORITY INC,LOCAL_CHAPTER_ENTITY,MEDIUM,STARKVILLE,MS,39759-0123,07,,9,1188,,,IRS_EO_BMF
475663599,EDUCATIONAL FOUNDATION OF THE ALPHA KAPPA CHAPTER OF THE KAPPA ALPHA,EDUCATIONAL_FOUNDATION,HIGH,COLUMBIA,MO,65203-1299,03,B82,3,,,,IRS_EO_BMF
340435674,MISSISSIPPI STATE UNIVERSITY DELTA CHI BUILDING CORPORATION,HOUSE_CORPORATION,HIGH,STARKVILLE,MS,39760-0790,07,N03,3,,898844,298055,IRS_EO_BMF
203723722,MSU DELTA CHI ALUMNI ASSOCIATION INC,ALUMNI_CORPORATION,HIGH,STARKVILLE,MS,39760-0790,07,N50,3,,,,IRS_EO_BMF
640310946,SIGMA ALPHA EPSILON FRATERNITY,LOCAL_CHAPTER_ENTITY,MEDIUM,STARKVILLE,MS,39760-1013,07,,9,0228,267987,1166735,IRS_EO_BMF
311333131,SIGMA GAMMA RHO SORORITY INC,LOCAL_CHAPTER_ENTITY,MEDIUM,STARKVILLE,MS,39760-1022,07,,9,1540,,,IRS_EO_BMF
311360148,SIGMA GAMMA RHO SORORITY INC,LOCAL_CHAPTER_ENTITY,MEDIUM,STARKVILLE,MS,39760-1022,07,,9,1540,,,IRS_EO_BMF
364944235,SIGMA GAMMA RHO SORORITY INC,LOCAL_CHAPTER_ENTITY,MEDIUM,STARKVILLE,MS,39760-1022,07,,9,1540,,,IRS_EO_BMF
646022216,PHI KAPPA TAU HOUSE CORP,HOUSE_CORPORATION,HIGH,STARKVILLE,MS,39760-0607,02,,3,,289842,118685,IRS_EO_BMF
992891533,ALPHA CHI CHAPTER OF PHI KAPPA TAU AFFORDABLE HOUSING AND SCHOLARSHIP,SCHOLARSHIP_FOUNDATION,HIGH,STARKVILLE,MS,39760-0607,03,B82,3,,,,IRS_EO_BMF
364933958,SIGMA SIGMA SIGMA CHAPTER,LOCAL_CHAPTER_ENTITY,LOW,COLUMBIA,MO,65201-5142,07,,9,0631,,,IRS_EO_BMF
911904326,SIGMA SIGMA SIGMA INC,UNKNOWN,LOW,COLUMBIA,MO,65215-0001,07,,9,0631,,,IRS_EO_BMF
436075111,SIGMA ALPHA EPSILON CLUB OF COLUMBIA MISSOURI,UNKNOWN,LOW,COLUMBIA,MO,65201-5561,07,,3,,3518965,207914,IRS_EO_BMF
463509823,BETA BETA ALUMNI OF THE DELTA SIGMA PHI FRATERNITY,ALUMNI_CORPORATION,HIGH,COLUMBIA,MO,65201-0000,07,N50,3,,2134430,285291,IRS_EO_BMF
721523824,PHI MU FRATERNITY,LOCAL_CHAPTER_ENTITY,MEDIUM,COLUMBIA,MO,65203-0000,07,Y42,9,0763,2355560,979030,IRS_EO_BMF
430282880,GAMMA PHI BETA SORORITY INC,LOCAL_CHAPTER_ENTITY,MEDIUM,COLUMBIA,MO,65201-5141,07,,9,0198,324098,337312,IRS_EO_BMF
436059582,GAMMA PHI BETA SORORITY INC,LOCAL_CHAPTER_ENTITY,MEDIUM,COLUMBIA,MO,65201-5141,07,,9,0198,8513431,1455713,IRS_EO_BMF
436050433,ALPHA PHI HOUSE CORPORATION BOARD- UNIVERSITY OF MISSOURI,HOUSE_CORPORATION,HIGH,COLUMBIA,MO,65203-0000,07,,1,,14772857,1877098,IRS_EO_BMF
510245814,ALPHA GAMMA CHAPTER OF ALPHA DELTA PI HOUSE CORP,HOUSE_CORPORATION,HIGH,COLUMBIA,MO,65201-5140,07,,3,,2429580,1328438,IRS_EO_BMF
430456430,PHI DELTA THETA FRATERNITY,LOCAL_CHAPTER_ENTITY,MEDIUM,COLUMBIA,MO,65203-0000,07,,9,0164,77143,1121231,IRS_EO_BMF
237357051,DELTA SIGMA THETA SORORITY INC,LOCAL_CHAPTER_ENTITY,MEDIUM,COLUMBIA,MO,65205-0364,07,,9,1188,,,IRS_EO_BMF
521329194,DELTA SIGMA THETA SORORITY INC,LOCAL_CHAPTER_ENTITY,MEDIUM,COLUMBIA,MO,65205-7655,07,,9,1188,,,IRS_EO_BMF
436031386,DELTA XI BLDG CORP OF DELTA DELTA DELTA,UNKNOWN,LOW,COLUMBIA,MO,65203-5209,07,Y99,3,,5414258,797541,IRS_EO_BMF
430214640,CHI OMEGA FRATERNITY,LOCAL_CHAPTER_ENTITY,MEDIUM,COLUMBIA,MO,65205-1245,07,,9,0273,145556,438406,IRS_EO_BMF
436052949,RHO ALPHA OF CHI OMEGA INC,PROPERTY_HOLDING_ENTITY,HIGH,COLUMBIA,MO,65205-1245,02,,3,,4549427,1398115,IRS_EO_BMF
237180149,PHI DELTA THETA CLUB OF COLUMBIA MISSOURI,UNKNOWN,LOW,COLUMBIA,MO,65203-4256,07,N50,3,,3044945,289279,IRS_EO_BMF
431098570,KAPPA DELTA SORORITY,LOCAL_CHAPTER_ENTITY,MEDIUM,COLUMBIA,MO,65201-0000,07,,9,0805,345109,553963,IRS_EO_BMF
430156640,ALPHA GAMMA RHO FRATERNITY,LOCAL_CHAPTER_ENTITY,MEDIUM,COLUMBIA,MO,65203-4608,07,,9,0339,65920,502760,IRS_EO_BMF
436052133,ALPHA GAMMA RHO BUILDING ASSOCIATION,HOUSE_CORPORATION,HIGH,COLUMBIA,MO,65203-6804,02,,3,,2105438,555202,IRS_EO_BMF
436052199,BETA THETA PI FRATERNITY,LOCAL_CHAPTER_ENTITY,MEDIUM,COLUMBIA,MO,65201-8310,07,,9,0315,113635,1526011,IRS_EO_BMF
900767327,KAPPA SIGMA FRATERNITY,LOCAL_CHAPTER_ENTITY,MEDIUM,NORMAN,OK,73072-7117,07,,9,0262,120119,1346937,IRS_EO_BMF
736100261,SIGMA CHI FRATERNITY,LOCAL_CHAPTER_ENTITY,MEDIUM,NORMAN,OK,73070-6287,07,,9,0008,2005911,1044409,IRS_EO_BMF
351937548,ALPHA CHI OMEGA FRATERNITY INC,LOCAL_CHAPTER_ENTITY,MEDIUM,COLUMBIA,MO,65201-2886,07,,9,0467,,,IRS_EO_BMF
436061869,ALPHA CHI OMEGA HOUSE CORP FOR ALPHA NU CHAPTER,HOUSE_CORPORATION,HIGH,COLUMBIA,MO,65201-0000,04,,3,,3708558,388517,IRS_EO_BMF
431469466,DELTA CHI FRATERNITY,LOCAL_CHAPTER_ENTITY,MEDIUM,COLUMBIA,MO,65201-5932,07,Y40,9,0401,290,338405,IRS_EO_BMF
882015360,SIGMA CHI FRATERNITY UNIVERSITY OF MISSOURI-COLUMBIA,UNKNOWN,LOW,COLUMBIA,MO,65201-5932,03,T150,0,,,,IRS_EO_BMF
710958302,CENTRAL MISSOURI SIGMA CHI ALUMNI,ALUMNI_CORPORATION,HIGH,COLUMBIA,MO,65203-2283,10,B83,3,,,,IRS_EO_BMF
430349120,KAPPA KAPPA GAMMA FRATERNITY INC,LOCAL_CHAPTER_ENTITY,MEDIUM,COLUMBIA,MO,65201-5143,07,,9,0894,,,IRS_EO_BMF
431080165,KAPPA KAPPA GAMMA HOUSE CORP OF COLUMBIA,HOUSE_CORPORATION,HIGH,COLUMBIA,MO,65201-5143,07,,3,,7407729,1621033,IRS_EO_BMF
810670116,ZETA PHI BETA SORORITY INC,LOCAL_CHAPTER_ENTITY,MEDIUM,COLUMBIA,MO,65205-7505,07,T50,9,1474,,,IRS_EO_BMF
900353708,THETA CHI FRATERNITY UNIVERSITY OF MISSOURI IOTA MU CHAPTER,LOCAL_CHAPTER_ENTITY,MEDIUM,COLUMBIA,MO,65203-4203,07,Y11,3,,46932,620439,IRS_EO_BMF
237432859,SIGMA NU FRATERNITY,LOCAL_CHAPTER_ENTITY,MEDIUM,COLUMBIA,MO,65203-4256,07,B83,9,0238,105050,980024,IRS_EO_BMF
430519030,SIGMA NU HOUSE CORPORATION,HOUSE_CORPORATION,HIGH,COLUMBIA,MO,65203-4256,07,,3,,5415418,274363,IRS_EO_BMF
464496506,RHO CHAPTER SIGMA NU EDUCATIONAL FOUNDATION,EDUCATIONAL_FOUNDATION,HIGH,COLUMBIA,MO,65203-4256,03,B82,3,,579,28566,IRS_EO_BMF
430349100,KAPPA ALPHA THETA FRATERNITY,LOCAL_CHAPTER_ENTITY,MEDIUM,COLUMBIA,MO,65201-5138,07,,9,0154,,,IRS_EO_BMF
237330439,BETA THETA PI CLUB OF COLUMBIA MISSOURI,UNKNOWN,LOW,COLUMBIA,MO,65201-8310,07,,3,,16425755,639000,IRS_EO_BMF
475168633,ALPHA SIGMA PHI FRATERNITY INC,LOCAL_CHAPTER_ENTITY,MEDIUM,NORMAN,OK,73069-4561,07,B83,9,6237,,,IRS_EO_BMF
320535538,PI KAPPA ALPHA FRATERNITY,LOCAL_CHAPTER_ENTITY,MEDIUM,NORMAN,OK,73072-7105,07,,9,0355,189904,874740,IRS_EO_BMF
510209088,NORMAN ALUMNI CHAPTER OF KAPPA ALPHA PSI FRATERNITY INC,ALUMNI_CORPORATION,HIGH,NORMAN,OK,73070-6481,07,B83,3,,,,IRS_EO_BMF
730581503,SIGMA ALPHA EPSILON FRATERNITY,LOCAL_CHAPTER_ENTITY,MEDIUM,NORMAN,OK,73069-1349,07,,9,0228,761526,101798,IRS_EO_BMF
394973265,ALPHA GAMMA OF PI KAPPA PHI ALUMNI CHAPTER INC,ALUMNI_CORPORATION,HIGH,NORMAN,OK,73071-8026,07,B83,3,,,,IRS_EO_BMF
730583070,LAMBDA CHI ALPHA FRATERNITY INC,LOCAL_CHAPTER_ENTITY,MEDIUM,NORMAN,OK,73069-7247,07,,9,0293,16728,938990,IRS_EO_BMF
430240451,DELTA TAU DELTA FRATERNITY,LOCAL_CHAPTER_ENTITY,MEDIUM,COLUMBIA,MO,65201-0000,07,,9,0124,477114,1213105,IRS_EO_BMF
446013887,DELTA TAU DELTA ASSOCIATION OF COLUNBIA MO,UNKNOWN,LOW,COLUMBIA,MO,65205-1232,07,,3,,7217336,576100,IRS_EO_BMF
730580030,DELTA TAU DELTA FRATERNITY,LOCAL_CHAPTER_ENTITY,MEDIUM,NORMAN,OK,73072-6429,07,,9,0124,9126,275001,IRS_EO_BMF
237109792,DELTA GAMMA FRATERNITY,LOCAL_CHAPTER_ENTITY,MEDIUM,NORMAN,OK,73070-5364,07,,9,0461,,,IRS_EO_BMF
332270397,OKLAHOMA KAPPA SIGMA PARENT CLUB INC,UNKNOWN,LOW,NORMAN,OK,73072-7117,03,B11,3,,,,IRS_EO_BMF
300407306,BETA KAPPA OF SIGMA CHI WHITE CROSS FOUNDATION,EDUCATIONAL_FOUNDATION,MEDIUM,NORMAN,OK,73069-7129,03,B82,3,,164863,22514,IRS_EO_BMF
736103699,ALPHA GAMMA DELTA FRATERNITY,LOCAL_CHAPTER_ENTITY,MEDIUM,NORMAN,OK,73072-4606,07,,9,0416,,,IRS_EO_BMF
311128130,PHI KAPPA PSI FRATERNITY,LOCAL_CHAPTER_ENTITY,MEDIUM,NORMAN,OK,73069-8836,07,,9,0301,5898,45248,IRS_EO_BMF
454902943,CHI OMEGA FRATERNITY,LOCAL_CHAPTER_ENTITY,MEDIUM,NORMAN,OK,73069-3216,07,,9,0273,,,IRS_EO_BMF
730181175,CHI OMEGA FRATERNITY,LOCAL_CHAPTER_ENTITY,MEDIUM,NORMAN,OK,73069-4609,07,,9,0273,105297,458189,IRS_EO_BMF
730589378,TRUSTEES OF OKLAHOMA ALPHA CHAPTER OF PI BETA PHI FRATERNITY INC,LOCAL_CHAPTER_ENTITY,MEDIUM,NORMAN,OK,73072-6424,07,,3,,1475565,974721,IRS_EO_BMF
730589443,PHI GAMMA DELTA FRATERNITY,LOCAL_CHAPTER_ENTITY,MEDIUM,NORMAN,OK,73072-6427,07,,9,0204,81457,1120283,IRS_EO_BMF
730586962,KAPPA KAPPA GAMMA FRATERNITY INC,LOCAL_CHAPTER_ENTITY,MEDIUM,NORMAN,OK,73069-4617,07,,9,0894,,,IRS_EO_BMF
731440348,ALPHA PHI LUCY FINNERTY EDUCATIONAL FUND,UNKNOWN,LOW,NORMAN,OK,73070-4763,03,B82Z,3,,426088,30098,IRS_EO_BMF
730582839,BETA THETA PI FRATERNITY,LOCAL_CHAPTER_ENTITY,MEDIUM,NORMAN,OK,73072-5858,07,,9,0315,190843,958408,IRS_EO_BMF
736103379,BETA THETA PI CORPORATION OF OKLA,UNKNOWN,LOW,NORMAN,OK,73072-5858,07,N50,3,,7504104,903254,IRS_EO_BMF
510178981,GAMMA PHI BETA SORORITY INC,LOCAL_CHAPTER_ENTITY,MEDIUM,NORMAN,OK,73070-8067,07,,9,0198,159203,335635,IRS_EO_BMF
640330884,KAPPA DELTA SORORITY,LOCAL_CHAPTER_ENTITY,MEDIUM,OXFORD,MS,38655-0626,07,,9,0805,724970,1060305,IRS_EO_BMF
646037534,DELTA GAMMA FRATERNITY,LOCAL_CHAPTER_ENTITY,MEDIUM,OXFORD,MS,38655-2638,07,,9,0461,,,IRS_EO_BMF
640307103,PHI MU FRATERNITY,LOCAL_CHAPTER_ENTITY,MEDIUM,OXFORD,MS,38655-1237,07,,9,0763,7493362,2013351,IRS_EO_BMF
731233879,BUILDING ASSOCIATION OF THE EPSILON ALPHA CHAPT CHI OMEGA FRATERNITY,HOUSE_CORPORATION,HIGH,NORMAN,OK,73070-9089,07,,3,,7518948,1531166,IRS_EO_BMF
332229699,ALPHA OMICRON CHAPTER OF KAPPA ALPHA THETA EDUCATIONAL FUND,LOCAL_CHAPTER_ENTITY,LOW,NORMAN,OK,73070-8645,03,B70,3,,,,IRS_EO_BMF
363380493,KAPPA ALPHA THETA FRATERNITY,LOCAL_CHAPTER_ENTITY,MEDIUM,NORMAN,OK,73072-3906,07,,9,0154,,,IRS_EO_BMF
730308390,KAPPA ALPHA THETA FRATERNITY,LOCAL_CHAPTER_ENTITY,MEDIUM,NORMAN,OK,73069-4608,07,,9,0154,,,IRS_EO_BMF
646027408,MISSISSIPPI BETA OF PI BETA PHI HOUSE ASSOCIATION INC,HOUSE_CORPORATION,HIGH,OXFORD,MS,38655-5429,07,,3,,16090493,1100519,IRS_EO_BMF
730579972,GAMMA PHI BETA SORORITY INC,LOCAL_CHAPTER_ENTITY,MEDIUM,NORMAN,OK,73069-6851,07,,9,0198,4787672,1225007,IRS_EO_BMF
730583442,KAPPA ALPHA ORDER,UNKNOWN,LOW,NORMAN,OK,73072-6422,07,,9,0066,857,374025,IRS_EO_BMF
640717329,DELTA DELTA DELTA NATIONAL HOUSE CORPORATION,HOUSE_CORPORATION,HIGH,OXFORD,MS,38655-4303,02,,9,7186,9310063,1009794,IRS_EO_BMF
832574778,EPSILON XI CHAPTER OF SIGMA NU FRATERNITY CHARITY BOWL INC,LOCAL_CHAPTER_ENTITY,LOW,OXFORD,MS,38655-1036,03,T23,3,,364723,325583,IRS_EO_BMF
311431505,SIGMA GAMMA RHO SORORITY INC,LOCAL_CHAPTER_ENTITY,MEDIUM,OXFORD,MS,38655-5859,07,,9,1540,,,IRS_EO_BMF
911876159,SIGMA GAMMA RHO SORORITY INC,LOCAL_CHAPTER_ENTITY,MEDIUM,OXFORD,MS,38655-5859,07,,9,1540,,,IRS_EO_BMF
640304773,SIGMA NU FRATERNITY,LOCAL_CHAPTER_ENTITY,MEDIUM,OXFORD,MS,38655-1036,07,,9,0238,64075,1938863,IRS_EO_BMF
882444294,HOUSE CORPORATION OF EPSILON XI CHAPTER OF SIGMA NU,HOUSE_CORPORATION,HIGH,UNIVERSITY,MS,38677-0000,07,B83,3,,7556329,1145042,IRS_EO_BMF
640315255,SIGMA CHI FRATERNITY ETA CHAPTER,LOCAL_CHAPTER_ENTITY,MEDIUM,OXFORD,MS,38655-1075,07,,9,0008,6718097,2589335,IRS_EO_BMF
237160987,TAU OF CHI OMEGA FRATERNITY HOUSE CORPORATION,HOUSE_CORPORATION,HIGH,OXFORD,MS,38655-1237,07,B83,3,,22124614,3539629,IRS_EO_BMF
640307108,CHI OMEGA FRATERNITY,LOCAL_CHAPTER_ENTITY,MEDIUM,OXFORD,MS,38655-0000,07,,9,0273,95284,625320,IRS_EO_BMF
932302343,CHAPTER HOUSE ASSOCIATION OF PI CHAPTER OF THE DELTA TAU DELTA FRA,HOUSE_CORPORATION,HIGH,OXFORD,MS,38655-1237,02,Y11,3,,156911,793074,IRS_EO_BMF
852949016,DELTA TAU DELTA FRATERNITY,LOCAL_CHAPTER_ENTITY,MEDIUM,OXFORD,MS,38655-1237,07,,9,0124,9537,597430,IRS_EO_BMF
237432869,MISSISSIPPI GAMMA HOUSE ASSN OF SIGMA ALPHA EPSILON,HOUSE_CORPORATION,HIGH,OXFORD,MS,38655-1237,02,,3,,1486946,58403,IRS_EO_BMF
640315254,SIGMA ALPHA EPSILON FRATERNITY,LOCAL_CHAPTER_ENTITY,MEDIUM,OXFORD,MS,38655-1237,07,,9,0228,730218,1335649,IRS_EO_BMF
640412138,ALPHA TAU OMEGA FRATERNITY,LOCAL_CHAPTER_ENTITY,MEDIUM,OXFORD,MS,38655-0925,07,,9,0287,284677,1467397,IRS_EO_BMF
237229883,MISSISSIPPI ALPHA CHAPTER HOUSE CORPORATION OF PHI DELTA THETA FRA,HOUSE_CORPORATION,HIGH,OXFORD,MS,38655-7000,07,N50,3,,2003976,585902,IRS_EO_BMF
640308935,PHI DELTA THETA FRATERNITY,LOCAL_CHAPTER_ENTITY,MEDIUM,OXFORD,MS,38655-7000,07,,9,0164,702195,1921798,IRS_EO_BMF
576025618,SC ALPHA CHAPTER OF SIGMA PHI EPSILON FRATERNITY,LOCAL_CHAPTER_ENTITY,MEDIUM,COLUMBIA,SC,29201-4118,07,B83,3,,,,IRS_EO_BMF
912136335,SIGMA GAMMA RHO SORORITY INC,LOCAL_CHAPTER_ENTITY,MEDIUM,COLUMBIA,SC,29202-7736,07,B83,9,1540,,,IRS_EO_BMF
576033523,KAPPA ALPHA ORDER,UNKNOWN,LOW,COLUMBIA,SC,29201-4117,07,,9,0066,30732,576924,IRS_EO_BMF
237128453,LAMBDA CHI ALPHA FRATERNITY INC,LOCAL_CHAPTER_ENTITY,MEDIUM,COLUMBIA,SC,29201-4117,07,,9,0293,774,34,IRS_EO_BMF
576034943,KAPPA SIGMA FRATERNITY,LOCAL_CHAPTER_ENTITY,MEDIUM,COLUMBIA,SC,29201-4155,07,,9,0262,3074,316407,IRS_EO_BMF
576025490,DELTA SIGMA THETA SORORITY INC,LOCAL_CHAPTER_ENTITY,MEDIUM,COLUMBIA,SC,29202-7784,07,,9,1188,,,IRS_EO_BMF
237219356,KAPPA KAPPA GAMMA FRATERNITY INC,LOCAL_CHAPTER_ENTITY,MEDIUM,OXFORD,MS,38655-3001,07,,9,0894,15638886,2867700,IRS_EO_BMF
640812902,DELTA SIGMA THETA SORORITY INC,LOCAL_CHAPTER_ENTITY,MEDIUM,OXFORD,MS,38655-0566,07,,9,1188,,,IRS_EO_BMF
208655786,GAMMA CHI CHAPTER OF THE ALPHA EPSILON PI CHAPTER,LOCAL_CHAPTER_ENTITY,LOW,COLUMBIA,SC,29201-3934,07,B83,3,,7282,388282,IRS_EO_BMF
760784537,SIGMA GAMMA RHO SORORITY INC,LOCAL_CHAPTER_ENTITY,MEDIUM,COLUMBIA,SC,29224-4143,03,S81,9,1540,,,IRS_EO_BMF
582279145,RHO CHAPTER KAPPA ALPHA HOUSING CORPORATION,HOUSE_CORPORATION,HIGH,COLUMBIA,SC,29201-2625,02,S47,3,,1286268,652592,IRS_EO_BMF
237145973,SIGMA ALPHA EPSILON SOUTH CAROLINA DELTA CHAPTER,LOCAL_CHAPTER_ENTITY,LOW,COLUMBIA,SC,29201-4117,07,N50,3,,13333,605994,IRS_EO_BMF
570811123,ETA GAMMA CHAPTER OF CHI OMEGA FRATERNITY HOUSING CORPORATION,HOUSE_CORPORATION,HIGH,COLUMBIA,SC,29201-4109,07,,3,,9302989,1352507,IRS_EO_BMF
576033531,PI KAPPA PHI FRATERNITY,LOCAL_CHAPTER_ENTITY,MEDIUM,COLUMBIA,SC,29201-4128,07,B83,3,,15063,411890,IRS_EO_BMF
237098914,ZETA EPSILON CHAPTER OF KAPPA ALPHA PSI FRATERNITY INC,LOCAL_CHAPTER_ENTITY,MEDIUM,COLUMBIA,SC,29204-1217,07,B83,3,,,,IRS_EO_BMF
741132046,KAPPA ALPHA ORDER,UNKNOWN,LOW,AUSTIN,TX,78705-4336,07,,9,0066,16514,1413975,IRS_EO_BMF
383878997,ALPHA GAMMA DELTA FRATERNITY,LOCAL_CHAPTER_ENTITY,MEDIUM,COLUMBIA,SC,29201-2808,07,,9,0416,273678,816092,IRS_EO_BMF
300234356,SIGMA GAMMA RHO SORORITY INC,LOCAL_CHAPTER_ENTITY,MEDIUM,COLUMBIA,SC,29202-7736,07,,9,1540,,,IRS_EO_BMF
570672120,SIGMA GAMMA RHO SORORITY INC,LOCAL_CHAPTER_ENTITY,MEDIUM,COLUMBIA,SC,29229-6883,07,,9,1540,,,IRS_EO_BMF
464828091,LAMBDA THETA HOUSE CORPORATION OF PHI MU FRATERNITY,HOUSE_CORPORATION,HIGH,COLUMBIA,SC,29201-4128,02,S47,3,,3208917,1657034,IRS_EO_BMF
570742538,CHI OMEGA FRATERNITY,LOCAL_CHAPTER_ENTITY,MEDIUM,COLUMBIA,SC,29201-4109,07,,9,0273,105381,527579,IRS_EO_BMF
201554454,GAMMA PHI BETA SORORITY INC,LOCAL_CHAPTER_ENTITY,MEDIUM,COLUMBIA,SC,29201-4109,07,,9,0198,367017,436490,IRS_EO_BMF
824644973,PHI DELTA THETA FRATERNITY,LOCAL_CHAPTER_ENTITY,MEDIUM,COLUMBIA,SC,29208-0001,07,,9,0164,4313,367453,IRS_EO_BMF
576034368,ALPHA TAU OMEGA FRATERNITY,LOCAL_CHAPTER_ENTITY,MEDIUM,COLUMBIA,SC,29208-0001,07,,9,0287,,,IRS_EO_BMF
576029840,SIGMA NU FRATERNITY,LOCAL_CHAPTER_ENTITY,MEDIUM,COLUMBIA,SC,29225-4002,07,N50,3,,,,IRS_EO_BMF
626074381,DELTA GAMMA FRATERNITY,LOCAL_CHAPTER_ENTITY,MEDIUM,KNOXVILLE,TN,37932-1696,07,,9,0461,,,IRS_EO_BMF
576025509,KAPPA ALPHA PSI FRATERNITY,LOCAL_CHAPTER_ENTITY,MEDIUM,COLUMBIA,SC,29230-3313,07,,9,1372,,,IRS_EO_BMF
576029857,KAPPA ALPHA PSI FRATERNITY,LOCAL_CHAPTER_ENTITY,MEDIUM,COLUMBIA,SC,29229-7136,07,,9,1372,,,IRS_EO_BMF
576027420,PI KAPPA ALPHA FRATERNITY,LOCAL_CHAPTER_ENTITY,MEDIUM,COLUMBIA,SC,29201-3417,07,B83,9,0355,11914,247307,IRS_EO_BMF
262269911,ALPHA ETA CHAPTER OF PHI KAPPA SIGMA INTERNATIONAL FRATERNITY,NATIONAL_PARENT,MEDIUM,COLUMBIA,SC,29201-4639,07,B83,3,,,,IRS_EO_BMF
576029811,KAPPA KAPPA GAMMA FRATERNITY INC,LOCAL_CHAPTER_ENTITY,MEDIUM,COLUMBIA,SC,29201-4118,07,,9,0894,,,IRS_EO_BMF
842992938,DELTA TAU DELTA FRATERNITY,LOCAL_CHAPTER_ENTITY,MEDIUM,COLUMBIA,SC,29208-0001,07,,9,0124,,239413,IRS_EO_BMF
881572230,RHO-OMEGA OF TAU KAPPA EPSILON,UNKNOWN,LOW,COLUMBIA,SC,29205-3249,03,B83,3,,146825,146825,IRS_EO_BMF
956092634,DELTA ZETA SORORITY,LOCAL_CHAPTER_ENTITY,MEDIUM,KNOXVILLE,TN,37922-4474,07,,9,0310,,,IRS_EO_BMF
932852752,DELTA KAPPA EPSILON COUNCIL,UNKNOWN,LOW,KNOXVILLE,TN,37916-1903,07,,9,0599,,,IRS_EO_BMF
861948737,LAMBDA CHI ALPHA FRATERNITY INC,LOCAL_CHAPTER_ENTITY,MEDIUM,KNOXVILLE,TN,37916-4004,07,,9,0293,12215,429100,IRS_EO_BMF
576025497,DELTA SIGMA THETA SORORITY INC,LOCAL_CHAPTER_ENTITY,MEDIUM,COLUMBIA,SC,29250-0834,07,,9,1188,,,IRS_EO_BMF
832840421,ALPHA SIGMA PHI FRANTERNITY INC,UNKNOWN,LOW,COLUMBIA,SC,29201-4020,07,B83,9,6237,,,IRS_EO_BMF
521345266,BETA BETA ZETA CHAPTER ZETA PHI BETA SORORITY INCORPORATED,LOCAL_CHAPTER_ENTITY,MEDIUM,COLUMBIA,SC,29205-1050,07,N50,3,,99266,148356,IRS_EO_BMF
576025458,KAPPA DELTA SORORITY,LOCAL_CHAPTER_ENTITY,MEDIUM,COLUMBIA,SC,29201-4110,07,,9,0805,510893,733238,IRS_EO_BMF
320299158,BETA THETA PI FRATERNITY,LOCAL_CHAPTER_ENTITY,MEDIUM,COLUMBIA,SC,29208-0001,07,,9,0315,,,IRS_EO_BMF
620256693,KAPPA SIGMA FRATERNITY,LOCAL_CHAPTER_ENTITY,MEDIUM,KNOXVILLE,TN,37916-3424,07,,9,0262,45099,405433,IRS_EO_BMF
626111214,KAPPA SIGMA FRATERNITY,PROPERTY_HOLDING_ENTITY,HIGH,KNOXVILLE,TN,37930-2186,02,,3,,506640,140119,IRS_EO_BMF
853431251,PHI KAPPA TAU FRATERNITY,LOCAL_CHAPTER_ENTITY,MEDIUM,KNOXVILLE,TN,37922-2380,07,,9,0332,,,IRS_EO_BMF
620495178,TENNESSEE KAPPA CHAPTER OF SIGMA ALPHA EPSILON,LOCAL_CHAPTER_ENTITY,LOW,KNOXVILLE,TN,37916-4004,07,,3,,71810,1067575,IRS_EO_BMF
934782328,TENNESSEE ALPHA ALUMNI ASSOCIATION OF SIGMA ALPHA EPSILON,ALUMNI_CORPORATION,HIGH,KNOXVILLE,TN,37938-0001,07,B84,3,,,,IRS_EO_BMF
626075139,EPSILON ETA CHAPTER OF SIGMA NU FRATERNITY,LOCAL_CHAPTER_ENTITY,MEDIUM,KNOXVILLE,TN,37916-4004,07,N50,3,,17306,723286,IRS_EO_BMF
621414737,BETA SIGMA OF SIGMA CHI HOUSE CORPORATION,HOUSE_CORPORATION,HIGH,KNOXVILLE,TN,37939-0631,07,,3,,1309197,223775,IRS_EO_BMF
626042374,DELTA SIGMA HOUSE CORPORATION OF DELTA DELTA DELTA,HOUSE_CORPORATION,HIGH,KNOXVILLE,TN,37919-4823,07,,3,,4951524,566345,IRS_EO_BMF
626046726,ALPHA CHI OMEGA FRATERNITY INC,LOCAL_CHAPTER_ENTITY,MEDIUM,KNOXVILLE,TN,37921-1462,07,,9,0467,,,IRS_EO_BMF
521344974,ZETA PHI BETA SORORITY INC,LOCAL_CHAPTER_ENTITY,MEDIUM,KNOXVILLE,TN,37914-2785,07,,9,1474,,,IRS_EO_BMF
263814386,ALPHA EPSILON HOUSE CORPORATION OF KAPPA DELTA SORORITY,HOUSE_CORPORATION,HIGH,KNOXVILLE,TN,37919-7440,07,B198,3,,5590383,926562,IRS_EO_BMF
626047671,KAPPA DELTA SORORITY,LOCAL_CHAPTER_ENTITY,MEDIUM,KNOXVILLE,TN,37916-4143,07,,9,0805,526716,937848,IRS_EO_BMF
621386377,PI CHAPTER CHI OMEGA FRATERNITY HOUSE CORP,HOUSE_CORPORATION,HIGH,KNOXVILLE,TN,37939-0458,07,,3,,1029625,988660,IRS_EO_BMF
626047975,CHI OMEGA FRATERNITY,LOCAL_CHAPTER_ENTITY,MEDIUM,KNOXVILLE,TN,37916-4144,07,,9,0273,39162,414498,IRS_EO_BMF
740898333,SIGMA ALPHA MU FRATERNITY,LOCAL_CHAPTER_ENTITY,MEDIUM,AUSTIN,TX,78705-4327,07,,9,0387,807670,864966,IRS_EO_BMF
626079197,DELTA SIGMA THETA SORORITY INC,LOCAL_CHAPTER_ENTITY,MEDIUM,KNOXVILLE,TN,37914-1181,07,,9,1188,,,IRS_EO_BMF
352570603,PI KAPPA ALPHA FRATERNITY,LOCAL_CHAPTER_ENTITY,MEDIUM,KNOXVILLE,TN,37916-4004,07,B83,9,0355,3986,413628,IRS_EO_BMF
237150072,PHI DELTA THETA FRATERNITY TENNESSEE GAMMA CHAPTER,LOCAL_CHAPTER_ENTITY,MEDIUM,KNOXVILLE,TN,37916-4004,07,N50,3,,,,IRS_EO_BMF
626045032,ALPHA DELTA PI HOUSE CORP ALPHA KAPPA,HOUSE_CORPORATION,HIGH,KNOXVILLE,TN,37916-4139,07,,3,,2425285,1363197,IRS_EO_BMF
626064351,ZETA PHI BETA SORORITY INC,LOCAL_CHAPTER_ENTITY,MEDIUM,KNOXVILLE,TN,37996-4525,07,,9,1474,,,IRS_EO_BMF
991140622,DELTA TAU DELTA FRATERNITY,LOCAL_CHAPTER_ENTITY,MEDIUM,KNOXVILLE,TN,37916-1577,07,,9,0124,,,IRS_EO_BMF
237123123,BETA THETA PI FRATERNITY,LOCAL_CHAPTER_ENTITY,MEDIUM,KNOXVILLE,TN,37916-4004,07,,9,0315,,,IRS_EO_BMF
371916316,PHI GAMMA DELTA FRATERNITY,LOCAL_CHAPTER_ENTITY,MEDIUM,KNOXVILLE,TN,37916-4004,07,,9,0204,2243,273653,IRS_EO_BMF
272465386,VIRGINIA BETA CHAPTER OF SIGMA PHI EPSILON,LOCAL_CHAPTER_ENTITY,LOW,KNOXVILLE,TN,37922-5641,07,B83,3,,,,IRS_EO_BMF
922226342,SIGMA PHI EPSILON- VA BETA AVC,UNKNOWN,LOW,KNOXVILLE,TN,37922-5641,07,N50,3,,,,IRS_EO_BMF
237279496,KAPPA ALPHA PSI FRATERNITY,LOCAL_CHAPTER_ENTITY,MEDIUM,KNOXVILLE,TN,37930-2603,07,N50,3,,,,IRS_EO_BMF
626064259,KAPPA KAPPA GAMMA FRATERNITY INC,LOCAL_CHAPTER_ENTITY,MEDIUM,KNOXVILLE,TN,37916-3104,07,,9,0894,,,IRS_EO_BMF
741130603,ALPHA EPSILON PI FRATERNITY,LOCAL_CHAPTER_ENTITY,MEDIUM,AUSTIN,TX,78705-3603,07,,9,1064,8272,98900,IRS_EO_BMF
741130614,SIGMA PHI EPSILON FRATERNITY INC,LOCAL_CHAPTER_ENTITY,MEDIUM,AUSTIN,TX,78733-1834,07,,9,0309,159745,1550873,IRS_EO_BMF
742188211,SIGMA PHI EPSILON EDUCATION FOUNDATION OF TEXAS ALPHA,EDUCATIONAL_FOUNDATION,HIGH,AUSTIN,TX,78733-1834,03,B83Z,3,,446625,114362,IRS_EO_BMF
742831564,ZETA BETA TAU FRATERNITY,LOCAL_CHAPTER_ENTITY,MEDIUM,AUSTIN,TX,78701-3214,07,,9,0158,444159,2658812,IRS_EO_BMF
311023916,SIGMA GAMMA RHO SORORITY INC,LOCAL_CHAPTER_ENTITY,MEDIUM,AUSTIN,TX,78714-3674,07,,9,1540,,,IRS_EO_BMF
742657125,SIGMA GAMMA RHO SORORITY INC MU UPSILON CHAPTER,LOCAL_CHAPTER_ENTITY,MEDIUM,AUSTIN,TX,78714-3674,07,N50,3,,,,IRS_EO_BMF
746084912,SIGMA GAMMA RHO SORORITY INC,LOCAL_CHAPTER_ENTITY,MEDIUM,AUSTIN,TX,78714-3674,07,B83,3,,,,IRS_EO_BMF
741130608,PHI GAMMA DELTA FRATERNITY,LOCAL_CHAPTER_ENTITY,MEDIUM,AUSTIN,TX,78705-5717,07,,9,0204,1413202,2910992,IRS_EO_BMF
741130611,SIGMA ALPHA EPSILON FRATERNITY,LOCAL_CHAPTER_ENTITY,MEDIUM,AUSTIN,TX,78705-4712,07,,9,0228,472412,2427551,IRS_EO_BMF
746062620,ALPHA CHI OMEGA FRATERNITY INC,LOCAL_CHAPTER_ENTITY,MEDIUM,AUSTIN,TX,78731-3064,07,,9,0467,,,IRS_EO_BMF
746047117,BUILDING CORPORATION OF DELTA CHAPTER OF ALPHA DELTA PI,HOUSE_CORPORATION,HIGH,AUSTIN,TX,78705-4017,07,B83,3,,1869763,1152082,IRS_EO_BMF
510225631,KAPPA ALPHA PSI FRATERNITY INC,LOCAL_CHAPTER_ENTITY,MEDIUM,AUSTIN,TX,78705-0000,07,,3,,,,IRS_EO_BMF
205601286,PI KAPPA ALPHA FRATERNITY,LOCAL_CHAPTER_ENTITY,MEDIUM,AUSTIN,TX,78729-7229,07,,9,0355,,,IRS_EO_BMF
260084683,ALUMNI CORPORATION OF ETA CHAPTER OF THE DELTA SIGMA PHI FRATERNITY,ALUMNI_CORPORATION,HIGH,AUSTIN,TX,78763-0052,07,B83,3,,,,IRS_EO_BMF
741130606,LAMBDA CHI ALPHA FRATERNITY INC,LOCAL_CHAPTER_ENTITY,MEDIUM,AUSTIN,TX,78705-4312,07,B83,9,0293,2361,83154,IRS_EO_BMF
270246718,PI KAPPA PHI FRATERNITY AT AUSTIN AREA HOUSING CORPORATION,HOUSE_CORPORATION,HIGH,AUSTIN,TX,78759-6836,07,Y42,3,,,,IRS_EO_BMF
746081377,KAPPA ALPHA PSI FRATERNITY,LOCAL_CHAPTER_ENTITY,MEDIUM,AUSTIN,TX,78702-2753,07,,3,,,,IRS_EO_BMF
740555581,CHI OMEGA FRATERNITY,LOCAL_CHAPTER_ENTITY,MEDIUM,AUSTIN,TX,78705-4018,07,B83,3,,2550378,1557487,IRS_EO_BMF
746084213,CHI OMEGA FRATERNITY IOTA CHAPTER UNIV OF TX AT AUSTIN,LOCAL_CHAPTER_ENTITY,MEDIUM,AUSTIN,TX,78705-4018,07,,9,0273,149523,1840777,IRS_EO_BMF
742905248,KAPPA PHI GAMMA,UNKNOWN,LOW,AUSTIN,TX,78712-1055,07,N50,3,,,,IRS_EO_BMF
741120034,PI KAPPA ALPHA FRATERNITY,LOCAL_CHAPTER_ENTITY,MEDIUM,AUSTIN,TX,78705-4606,07,,9,0355,152724,1229106,IRS_EO_BMF
746062995,DELTA SIGMA THETA SORORITY INC,LOCAL_CHAPTER_ENTITY,MEDIUM,AUSTIN,TX,78714-3381,07,,9,1188,,,IRS_EO_BMF
742789448,BENEVOLENT FUND-PSI BETA SIGMA CHAPTER OF PHI BETA SIGMA FRAT INC,LOCAL_CHAPTER_ENTITY,LOW,AUSTIN,TX,78758-2491,03,P20,3,,,,IRS_EO_BMF
743004321,TEXAS DELTA CHI HOUSING CORP,HOUSE_CORPORATION,HIGH,AUSTIN,TX,78703-3011,02,,3,,549369,221083,IRS_EO_BMF
741116912,SIGMA CHI FRATERNITY,LOCAL_CHAPTER_ENTITY,MEDIUM,AUSTIN,TX,78705-4014,07,,9,0008,84028,899711,IRS_EO_BMF
900956019,SIGMA LAMBDA ALPHA SORORITY INC,LOCAL_CHAPTER_ENTITY,MEDIUM,AUSTIN,TX,78709-2471,07,B83,3,,5458,25715,IRS_EO_BMF
740481786,ALPHA EPSILON PHI SORORITY OMEGA CHAPTER,LOCAL_CHAPTER_ENTITY,MEDIUM,AUSTIN,TX,78705-4599,07,,3,,406114,496979,IRS_EO_BMF
741493205,KAPPA CHAPTER OF ZETA TAU ALPHA HOUSE CORPORATION,HOUSE_CORPORATION,HIGH,AUSTIN,TX,78705-4014,02,,3,,2654594,600166,IRS_EO_BMF
746060984,TEXAS ALPHA HOUSE CORPORATION OF PI BETA PHI,HOUSE_CORPORATION,HIGH,AUSTIN,TX,78763-5763,07,,3,,2070772,1315315,IRS_EO_BMF
510165062,CHI OMEGA FRATERNITY,LOCAL_CHAPTER_ENTITY,MEDIUM,COLLEGE STA,TX,77840-3533,07,,9,0273,173864,931818,IRS_EO_BMF
741932980,XI KAPPA OF CHI OMEGA HOUSE CORP,HOUSE_CORPORATION,HIGH,COLLEGE STA,TX,77845-6113,07,,3,,2715905,1274084,IRS_EO_BMF
834409140,LAMBDA CHI ALPHA FRATERNITY INC,LOCAL_CHAPTER_ENTITY,MEDIUM,COLLEGE STA,TX,77845-2308,07,,9,0293,25692,64094,IRS_EO_BMF
742061485,PI KAPPA PHI FRATERNITY DELTA OMEGA CHAPTER,LOCAL_CHAPTER_ENTITY,MEDIUM,STATION,TX,77845-0000,07,B83,3,,,,IRS_EO_BMF
134264657,GAMMA PHI BETA SORORITY INC,LOCAL_CHAPTER_ENTITY,MEDIUM,COLLEGE STA,TX,77840-3532,07,,9,0198,249267,371033,IRS_EO_BMF
510207538,SIGMA CHI FRATERNITY,LOCAL_CHAPTER_ENTITY,MEDIUM,COLLEGE STA,TX,77845-6588,07,,9,0008,29995,1058968,IRS_EO_BMF
510195944,KAPPA KAPPA GAMMA FRATERNITY INC,LOCAL_CHAPTER_ENTITY,MEDIUM,COLLEGE STA,TX,77840-3534,07,,9,0894,,,IRS_EO_BMF
732350514,TEXAS ETA CHAPTER OF PI BETA PHI HOUSE CORPORATION,HOUSE_CORPORATION,HIGH,COLLEGE STA,TX,77840-3500,07,,3,,1142550,498385,IRS_EO_BMF
741219941,BETA XI OF KAPPA KAPPA GAMMA HOUSE ASSOCIATION,HOUSE_CORPORATION,HIGH,AUSTIN,TX,78705-5623,07,,3,,4953114,2065385,IRS_EO_BMF
740720318,KAPPA KAPPA GAMMA FRATERNITY INC,LOCAL_CHAPTER_ENTITY,MEDIUM,AUSTIN,TX,78705-5623,07,,9,0894,,,IRS_EO_BMF
742657126,THETA CHI FRATERNITY INC,LOCAL_CHAPTER_ENTITY,MEDIUM,AUSTIN,TX,78705-4131,07,Y42,3,,,,IRS_EO_BMF
742205939,KAPPA DELTA SORORITY,LOCAL_CHAPTER_ENTITY,MEDIUM,AUSTIN,TX,78705-5207,07,,9,0805,256814,515484,IRS_EO_BMF
741135209,KAPPA ALPHA THETA FRATERNITY,LOCAL_CHAPTER_ENTITY,MEDIUM,AUSTIN,TX,78705-4711,07,,9,0154,,,IRS_EO_BMF
746061146,KAPPA ALPHA THETA FRATERNITY,LOCAL_CHAPTER_ENTITY,MEDIUM,AUSTIN,TX,78746-1261,07,,9,0154,,,IRS_EO_BMF
810575553,PHI GAMMA DELTA FRATERNITY,LOCAL_CHAPTER_ENTITY,MEDIUM,COLLEGE STATION,TX,77845-0000,07,,9,0204,100401,853959,IRS_EO_BMF
742205743,KAPPA ALPHA ORDER,UNKNOWN,LOW,COLLEGE STA,TX,77845-8060,07,,9,0066,58457,673286,IRS_EO_BMF
812525354,ALPHA SIGMA PHI FRATERNITY INC,LOCAL_CHAPTER_ENTITY,MEDIUM,COLLEGE STA,TX,77845-6803,07,B83,9,6237,,,IRS_EO_BMF
742930349,ETA ALPHA HOUSE CORPORATION OF KAPPA DELTA SORORITY,HOUSE_CORPORATION,HIGH,COLLEGE STA,TX,77840-1743,07,B83,3,,1020068,850147,IRS_EO_BMF
932956818,IOTA PHI THETA DKO COMMUNITY ENGAGEMENT COMMITTEE,UNKNOWN,LOW,AUSTIN,TX,78731-4257,03,Y40,3,,1,1,IRS_EO_BMF
882909306,AGGIE THETA CHI ALUMNI ASSOCIATION,ALUMNI_CORPORATION,HIGH,AUSTIN,TX,78731-4298,07,B84,3,,,,IRS_EO_BMF
010799428,SIGMA EPSILON OF KAPPA DELTA FOUNDATION,EDUCATIONAL_FOUNDATION,MEDIUM,AUSTIN,TX,78705-5207,03,,3,,,,IRS_EO_BMF
742155975,SIGMA EPSILON OF KAPPA DELTA HOUSE CORP,HOUSE_CORPORATION,HIGH,AUSTIN,TX,78705-5207,07,,3,,2844505,1311746,IRS_EO_BMF
741116922,DELTA TAU DELTA FRATERNITY,LOCAL_CHAPTER_ENTITY,MEDIUM,AUSTIN,TX,78765-4870,07,,9,0124,457424,1508452,IRS_EO_BMF
746082351,DELTA TAU DELTA BUILDING ASSN,PROPERTY_HOLDING_ENTITY,HIGH,AUSTIN,TX,78716-2731,02,,3,,9238907,812253,IRS_EO_BMF
741184325,GAMMA-UPSILON CHAPTER OF TAU KAPPA EPSILON FRATERNITY,LOCAL_CHAPTER_ENTITY,MEDIUM,AUSTIN,TX,78705-5417,07,B83,3,,,,IRS_EO_BMF
311333127,SIGMA GAMMA RHO SORORITY INC,LOCAL_CHAPTER_ENTITY,MEDIUM,COLLEGE STATION,TX,77843-0001,07,,9,1540,,,IRS_EO_BMF
521601954,KAPPA ALPHA PSI FRATERNITY,LOCAL_CHAPTER_ENTITY,MEDIUM,COLLEGE STATION,TX,77843-0001,07,,9,1372,,,IRS_EO_BMF
273674898,PI KAPPA ALPHA FRATERNITY,LOCAL_CHAPTER_ENTITY,MEDIUM,COLLEGE STA,TX,77845-4103,07,,9,0355,116604,1393481,IRS_EO_BMF
621793998,KAPPA DELTA SORORITY,LOCAL_CHAPTER_ENTITY,MEDIUM,COLLEGE STA,TX,77840-3644,07,,9,0805,156776,643359,IRS_EO_BMF
742107148,KAPPA ALPHA THETA FRATERNITY,LOCAL_CHAPTER_ENTITY,MEDIUM,COLLEGE STA,TX,77840-3533,07,,9,0154,,,IRS_EO_BMF
620416868,ZETA BETA TAU FRATERNITY,LOCAL_CHAPTER_ENTITY,MEDIUM,NASHVILLE,TN,37212-2032,07,,9,0158,,,IRS_EO_BMF
626047392,SIGMA GAMMA RHO SOROITY INC,UNKNOWN,LOW,NASHVILLE,TN,37209-1500,07,,9,1540,,,IRS_EO_BMF
626074044,CHI OMEGA FRATERNITY,LOCAL_CHAPTER_ENTITY,MEDIUM,NASHVILLE,TN,37212-2036,07,,9,0273,243021,207477,IRS_EO_BMF
621568388,OMEGA PSI PHI FRATERNITY,LOCAL_CHAPTER_ENTITY,MEDIUM,NASHVILLE,TN,37218-2512,07,,9,1205,,,IRS_EO_BMF
626048454,KAPPA ALPHA PSI FRATERNITY,LOCAL_CHAPTER_ENTITY,MEDIUM,NASHVILLE,TN,37218-3622,07,B83,3,,,,IRS_EO_BMF
237357025,DELTA SIGMA THETA SORORITY INC,LOCAL_CHAPTER_ENTITY,MEDIUM,NASHVILLE,TN,37202-4915,07,,9,1188,,,IRS_EO_BMF
237290865,KAPPA KAPPA GAMMA FRATERNITY INC,LOCAL_CHAPTER_ENTITY,MEDIUM,NASHVILLE,TN,37212-2027,07,,9,0894,,,IRS_EO_BMF
621316998,KAPPA ALPHA THETA FRATERNITY,LOCAL_CHAPTER_ENTITY,MEDIUM,NASHVILLE,TN,37212-2034,07,,9,0154,,,IRS_EO_BMF
742244833,DELTA TAU DELTA FRATERNITY,LOCAL_CHAPTER_ENTITY,MEDIUM,COLLEGE STA,TX,77845-3026,07,,9,0124,15914,395480,IRS_EO_BMF
742323863,KAPPA ALPHA THETA FRATERNITY,LOCAL_CHAPTER_ENTITY,MEDIUM,COLLEGE STA,TX,77845-4551,07,,9,0154,,,IRS_EO_BMF
596197166,SIGMA GAMMA RHO SOROITY INC,UNKNOWN,LOW,NASHVILLE,TN,37208-3045,07,,9,1540,,,IRS_EO_BMF
824342889,LAMBDA CHI ALPHA FRATERNITY INC,LOCAL_CHAPTER_ENTITY,MEDIUM,NASHVILLE,TN,37235-0002,07,,9,0293,,,IRS_EO_BMF
900652699,FIFTH DISTRICT OF OMEGA PSI PHI FRATERNITY INC,LOCAL_CHAPTER_ENTITY,MEDIUM,NASHVILLE,TN,37208-1068,07,S82,3,,317361,303806,IRS_EO_BMF
621218011,ALPHA DELTA PI HOUSE CORPORATION,HOUSE_CORPORATION,HIGH,NASHVILLE,TN,37212-2036,07,,3,,601871,111661,IRS_EO_BMF
530209696,OMEGA PSI PHI FRATERNITY,NATIONAL_PARENT,HIGH,DECATUR,GA,30035-3202,07,,6,1205,25596389,13960908,IRS_EO_BMF
530261012,ZETA PHI BETA SORORITY INC,NATIONAL_PARENT,HIGH,WASHINGTON,DC,20009-2526,07,,6,1474,26909201,16302856,IRS_EO_BMF
010158948,SIGMA KAPPA SORORITY,NATIONAL_PARENT,HIGH,CARMEL,IN,46032-5331,07,,6,0594,14861754,10076067,IRS_EO_BMF
362426170,GAMMA PHI BETA SORORITY INC,NATIONAL_PARENT,HIGH,CENTENNIAL,CO,80112-3419,07,,6,0198,39472105,17431733,IRS_EO_BMF
311410311,BETA THETA PI FRATERNITY,LOCAL_CHAPTER_ENTITY,MEDIUM,COLLEGE STA,TX,77840-2843,07,N50,9,0315,,,IRS_EO_BMF
815056843,TAMU BETA THETA PI MOMS CLUB,UNKNOWN,LOW,COLLEGE STATION,TX,77845-0000,07,N50,3,,34299,64229,IRS_EO_BMF
800740384,SIGMA GAMMA RHO SORORITY INC,LOCAL_CHAPTER_ENTITY,MEDIUM,NASHVILLE,TN,37235-0001,07,,9,1540,,,IRS_EO_BMF
620671306,KAPPA ALPHA ORDER,UNKNOWN,LOW,NASHVILLE,TN,37212-2036,07,,9,0066,5108,232046,IRS_EO_BMF
626047637,ALPHA CHI OMEGA FRATERNITY INC,LOCAL_CHAPTER_ENTITY,MEDIUM,NASHVILLE,TN,37211-7028,07,,9,0467,,,IRS_EO_BMF
263623864,KAPPA SIGMA FRATERNITY,LOCAL_CHAPTER_ENTITY,MEDIUM,NASHVILLE,TN,37212-2036,07,,9,0262,276,215243,IRS_EO_BMF
300568601,ALPHA KAPPA ALPHA SORORTIY INC,UNKNOWN,LOW,NASHVILLE,TN,37212-3758,03,,9,9462,,,IRS_EO_BMF
626065057,ETA PSI CHAPTER OF OMEGA PSI PHI FRATERNITY INC,LOCAL_CHAPTER_ENTITY,MEDIUM,NASHVILLE,TN,37208-3045,07,B83,3,,,,IRS_EO_BMF
237279516,NASHVILLE ALUMNI CHAPTER KAPPA ALPHA PSI FRATERNITY INC,ALUMNI_CORPORATION,HIGH,NASHVILLE,TN,37228-0833,07,N50,3,,43356,49907,IRS_EO_BMF
521612746,KAPPA ALPHA PSI FRATERNITY,LOCAL_CHAPTER_ENTITY,MEDIUM,NASHVILLE,TN,37240-7727,07,,9,1372,,,IRS_EO_BMF
473151737,PI KAPPA ALPHA FRATERNITY,LOCAL_CHAPTER_ENTITY,MEDIUM,NASHVILLE,TN,37212-2032,07,,9,0355,137,89927,IRS_EO_BMF
933530281,PI KAPPA ALPHA FRATERNITY,LOCAL_CHAPTER_ENTITY,MEDIUM,NASHVILLE,TN,37202-3817,07,,9,0355,,,IRS_EO_BMF
626048153,DELTA SIGMA THETA SORORITY INC,LOCAL_CHAPTER_ENTITY,MEDIUM,NASHVILLE,TN,37228-8509,07,,9,1188,,,IRS_EO_BMF
621771326,PHI BETA SIGMA FRATERNITY-ETA BETA SIGMA CHAPTER INCORPORATED,LOCAL_CHAPTER_ENTITY,LOW,NASHVILLE,TN,37202-2052,03,P20,3,,40033,29728,IRS_EO_BMF
521346179,ZETA PHI BETA SORORITY INC,LOCAL_CHAPTER_ENTITY,MEDIUM,NASHVILLE,TN,37208-3045,07,,9,1474,,,IRS_EO_BMF
621781729,ZETA PHI BETA SORORITY INC PI ZETA CHAPTER,LOCAL_CHAPTER_ENTITY,LOW,NASHVILLE,TN,37228-0926,03,,3,,,,IRS_EO_BMF
621466616,BETA TAU HOUSE CORPORATION OF KAPPA DELTA SORORITY,HOUSE_CORPORATION,HIGH,NASHVILLE,TN,37212-2036,07,,3,,228048,117208,IRS_EO_BMF
626047662,KAPPA DELTA SORORITY,LOCAL_CHAPTER_ENTITY,MEDIUM,NASHVILLE,TN,37212-2036,07,,9,0805,197668,213977,IRS_EO_BMF
310406470,PHI DELTA THETA FRATERNITY,NATIONAL_PARENT,HIGH,OXFORD,OH,45056-1801,07,,6,0164,6857852,7229416,IRS_EO_BMF
231431779,KAPPA ALPHA PSI FRATERNITY INC,NATIONAL_PARENT,HIGH,PHILADELPHIA,PA,19132-4503,07,,6,1372,17951300,15562289,IRS_EO_BMF
356020472,SIGMA GAMMA RHO SORORITY INC,NATIONAL_PARENT,HIGH,RALEIGH,NC,27603-2578,07,,6,1540,7679673,11113527,IRS_EO_BMF
361996950,ZETA TAU ALPHA INTL FRATERNITY & FRATERNITY HOUSING CORPORATION,NATIONAL_PARENT,HIGH,CARMEL,IN,46032-2544,07,,6,0406,40160166,22686768,IRS_EO_BMF
310851686,CHI OMEGA FRATERNITY,NATIONAL_PARENT,HIGH,MEMPHIS,TN,38125-8863,07,,6,0273,3557461,12736738,IRS_EO_BMF
221281800,SIGMA PI FRATERNITY INTERNATIONAL,NATIONAL_PARENT,HIGH,SMYRNA,TN,37167-6493,07,,6,0251,2626955,3585590,IRS_EO_BMF
381543609,SIGMA ALPHA IOTA FRATERNITY,NATIONAL_PARENT,HIGH,ASHEVILLE,NC,28805-1229,07,,6,0914,767070,779555,IRS_EO_BMF
350141875,ALPHA CHI OMEGA FRATERNITY INC,NATIONAL_PARENT,HIGH,INDIANAPOLIS,IN,46250-4304,07,,6,0467,36511094,26633185,IRS_EO_BMF
430765719,THETA TAU,NATIONAL_PARENT,HIGH,SPRINGFIELD,MO,65807-6152,07,B83,6,5817,4851999,1611421,IRS_EO_BMF
362362161,PHI KAPPA PSI FRATERNITY,NATIONAL_PARENT,HIGH,INDIANAPOLIS,IN,46226-1415,07,,6,0301,3906973,4093954,IRS_EO_BMF
221550561,ALPHA GAMMA DELTA FRATERNITY,NATIONAL_PARENT,HIGH,INDIANAPOLIS,IN,46260-2331,07,B83,6,0416,12815524,6421649,IRS_EO_BMF
210577978,THETA CHI FRATERNITY INC,NATIONAL_PARENT,HIGH,CARMEL,IN,46032-5880,07,,6,0241,1910529,8185913,IRS_EO_BMF
131306360,SIGMA ALPHA MU FRATERNITY INC,NATIONAL_PARENT,HIGH,INDIANAPOLIS,IN,46268-1338,07,,6,0387,9471642,11293585,IRS_EO_BMF
382900287,PHI SIGMA RHO NATIONAL SORORITY,NATIONAL_PARENT,HIGH,INDEPENDENCE,OH,44131-5038,07,B83,6,5641,639569,663172,IRS_EO_BMF
314164901,DELTA GAMMA FRATERNITY,NATIONAL_PARENT,HIGH,UPPER ARLNGTN,OH,43221-1725,07,,6,0461,19294601,10701931,IRS_EO_BMF
620533776,PHI MU FRATERNITY,NATIONAL_PARENT,HIGH,PEACHTREE CTY,GA,30269-1482,07,,6,0763,,,IRS_EO_BMF
530125862,PHI GAMMA DELTA FRATERNITY,NATIONAL_PARENT,HIGH,LEXINGTON,KY,40504-2648,07,,6,0204,16530720,5634282,IRS_EO_BMF
430549670,THETA XI FRATERNITY,NATIONAL_PARENT,HIGH,ATLANTA,GA,30303-1202,07,,6,0277,3094852,1593002,IRS_EO_BMF
730593444,KAPPA KAPPA PSI FRATERNITY,NATIONAL_PARENT,HIGH,STILLWATER,OK,74076-0849,03,B83Z,6,2752,1625564,1041720,IRS_EO_BMF
362077508,ALPHA PHI INTERNATIONAL FRATERNITY INC,NATIONAL_PARENT,HIGH,DENVER,CO,80210-4207,07,,6,1038,72878004,24507352,IRS_EO_BMF
430689936,SIGMA TAU GAMMA FRATERNITY,NATIONAL_PARENT,HIGH,CARMEL,IN,46032-0000,07,,6,1079,3035705,3064843,IRS_EO_BMF
350459180,LAMBDA CHI ALPHA FRATERNITY INC,NATIONAL_PARENT,HIGH,CARMEL,IN,46032-3364,07,,6,0293,4952370,9596042,IRS_EO_BMF
131496630,ZETA PSI FRATERNITY OF NORTH AMERICA,NATIONAL_PARENT,HIGH,PEARL RIVER,NY,10965-2603,07,,6,0276,518710,1478328,IRS_EO_BMF
361773950,SIGMA ALPHA EPSILON FRATERNITY,NATIONAL_PARENT,HIGH,EVANSTON,IL,60201-3837,07,,6,0228,,,IRS_EO_BMF
131714532,KAPPA SIGMA FRATERNITY,NATIONAL_PARENT,HIGH,CHARLOTTESVLE,VA,22902-7108,07,,6,0262,8362877,9000439,IRS_EO_BMF
580191430,CHI PHI FRATERNITY INC,NATIONAL_PARENT,HIGH,ROSWELL,GA,30075-2211,07,,6,0409,2252848,1830367,IRS_EO_BMF
350267650,DELTA TAU DELTA FRATERNITY,NATIONAL_PARENT,HIGH,INDIANAPOLIS,IN,46240-2174,07,,6,0124,,,IRS_EO_BMF
430769468,ALPHA EPSILON PI FRATERNITY INC,NATIONAL_PARENT,HIGH,INDIANAPOLIS,IN,46268-6102,07,,6,1064,3156158,6439814,IRS_EO_BMF
570340150,PI KAPPA PHI FRATERNITY,NATIONAL_PARENT,HIGH,CHARLOTTE,NC,28273-0222,07,,6,0424,12560974,7557224,IRS_EO_BMF
370464584,PI BETA PHI FRATERNITY,NATIONAL_PARENT,HIGH,CHESTERFIELD,MO,63017-8200,07,,6,0544,52090930,13476577,IRS_EO_BMF
440500006,KAPPA DELTA SORORITY INC,NATIONAL_PARENT,HIGH,MEMPHIS,TN,38125-8897,07,,6,0805,63284162,22530527,IRS_EO_BMF
362152330,ALPHA KAPPA ALPHA SORORITY INC,NATIONAL_PARENT,HIGH,CHICAGO,IL,60637-1906,07,,6,9321,76668993,63159720,IRS_EO_BMF
130604310,DELTA KAPPA EPSILON FRATERNITY,NATIONAL_PARENT,HIGH,ANN ARBOR,MI,48103-9181,07,,6,0599,2177818,2094831,IRS_EO_BMF
311353726,DELTA ZETA NATIONAL HOUSING CORPORATION,NATIONAL_PARENT,HIGH,OXFORD,OH,45056-1320,07,,6,5187,108923508,60524309,IRS_EO_BMF
131496610,ZETA BETA TAU FRATERNITY,NATIONAL_PARENT,HIGH,CARMEL,IN,46032-3823,07,,6,0158,2239075,3102969,IRS_EO_BMF
580310956,KAPPA ALPHA ORDER,NATIONAL_PARENT,HIGH,LEXINGTON,VA,24450-0306,07,,6,0066,4618179,5528041,IRS_EO_BMF
314359813,ALPHA SIGMA PHI FRATERNITY INC,NATIONAL_PARENT,HIGH,CARMEL,IN,46032-7541,07,,6,6237,2339456,5271426,IRS_EO_BMF
310406478,PHI KAPPA TAU FRATERNITY,NATIONAL_PARENT,HIGH,OXFORD,OH,45056-8928,07,,6,0332,4233448,3050250,IRS_EO_BMF
370152140,ALPHA TAU OMEGA FRATERNITY,NATIONAL_PARENT,HIGH,INDIANAPOLIS,IN,46204-2151,07,,6,0287,3455682,6819160,IRS_EO_BMF
314221880,KAPPA KAPPA GAMMA FRATERNITY INC,NATIONAL_PARENT,HIGH,DUBLIN,OH,43017-9535,07,,6,0894,19465747,10791205,IRS_EO_BMF
361305568,KAPPA ALPHA THETA FRATERNITY,NATIONAL_PARENT,HIGH,INDIANAPOLIS,IN,46268-1337,07,,6,0154,42174245,17277135,IRS_EO_BMF
580638489,ALPHA DELTA PI SORORITY,NATIONAL_PARENT,HIGH,ATLANTA,GA,30306-4604,07,,6,0629,21627805,26194796,IRS_EO_BMF
362374316,DELTA DELTA DELTA,NATIONAL_PARENT,HIGH,DALLAS,TX,75254-6893,07,,6,0091,41667276,28916753,IRS_EO_BMF
310531047,BETA THETA PI FRATERNITY,NATIONAL_PARENT,HIGH,OXFORD,OH,45056-1429,07,,6,0315,6953866,7891139,IRS_EO_BMF
230967790,PHI KAPPA SIGMA FRATERNITY GRAND CHAPTER,NATIONAL_PARENT,HIGH,CARMEL,IN,46032-7589,07,,6,0271,1352250,1039067,IRS_EO_BMF
620458346,PI KAPPA ALPHA FRATERNITY,NATIONAL_PARENT,HIGH,MEMPHIS,TN,38125-0721,07,,6,0355,1,,IRS_EO_BMF
361773960,SIGMA CHI FRATERNITY,NATIONAL_PARENT,HIGH,EVANSTON,IL,60201-4517,07,,6,0008,2119666,6584303,IRS_EO_BMF
300174261,TAU KAPPA EPSILON FRATERNITY INC,NATIONAL_PARENT,HIGH,INDIANAPOLIS,IN,46278-1765,07,N50,6,4275,7500597,8477805,IRS_EO_BMF
530215218,DELTA SIGMA THETA SORORITY INC,NATIONAL_PARENT,HIGH,WASHINGTON,DC,20009-2501,07,,6,1188,59590263,38279295,IRS_EO_BMF
620950113,ALPHA OMICRON PI FRATERNITY INC,NATIONAL_PARENT,HIGH,BRENTWOOD,TN,37027-7529,07,,6,0190,36731327,9087343,IRS_EO_BMF
370152080,ALPHA GAMMA RHO FRATERNITY,NATIONAL_PARENT,HIGH,KANSAS CITY,MO,64118-4535,07,,6,0339,4183082,3342811,IRS_EO_BMF
730654150,SIGMA SIGMA SIGMA INC,NATIONAL_PARENT,HIGH,CHAPEL HILL,NC,27514-2825,07,,6,0631,11581756,4382209,IRS_EO_BMF
840405009,DELTA SIGMA PHI FRATERNITY INC NATIONAL HEADQUARTERS,NATIONAL_PARENT,HIGH,INDIANAPOLIS,IN,46250-0000,07,,6,0588,1648355,4808812,IRS_EO_BMF
420212285,DELTA CHI FRATERNITY,NATIONAL_PARENT,HIGH,INDIANAPOLIS,IN,46208-4036,07,,6,0401,9327359,5242154,IRS_EO_BMF
540628798,SIGMA NU FRATERNITY INC,NATIONAL_PARENT,HIGH,LEXINGTON,VA,24450-0305,07,,6,0238,10957503,7398409,IRS_EO_BMF
540379370,SIGMA PHI EPSILON FRATERNITY INC,NATIONAL_PARENT,HIGH,RICHMOND,VA,23220-5706,07,,6,0309,60775805,17079804,IRS_EO_BMF
431971836,DELTA PHI EPSILON SORORITY INC,NATIONAL_PARENT,HIGH,OAKLYN,NJ,08107-0096,07,,6,1656,,,IRS_EO_BMF
251072670,ALPHA EPSILON PHI SORORITY INC,NATIONAL_PARENT,HIGH,DANBURY,CT,06811-5258,07,B83,6,5846,,,IRS_EO_BMF
562163357,THETA NU XI MULTICULTURAL SORORITY INCORPORATED,NATIONAL_PARENT,HIGH,SOUTH WINDSOR,CT,06074-2613,07,B83,6,5437,363481,164379,IRS_EO_BMF
386089059,CHI PSI FRATERNITY,NATIONAL_PARENT,HIGH,NASHVILLE,TN,37210-2042,07,,6,0986,4960096,2808626,IRS_EO_BMF
362024274,SIGMA DELTA TAU SOCIETY,NATIONAL_PARENT,HIGH,CARMEL,IN,46032-7541,07,,6,1026,5669377,2621682,IRS_EO_BMF
223530740,LAMBDA THETA ALPHA,NATIONAL_PARENT,HIGH,ITHACA,NY,14850-0000,07,B83,6,5887,2174490,790523,IRS_EO_BMF
231500981,THE GRAND CHAPTER OF PHI SIGMA KAPPA,NATIONAL_PARENT,HIGH,INDIANAPOLIS,IN,46240-1368,07,,6,0258,1778656,2202535,IRS_EO_BMF
352103442,ALPHA XI DELTA NATIONAL HOUSING CORPORATION INC,NATIONAL_PARENT,HIGH,INDIANAPOLIS,IN,46260-2101,07,B83,6,3655,20320747,4358527,IRS_EO_BMF
042200265,PHI KAPPA THETA FRATERNITY,NATIONAL_PARENT,HIGH,INDIANAPOLIS,IN,46278-6029,07,,6,1518,307210,2563,IRS_EO_BMF
382828436,HONOR SOCIETY OF SIGMA LAMBDA ALPHA INCORPORATED,NATIONAL_PARENT,HIGH,GAINESVILLE,FL,32611-5706,03,,6,5150,,,IRS_EO_BMF
131368460,TAU EPSILON PHI FRATERNITY INC,NATIONAL_PARENT,HIGH,TROY,NY,12181-0718,07,,6,0261,695787,683693,IRS_EO_BMF