Campus,State,EDU Domain,Course Codes,Source Class,Syllabus Repository,Repository URL,Study Guides Found,Homework Docs Found,Course Schedules Found,Lecture/Review Docs,Useful Document Count,Highest Value Source,Textbook Found,Exact Edition Found,Exam Ranges Found,Mapping Evidence Strength,Automation Difficulty,Recommended Adapter,Manual Research Needed,Notes
University of Texas at Austin,TX,utexas.edu,ACC 311 ACC 311H ACC 310F,A,Yes,https://utdirect.utexas.edu/apps/student/coursedocs/nlogon/,0,0,0,0,2,syllabus,Yes,No,No,Moderate,easy,Texas HB2504 repo (utdirect coursedocs no-login search + stable download URLs),No,"Cleanest campus. Structured, mandated, no-login public system covering all undergrad sections including CVs. Highly automatable; textbook = Libby Financial Accounting."
"University of Tennessee, Knoxville",TN,utk.edu,ACCT 200 ACCT 203,D,No,https://catalog.utk.edu/,0,0,0,0,1,catalog,No,No,No,Weak,hard,manual VA (public .edu yields catalog only; real docs behind Studocu/CourseHero),Yes,Honest negative: substantive material for ACCT 200 lives on restricted doc services. No public repository. Would require manual research or a licensed data source.
University of Arkansas,AR,uark.edu,ACCT 2013 ACCT 20103,B,Yes,https://walton.uark.edu/advising/files/syllabi/,0,0,0,0,1,syllabus,Yes,Yes,Yes,Strong,easy,dept syllabus archive (walton.uark.edu/advising/files/syllabi/<COURSE>-<name>.pdf),No,"Second-most automatable campus. Predictable URL pattern; single fetch yields textbook, edition, and full exam->chapter structure."
Auburn University,AL,auburn.edu,ACCT 2110,D,No,https://bulletin.auburn.edu/coursesofinstruction/acct/,0,0,0,0,1,catalog,No,No,No,Weak,hard,manual VA (catalog + curriculum PDFs only; real docs behind restricted services),Yes,"Honest negative. Course is confirmed and instructor names are discoverable, but no public syllabus/exam documents on auburn.edu."
University of Kentucky,KY,uky.edu,ACC 201,D,No,https://www.uky.edu/degreeaudit/crs-desc/ACC.pdf,0,0,0,0,2,faculty_page,Yes,Yes,No,Weak,hard,manual VA (faculty pages blocked/stale; live syllabi behind restricted services). Textbook signal recoverable from SERP snippets.,Yes,"Honest negative on public docs: catalog description public, faculty page 403, live syllabi restricted. Textbook (Weygandt Financial Accounting; historically Harrison/Horngren) inferable from snippets."
Mississippi State University,MS,msstate.edu,ACC 2013 ACC 2023,D,No,https://catalog.msstate.edu/undergraduate/collegesanddegreeprograms/collegeofbusiness/richardcadkersonschoolofaccountancy/,0,0,0,0,1,catalog,No,No,No,Weak,hard,manual VA; investigate online.msstate.edu/files/pdfs/syllabus/ directory as a potential dept syllabus repo (unverified),Yes,Honest negative for the on-campus section. One unverified repository lead (MSU Online syllabus PDF directory) is worth a targeted re-check.
Vanderbilt University,TN,vanderbilt.edu,BUS 1100 BUS 1350 BUS 2100 (former number),D,No,https://business.vanderbilt.edu/business-minor/business-minor-curriculum/,0,0,0,0,1,catalog,No,No,No,Weak,hard,manual VA (no undergrad business major -> minimal public syllabi; course is a 1.5-cr minor requirement),Yes,"Honest negative. Different course shape than SEC state schools (1.5-cr reporting course, not a semester principles course). Lowest content-fit and lowest public availability."
University of Missouri,MO,missouri.edu,ACCTCY 2026,D,No,https://catalog.missouri.edu/courseofferings/acctcy/,0,0,0,0,1,catalog,No,No,No,Weak,hard,Catalog scraper for course descriptions only; real syllabi/study guides live only on Course Hero/Studocu/Koofers (excluded). Manual/instructor outreach for actual materials.,Yes,Weakest public footprint of the seven. Course-number/year collision makes automated site search unreliable; would need bookstore lookup + manual collection.
University of South Carolina,SC,sc.edu,ACCT 225,D,No,https://academicbulletins.sc.edu/undergraduate/course-descriptions/acct/,0,0,0,0,2,catalog,No,No,No,Weak,hard,Bulletin/major-map scraper for structure; actual ACCT 225 syllabi and Exam 2 study guides (Ch 4-7 seen) surface only on Studocu/Course Hero/Docsity (excluded). Manual collection or instructor outreach for real docs.,Yes,Real syllabus samples exist (e.g. Spring 2018 MWF section) but only on third-party study sites; no .edu-hosted copies found.
University of Oklahoma,OK,ou.edu,ACCT 2013 ACCT 2113,D,No,https://ou-public.courseleaf.com/courses/acct/,0,0,0,0,2,syllabus,No,No,Yes,Weak,medium,CourseLeaf catalog scraper + textbookbrokers.com bookstore API for textbook/ISBN by live section (best textbook signal of the set). Syllabi themselves are only on Course Hero/Studocu/WizePrep (excluded) -> manual for those.,Yes,Public bookstore lookup is the standout automatable asset here; syllabi require manual collection.
University of South Florida,FL,usf.edu,ACG 2021,D,No,https://cloud.usf.edu/academic-programs/details/prefix/ACG/code/2021,0,0,0,0,2,syllabus,No,No,No,Weak,hard,Catalog scraper for structure; real syllabi/study guides only on Studocu/StudySoup/Course Hero/WizePrep (excluded). Instructor outreach (Cainas coordinates the mass sections) likely most efficient for authoritative docs.,Yes,Strong single-coordinator signal (Cainas) makes manual outreach viable; no .edu-hosted syllabus.
"University of California, Los Angeles",CA,ucla.edu (anderson.ucla.edu / economics.ucla.edu),MGMT 1A,D,No,,0,0,0,0,1,syllabus,Yes,Yes,No,Weak,hard,No structured public source; syllabi only on Studocu/Course Hero/CliffsNotes (excluded). Manual collection. Textbook (Wild 9e) confirmable via UCLA Store course-materials lookup as a public adapter.,Yes,"Only campus where a specific textbook+edition surfaced, but from a third-party snippet. 4-unit quarter course. Verify textbook via UCLA Store site."
University of Alabama,AL,ua.edu,AC 210,A,Yes,https://oira.ua.edu/syllabus/{TERMCODE}/{ID}  (redirects -> syllabi.ua.edu -> oiraweb.ua.edu render API),0,0,0,0,2,syllabus,Yes,Yes,No,Moderate,medium,"Dedicated OIRA syllabus adapter: enumerate by term code + id, follow the oira->syllabi->oiraweb redirect chain, and handle the render API + TLS chain (browser-based fetch may be needed). Highest-value structured target in this set.",No,"Best structured source of the seven: a real university-wide public syllabus repository for the exact high-enrollment intro course (2,000+ students/yr). Only obstacle is the fetch/TLS mechanics, not access rights."
University of Georgia,GA,uga.edu,ACCT 2101 ACCT 2101H,A,Yes,https://bulletin.uga.edu/Syllabus?Syllabus={ID}  (also per-section pages under terry.uga.edu/courses/ACCT/2101/),0,0,0,0,3,syllabus,Yes,Yes,No,Moderate,medium,UGA Bulletin syllabus adapter: enumerate ?Syllabus={id} with a headless/JS-capable fetcher (plain HTTP gets the SPA shell). Cross-reference Terry College course-listing pages (may need session/referrer to avoid 403). Textbook also available via UGA bookstore lookup.,No,"Second strong structured source. Real syllabi (Hawk, Wild 10e textbook, grading breakdown) confirmed; only obstacle is SPA/JS rendering + 403 on Terry pages."
University of Mississippi (Ole Miss),MS,olemiss.edu,ACCY 201 ACCY 202,B,Yes,https://www.outreach.olemiss.edu/istudy/syllabi/accy201.html,0,0,0,0,2,syllabus,No,No,No,Moderate,medium,"Structured URL-template adapter for iStudy syllabi + catalog, but MUST use a browser-grade fetch (headless) to defeat 403/404 friction. Fall back to targeted site: search discovery. Third-party (CourseHero/Scribd/Docsity/Studocu/Stuvia) carry ACCY 201 exam-1 study guides but are OFF-LIMITS.",Yes,"Heavy third-party study-doc footprint (Scribd, CourseHero, Docsity, Studocu, Stuvia) - noted only, not fetched. Official content exists but is access-hardened."
University of Florida,FL,ufl.edu (warrington.ufl.edu / asset.warrington.ufl.edu),ACG 2021 ACG 2071,A,Yes,https://asset.warrington.ufl.edu/syllabi/,0,0,0,0,2,syllabus,Yes,Yes,Yes,Strong,trivial,URL-template enumerator over asset.warrington.ufl.edu/syllabi/ (iterate termcode x course x section) + PDF text extractor. Highest-ROI campus; near-zero manual effort.,No,Best public source in the whole set. Also covers ACG 2071 (managerial) and upper-division ACG 3101 via same repo.
Park University,MO,park.edu (app.park.edu / catalog.park.edu),AC 201,A,Yes,https://app.park.edu/syllabus/syllabus.aspx?ID=<numeric_id>,0,0,0,0,2,syllabus,Yes,Yes,Yes,Strong,medium,"ID-crawl adapter for app.park.edu/syllabus/syllabus.aspx?ID= (need current-term ID discovery, e.g. via department listing or ID-range sampling) + Acalog catalog scraper. Note 8-week term cadence and distributed campus centers.",No,Only a 2005 sample surfaced via search; current syllabi almost certainly in the same app but need live ID enumeration. Large online/military-serving school -> standardized master content likely.
Hawaii Pacific University,HI,hpu.edu (catalog.hpu.edu),ACCT 2010 ACCT 2020,D,No,https://catalog.hpu.edu/courseinfo/a-d/acct,0,0,0,0,1,catalog,No,No,No,Weak,hard,Catalog scraper for course descriptions/codes only. Syllabus-level data requires manual outreach or instructor CV/pages (none found). Treat as low-yield.,Yes,"Genuine negative: no public syllabi. site: search returned mostly unrelated other-university results, confirming thin HPU public footprint."
Liberty University,VA,liberty.edu (online + catalog.liberty.edu),ACCT 211 ACCT 212,B,Yes,https://www.liberty.edu/online/wp-content/uploads/ACCT211_CourseGuide.pdf,0,0,0,0,3,syllabus,No,No,Yes,Strong,easy-medium,Course-Guide-PDF + online-course-page adapter (predictable /online/wp-content/uploads/{CODE}_CourseGuide.pdf and /online/courses/{code}/ patterns). Standardization means ONE canonical structure covers massive enrollment - high leverage - but textbook edition and exam-chapter granularity must be sourced from the live LMS (not public).,Yes,"Large-online-school pattern: value is in a single standardized master course, not per-instructor variation. Public docs give structure; deep detail is LMS-gated."
Miami Dade College,FL,mdc.edu,ACG 2021 ACG 2021L,B,Yes,https://www.mdc.edu/asa/documents/competencies/archive/ACG2021.pdf,0,0,0,0,1,catalog,No,No,No,Moderate,easy,URL-template competency-PDF adapter over /asa/documents/competencies/ (enumerate by course prefix). Great for building a canonical topic spine per course; pair with live section schedule for textbook/instructor (LMS-gated).,Yes,Community-college difference confirmed: standardized competency docs REPLACE public per-instructor syllabi. Also matches other FL state-course-number schools (ACG 2021 is a statewide common course number - competencies are portable across FL colleges).
University of Arizona,AZ,arizona.edu (catalog.arizona.edu / eller.arizona.edu),ACCT 200 ACCT 210,D,No,https://catalog.arizona.edu/courses/0058161,0,0,0,0,1,catalog,No,No,No,Weak,hard,"Catalog + Eller curriculum scraper for codes/descriptions only. Syllabus-level data needs manual outreach or an authenticated/LMS route. Filetype:pdf syllabus search returned other departments (e.g. PSIO 201), confirming accounting syllabi are not publicly posted.",Yes,"Honest negative: robust catalog, zero public syllabi. Curricular Affairs occasionally posts syllabi PDFs for OTHER programs, so a broad curricularaffairs.arizona.edu sweep is a low-probability fallback."
University of Texas at Arlington,TX,uta.edu,ACCT 2301,B,Yes,https://mentis.uta.edu/,0,0,0,0,2,syllabus,No,No,Yes,Strong,medium,"UTA Mentis / Academic Web Pages profile-crawler (discover opaque download IDs via faculty/dept profiles or Mentis search, then pull direct PDFs)",No,"Strong: PDFs are directly downloadable and public. Weak: no predictable URL by course/term; IDs are opaque, so a discovery crawl of the Mentis profile/search layer is required. Mentis (Academic Web Pages) is used by several other institutions, so the crawler is reusable across that vendor family."
Texas A&M University,TX,tamu.edu,ACCT 229,A,Yes,https://tamu.simplesyllabus.com/en-US/syllabus-library,0,0,0,0,1,syllabus,No,No,Yes,Strong,medium,"Simple Syllabus SaaS adapter (tenant.simplesyllabus.com) — browse /syllabus-library, headless-render or PDF-export each /doc/<id>?mode=view",No,"KEY REUSABLE FINDING: Simple Syllabus is a multi-tenant SaaS (each school = <tenant>.simplesyllabus.com) shared with Lone Star and many TAMU-system + national campuses (e.g., UFlorida). One adapter covers every Simple Syllabus tenant. Main friction is the JS SPA render and opaque doc ids."
Houston Community College,TX,hccs.edu,ACCT 2301,A,Yes,https://hccs.campusconcourse.com/search?search_performed=1&timeframe=current&template=non,0,0,0,0,1,syllabus,No,No,No,Moderate,medium,Concourse SaaS adapter (tenant.campusconcourse.com search + doc export); optional secondary learning.hccs.edu faculty-PDF crawler,No,REUSABLE FINDING: Concourse (campusconcourse.com) is another multi-tenant syllabus SaaS used by many institutions; adapter generalizes across tenants like the Simple Syllabus one.
Lone Star College,TX,lonestar.edu,ACCT 2301,A,Yes,https://lonestar.simplesyllabus.com/,0,0,0,0,1,syllabus,No,No,No,Moderate,low-medium,Simple Syllabus SaaS adapter (tenant=lonestar) — SAME adapter as Texas A&M; fallback to custom services.lonestar.edu/syllabus search,No,"Second confirmed Simple Syllabus tenant, validating the reusable SaaS adapter. Legacy custom search also public if a non-SPA path is preferred."
Tarrant County College,TX,tccd.edu,ACCT 2301,B,Yes,https://wajcustom.tccd.edu/TCC/WebAdvisor3/mainMenu.jsp (Course and Faculty Information / HB2504),0,0,0,0,1,syllabus,No,No,Yes,Strong,low,"Ellucian WebAdvisor 'DisplaySyll' parameterized-PDF adapter (enumerate section ids via WebAdvisor course search, then GET DisplaySyll?courseDesc&term&id&lev)",No,"Best automation target: public, predictable URL, direct PDF. WebAdvisor/Colleague is common across community colleges, so this adapter may generalize to other Ellucian WebAdvisor schools."
Louisiana State University,LA,lsu.edu,ACCT 2001,C,Yes,"https://syllabus.apps.lsu.edu/syllabus/ (via lsu.edu/syllabus, redirect) / myLSU portal",0,0,0,0,2,syllabus,Yes,No,Yes,Weak,high,No clean adapter for main campus (login-gated custom app). Optional narrow adapter: LSU Online/CE predictable-PDF fetch (cemoodle.online.lsu.edu/syllabus/COURSE_v_Syllabus.pdf) if 403 bot-block can be avoided on public pages; otherwise manual.,Yes,"CONTRAST vs TX: without an HB 2504 mandate, LSU's comprehensive syllabus DB sits behind myLSU login and is not publicly harvestable. Only a small, standardized online/CE PDF set is public-ish (and currently bot-blocked). Textbook: Kimmel/Weygandt/Kieso confirmed."