rank,campus,state,IPEDS_UNITID,outreach_priority,market_opportunity,growth_momentum,growth_label,distribution_strength,business_bachelors,business_growth_5y,accounting_bachelors,undergrad_enrollment,greek_chapters,councils,estimated_intro1_annual,why,next_action
1,Morehouse College,GA,140553,44.1,40.5,97.9,RAPID_GROWTH,8.4,150,+74.4%,0,2738,5,NPHC,360,150 business grads/year (2024) • Business completions +74% over 5Y • 5 social Greek chapters • Business-heavy (37% of bachelor's),Backlog
2,Southern Utah University Cedar,UT,230603,72.8,63.4,96.4,RAPID_GROWTH,PENDING,265,+79.0%,104,13043,NOT_RUN,,636,"265 business grads/year (2024) • Business completions +79% over 5Y • Large undergrad population (13,043) • 104 accounting grads/year",Enrich structural data
3,Lander University,SC,218229,64,51.1,96.1,RAPID_GROWTH,PENDING,213,+60.2%,0,3669,NOT_RUN,,511,213 business grads/year (2024) • Business completions +60% over 5Y • Business-heavy (29% of bachelor's),Backlog
4,Fayetteville State Univ,NC,198543,69.5,58.9,95.9,RAPID_GROWTH,PENDING,234,+74.6%,48,5845,NOT_RUN,,562,234 business grads/year (2024) • Business completions +75% over 5Y,Enrich structural data
5,Louisiana State University Alexandria,LA,159382,66.7,55,95.8,RAPID_GROWTH,PENDING,160,+100.0%,86,5330,NOT_RUN,,384,160 business grads/year (2024) • Business completions +100% over 5Y • 86 accounting grads/year,Enrich structural data
6,Clemson University,SC,217882,89.5,90.1,95.7,RAPID_GROWTH,83.5,1447,+54.3%,163,22875,48,IFC+MGC+NPHC+PANHELLENIC,3473,"1,447 business grads/year (2024) • Business completions +54% over 5Y • 48 social Greek chapters • Large undergrad population (22,875) • 163 accounting grads/year",Greek council enrichment
7,Univ of California San Diego La,CA,110680,69.4,59.3,94.6,RAPID_GROWTH,PENDING,429,+114.5%,0,33792,NOT_RUN,,1030,"429 business grads/year (2024) • Business completions +115% over 5Y • Large undergrad population (33,792)",Enrich structural data
8,Indiana University Kokomo,IN,151333,52.6,35.9,94.2,RAPID_GROWTH,PENDING,117,+77.3%,0,2674,NOT_RUN,,281,117 business grads/year (2024) • Business completions +77% over 5Y,Backlog
9,Fairfield University,CT,129242,79.3,73.6,93.7,RAPID_GROWTH,PENDING,482,+34.3%,80,4968,NOT_RUN,,1157,482 business grads/year (2024) • Business completions +34% over 5Y • 80 accounting grads/year • Business-heavy (46% of bachelor's),Enrich structural data
10,Murray State University,KY,157401,69.8,60.3,93.5,RAPID_GROWTH,PENDING,262,+44.0%,85,7878,NOT_RUN,,629,262 business grads/year (2024) • Business completions +44% over 5Y • 85 accounting grads/year,Enrich structural data
11,"University of Tennessee, Knoxville",TN,221759,91.3,92.7,92.4,RAPID_GROWTH,87.5,1713,+39.4%,144,28883,51,IFC+MGC+NPHC+PANHELLENIC,4111,"1,713 business grads/year (2024) • Business completions +39% over 5Y • 51 social Greek chapters • Large undergrad population (28,883) • 144 accounting grads/year",Greek council enrichment
12,Norfolk State University,VA,232937,53.7,38.2,92.4,RAPID_GROWTH,PENDING,118,+68.6%,13,5510,NOT_RUN,,283,118 business grads/year (2024) • Business completions +69% over 5Y,Backlog
13,San Diego State University,CA,122409,84.7,84.5,91.9,RAPID_GROWTH,79.5,2332,+32.8%,0,34050,46,IFC+MGC+NPHC+PANHELLENIC,5597,"2,332 business grads/year (2024) • Business completions +33% over 5Y • 46 social Greek chapters • Large undergrad population (34,050) • Business-heavy (27% of bachelor's)",Greek council enrichment
14,Appalachian State Univ,NC,197869,88.7,87.6,91.3,RAPID_GROWTH,PENDING,1065,+35.3%,99,19405,NOT_RUN,,2556,"1,065 business grads/year (2024) • Business completions +35% over 5Y • Large undergrad population (19,405) • 99 accounting grads/year",Enrich structural data
15,Montana State University,MT,180461,54.8,53.4,91,RAPID_GROWTH,28.5,389,+45.7%,0,14872,10,IFC+PANHELLENIC,934,"389 business grads/year (2024) • Business completions +46% over 5Y • 10 social Greek chapters • IFC + PANHELLENIC contacts verified • Large undergrad population (14,872)",Council outreach
16,Texas Christian University Fort,TX,228875,84.3,81.7,90.7,RAPID_GROWTH,PENDING,701,+34.0%,68,10937,NOT_RUN,,1682,701 business grads/year (2024) • Business completions +34% over 5Y • 68 accounting grads/year • Business-heavy (28% of bachelor's),Enrich structural data
17,Indiana University Bloomington,IN,151351,91.9,89,90.6,RAPID_GROWTH,98.7,2444,+20.4%,0,36833,68,IFC+MGC+NPHC+PANHELLENIC,5866,"2,444 business grads/year (2024) • Business completions +20% over 5Y • 68 social Greek chapters • Large undergrad population (36,833) • Business-heavy (33% of bachelor's)",Greek council enrichment
18,Trinity University San,TX,229267,60.4,48.3,90.5,RAPID_GROWTH,PENDING,155,+36.0%,37,2531,NOT_RUN,,372,155 business grads/year (2024) • Business completions +36% over 5Y • Business-heavy (26% of bachelor's),Backlog
19,Florida A&M University,FL,133650,57.7,44.6,90.5,RAPID_GROWTH,PENDING,166,+64.4%,24,7796,NOT_RUN,,398,166 business grads/year (2024) • Business completions +64% over 5Y,Backlog
20,University of Wisconsin–Madison,WI,240444,88.3,86.6,89.7,RAPID_GROWTH,90.6,1414,+38.6%,108,36797,54,,3394,"1,414 business grads/year (2024) • Business completions +39% over 5Y • 54 social Greek chapters • Large undergrad population (36,797) • 108 accounting grads/year",Greek council enrichment
21,University of The Cumberlands,KY,156541,67,58.1,89.4,RAPID_GROWTH,PENDING,247,+157.3%,61,6091,NOT_RUN,,593,247 business grads/year (2024) • Business completions +157% over 5Y • 61 accounting grads/year,Enrich structural data
22,University of North Texas at Dallas,TX,484905,67,58.1,89.4,RAPID_GROWTH,PENDING,218,+50.3%,59,3018,NOT_RUN,,523,218 business grads/year (2024) • Business completions +50% over 5Y • 59 accounting grads/year • Business-heavy (30% of bachelor's),Enrich structural data
23,University of Tampa,FL,137847,84.5,82.9,88.6,RAPID_GROWTH,PENDING,768,+30.2%,75,10111,NOT_RUN,,1843,768 business grads/year (2024) • Business completions +30% over 5Y • 75 accounting grads/year • Business-heavy (35% of bachelor's),Enrich structural data
24,University of Rhode Island,RI,217484,75.5,70.3,88.6,RAPID_GROWTH,PENDING,516,+35.8%,88,14670,NOT_RUN,,1238,"516 business grads/year (2024) • Business completions +36% over 5Y • Large undergrad population (14,670) • 88 accounting grads/year",Enrich structural data
25,Oral Roberts University,OK,207582,57.2,45,87.7,RAPID_GROWTH,PENDING,134,+22.9%,15,4565,NOT_RUN,,322,134 business grads/year (2024) • Business completions +23% over 5Y,Backlog
26,Stevens Institute of Tech,NJ,186867,46.1,29.4,87.7,RAPID_GROWTH,PENDING,108,+31.7%,0,4092,NOT_RUN,,259,108 business grads/year (2024) • Business completions +32% over 5Y,Backlog
27,Middle Tennessee State Univ,TN,220978,82.7,80.8,87.5,RAPID_GROWTH,PENDING,888,+40.1%,128,17668,NOT_RUN,,2131,"888 business grads/year (2024) • Business completions +40% over 5Y • Large undergrad population (17,668) • 128 accounting grads/year",Enrich structural data
28,Valencia College,FL,138187,80.9,78.3,87.5,RAPID_GROWTH,PENDING,502,+6175.0%,0,42524,NOT_RUN,,1205,"502 business grads/year (2024) • Large undergrad population (42,524) • Business-heavy (64% of bachelor's)",Enrich structural data
29,Utah Valley University,UT,230737,89.3,90,87.4,RAPID_GROWTH,PENDING,999,+35.5%,146,43794,NOT_RUN,,2398,"999 business grads/year (2024) • Business completions +36% over 5Y • Large undergrad population (43,794) • 146 accounting grads/year",Enrich structural data
30,Texas Tech University,TX,229115,75.1,83.3,87.3,RAPID_GROWTH,49.1,1440,+35.1%,163,32635,26,IFC+MGC+NPHC+PANHELLENIC,3456,"1,440 business grads/year (2024) • Business completions +35% over 5Y • 26 social Greek chapters • Large undergrad population (32,635) • 163 accounting grads/year",Greek council enrichment
31,University of Illinois Chicago,IL,145600,66.2,74.9,87.3,RAPID_GROWTH,32.1,900,+31.4%,206,22107,16,IFC+MGC+NPHC+PANHELLENIC,2160,"900 business grads/year (2024) • Business completions +31% over 5Y • 16 social Greek chapters • Large undergrad population (22,107) • 206 accounting grads/year",Research + intro outreach
32,Washington and Lee Univ,VA,234207,59.1,47.9,87.2,RAPID_GROWTH,PENDING,144,+34.6%,48,1898,NOT_RUN,,346,144 business grads/year (2024) • Business completions +35% over 5Y • Business-heavy (32% of bachelor's),Backlog
33,University of Rochester,NY,195030,52.7,38.9,87.2,RAPID_GROWTH,PENDING,169,+55.0%,0,6764,NOT_RUN,,406,169 business grads/year (2024) • Business completions +55% over 5Y,Backlog
34,Howard University,DC,131520,51.2,50.3,87.1,RAPID_GROWTH,24.4,284,+49.5%,14,10190,6,NPHC,682,284 business grads/year (2024) • Business completions +49% over 5Y • 6 social Greek chapters,Backlog
35,Auburn University,AL,100858,91.7,92.3,86.9,RAPID_GROWTH,94.4,1526,+28.3%,156,26874,55,IFC+NPHC+PANHELLENIC,3662,"1,526 business grads/year (2024) • Business completions +28% over 5Y • 55 social Greek chapters • Large undergrad population (26,874) • 156 accounting grads/year",Greek council enrichment
36,Maryville Univ St. Louis St.,MO,178059,61,50.6,86.9,RAPID_GROWTH,PENDING,185,+59.5%,37,6062,NOT_RUN,,444,185 business grads/year (2024) • Business completions +59% over 5Y,Backlog
37,Boise State University,ID,142115,85,84.4,86.4,RAPID_GROWTH,PENDING,862,+45.1%,91,23491,NOT_RUN,,2069,"862 business grads/year (2024) • Business completions +45% over 5Y • Large undergrad population (23,491) • 91 accounting grads/year",Enrich structural data
38,Minnesota St Univ Mankato,MN,173920,80.9,78.7,86.4,RAPID_GROWTH,PENDING,583,+23.8%,74,12897,NOT_RUN,,1399,"583 business grads/year (2024) • Business completions +24% over 5Y • Large undergrad population (12,897) • 74 accounting grads/year",Enrich structural data
39,University of Kentucky,KY,157085,89.5,88.9,86.1,RAPID_GROWTH,93.3,1109,+19.8%,152,23930,57,IFC+MGC+NPHC+PANHELLENIC,2662,"1,109 business grads/year (2024) • Business completions +20% over 5Y • 57 social Greek chapters • Large undergrad population (23,930) • 152 accounting grads/year",Greek council enrichment
40,Babson College Babson,MA,164580,71.4,65.5,86,RAPID_GROWTH,PENDING,721,+31.6%,0,2752,NOT_RUN,,1730,721 business grads/year (2024) • Business completions +32% over 5Y • Business-heavy (100% of bachelor's),Enrich structural data
41,North Carolina A&T State Un,NC,199102,64.4,55.9,85.8,RAPID_GROWTH,PENDING,274,+79.1%,22,12216,NOT_RUN,,658,274 business grads/year (2024) • Business completions +79% over 5Y,Enrich structural data
42,Tulane University New,LA,160755,74.7,70.4,85.6,RAPID_GROWTH,PENDING,604,+23.5%,0,8077,NOT_RUN,,1450,604 business grads/year (2024) • Business completions +24% over 5Y • Business-heavy (30% of bachelor's),Enrich structural data
43,Campbellsville University,KY,156365,59.4,48.9,85.6,RAPID_GROWTH,PENDING,116,+46.8%,15,6853,NOT_RUN,,278,116 business grads/year (2024) • Business completions +47% over 5Y,Backlog
44,Southeastern Oklahoma State University,OK,207847,55.9,44.1,85.4,RAPID_GROWTH,PENDING,139,+43.3%,19,3207,NOT_RUN,,334,139 business grads/year (2024) • Business completions +43% over 5Y,Backlog
45,University of Houston - Downtown,TX,225432,88,89.1,85.3,RAPID_GROWTH,PENDING,1057,+20.0%,240,12880,NOT_RUN,,2537,"1,057 business grads/year (2024) • Business completions +20% over 5Y • Large undergrad population (12,880) • 240 accounting grads/year • Business-heavy (36% of bachelor's)",Enrich structural data
46,University of Utah Salt Lake,UT,230764,79.9,77.7,85.3,RAPID_GROWTH,PENDING,810,+24.8%,134,26827,NOT_RUN,,1944,"810 business grads/year (2024) • Business completions +25% over 5Y • Large undergrad population (26,827) • 134 accounting grads/year",Enrich structural data
47,Utah Tech University,UT,230171,65.2,57.3,85.1,RAPID_GROWTH,PENDING,197,+35.9%,38,12481,NOT_RUN,,473,197 business grads/year (2024) • Business completions +36% over 5Y,Enrich structural data
48,Louisiana St in Shreveport,LA,159416,60.9,51.3,85,RAPID_GROWTH,PENDING,181,+47.1%,16,2548,NOT_RUN,,434,181 business grads/year (2024) • Business completions +47% over 5Y • Business-heavy (43% of bachelor's),Backlog
49,Mississippi State University,MS,176080,80.4,80.8,84.3,RAPID_GROWTH,76.3,849,+36.7%,110,18230,43,IFC+MGC+NPHC+PANHELLENIC,2038,"849 business grads/year (2024) • Business completions +37% over 5Y • 43 social Greek chapters • Large undergrad population (18,230) • 110 accounting grads/year",Greek council enrichment
50,University of North Carolina Chapel,NC,199120,66.8,59.8,84.2,RAPID_GROWTH,PENDING,504,+20.3%,0,20681,NOT_RUN,,1210,"504 business grads/year (2024) • Business completions +20% over 5Y • Large undergrad population (20,681)",Enrich structural data
51,North Carolina State University,NC,199193,79.3,82.3,84.1,GROWING,69.6,1157,+26.6%,145,27323,34,IFC+MGC+PANHELLENIC,2777,"1,157 business grads/year (2024) • Business completions +27% over 5Y • 34 social Greek chapters • Large undergrad population (27,323) • 145 accounting grads/year",Greek council enrichment
52,Louisiana Tech University,LA,159647,72.3,68,83.1,GROWING,PENDING,321,+15.0%,60,10401,NOT_RUN,,770,321 business grads/year (2024) • Business completions +15% over 5Y • 60 accounting grads/year,Enrich structural data
53,Youngstown State University,OH,206695,67.6,61.6,82.6,GROWING,PENDING,285,+42.5%,50,8436,NOT_RUN,,684,285 business grads/year (2024) • Business completions +43% over 5Y,Enrich structural data
54,Virginia Poly Inst & St Un,VA,233921,88.4,90.9,82.3,GROWING,PENDING,1723,+23.4%,128,30504,NOT_RUN,,4135,"1,723 business grads/year (2024) • Business completions +23% over 5Y • Large undergrad population (30,504) • 128 accounting grads/year",Enrich structural data
55,Susquehanna University,PA,216278,57.4,47.5,82.1,GROWING,PENDING,155,+19.2%,27,2241,NOT_RUN,,372,155 business grads/year (2024) • Business completions +19% over 5Y • Business-heavy (30% of bachelor's),Backlog
56,Prairie View A&M University,TX,227526,59.6,50.7,81.9,GROWING,PENDING,199,+59.2%,11,8527,NOT_RUN,,478,199 business grads/year (2024) • Business completions +59% over 5Y,Backlog
57,Uof California-Berkeley,CA,110635,65.4,59,81.3,GROWING,PENDING,425,+23.5%,0,33078,NOT_RUN,,1020,"425 business grads/year (2024) • Business completions +24% over 5Y • Large undergrad population (33,078)",Enrich structural data
58,Texas A&M - Corpus Christi Corp,TX,224147,72.2,68.8,80.8,GROWING,PENDING,354,+27.8%,66,7822,NOT_RUN,,850,354 business grads/year (2024) • Business completions +28% over 5Y • 66 accounting grads/year,Enrich structural data
59,Aurora University,IL,143118,65.7,59.7,80.7,GROWING,PENDING,307,+24.3%,26,4098,NOT_RUN,,737,307 business grads/year (2024) • Business completions +24% over 5Y,Enrich structural data
60,New York University,NY,193900,59.2,64.1,80.7,GROWING,32.1,1016,+22.3%,0,29760,16,IFC+PANHELLENIC,2438,"1,016 business grads/year (2024) • Business completions +22% over 5Y • 16 social Greek chapters • Large undergrad population (29,760)",Research + intro outreach
61,Boston College Chestnut,MA,164924,78.6,77.8,80.6,GROWING,PENDING,566,+13.2%,127,10083,NOT_RUN,,1358,566 business grads/year (2024) • Business completions +13% over 5Y • 127 accounting grads/year,Enrich structural data
62,IUSB Indiana Uat South Bend South,IN,151342,56.3,46.7,80.4,GROWING,PENDING,169,+4.3%,0,3918,NOT_RUN,,406,169 business grads/year (2024) • Business completions +4% over 5Y,Backlog
63,Samford University,AL,102049,57.2,48.1,80.1,GROWING,PENDING,171,+23.0%,27,3832,NOT_RUN,,410,171 business grads/year (2024) • Business completions +23% over 5Y,Backlog
64,University of South Dakota,SD,219471,65.7,60.1,79.7,GROWING,PENDING,220,+10.0%,56,7095,NOT_RUN,,528,220 business grads/year (2024) • Business completions +10% over 5Y,Enrich structural data
65,Jacksonville State University,AL,101480,53.8,50.2,79.7,GROWING,40.2,197,+26.3%,27,8378,20,IFC+NPHC+PANHELLENIC,473,197 business grads/year (2024) • Business completions +26% over 5Y • 20 social Greek chapters,Greek council enrichment
66,University of Georgia,GA,139959,88.5,95.3,79.2,GROWING,82.5,2331,+19.6%,156,31514,67,IFC+MGC+NPHC+PANHELLENIC,5594,"2,331 business grads/year (2024) • Business completions +20% over 5Y • 67 social Greek chapters • IFC + MGC + NPHC + PANHELLENIC contacts verified • Large undergrad population (31,514)",Council outreach
67,Franklin University,OH,202806,81.1,81.9,79.2,GROWING,PENDING,895,+28.8%,150,5815,NOT_RUN,,2148,895 business grads/year (2024) • Business completions +29% over 5Y • 150 accounting grads/year • Business-heavy (56% of bachelor's),Enrich structural data
68,Lamar University,TX,226091,50.8,48.9,79.1,GROWING,32.1,267,+24.8%,0,7998,16,IFC+NPHC+PANHELLENIC,641,267 business grads/year (2024) • Business completions +25% over 5Y • 16 social Greek chapters,Backlog
69,University of South Florida,FL,137351,81.3,85.9,78.9,GROWING,74.1,1704,+28.5%,253,37269,39,IFC+MGC+NPHC+PANHELLENIC,4090,"1,704 business grads/year (2024) • Business completions +29% over 5Y • 39 social Greek chapters • Large undergrad population (37,269) • 253 accounting grads/year",Greek council enrichment
70,University of Colorado Boulder,CO,126614,61.4,69,78.9,GROWING,32.1,1147,+15.5%,0,32105,16,IFC+PANHELLENIC,2753,"1,147 business grads/year (2024) • Business completions +16% over 5Y • 16 social Greek chapters • Large undergrad population (32,105)",Research + intro outreach
71,Stonehill College,MA,167996,60.6,53.3,78.7,GROWING,PENDING,194,+10.2%,31,2515,NOT_RUN,,466,194 business grads/year (2024) • Business completions +10% over 5Y • Business-heavy (33% of bachelor's),Backlog
72,Saint Mary's College of CA,CA,123554,59.9,52.4,78.6,GROWING,PENDING,220,+23.6%,18,2044,NOT_RUN,,528,220 business grads/year (2024) • Business completions +24% over 5Y • Business-heavy (33% of bachelor's),Backlog
73,Western Carolina University,NC,200004,73.1,71.2,77.9,GROWING,PENDING,527,+17.4%,30,10009,NOT_RUN,,1265,527 business grads/year (2024) • Business completions +17% over 5Y,Enrich structural data
74,Mercer University-Macon,GA,140447,59.2,51.8,77.8,GROWING,PENDING,210,+14.8%,29,4807,NOT_RUN,,504,210 business grads/year (2024) • Business completions +15% over 5Y,Backlog
75,New Jersey In of Technology,NJ,185828,46,33.3,77.6,GROWING,PENDING,101,+9.8%,0,9523,NOT_RUN,,242,101 business grads/year (2024) • Business completions +10% over 5Y,Backlog
76,University of Arkansas,AR,106397,85.8,91.4,77.3,GROWING,81.3,1475,+10.1%,142,27472,47,IFC+MGC+NPHC+PANHELLENIC,3540,"1,475 business grads/year (2024) • Business completions +10% over 5Y • 47 social Greek chapters • Large undergrad population (27,472) • 142 accounting grads/year",Greek council enrichment
77,Tennessee Technological Un,TN,221847,66.8,62.6,77.2,GROWING,PENDING,312,+13.0%,56,8838,NOT_RUN,,749,312 business grads/year (2024) • Business completions +13% over 5Y,Enrich structural data
78,University at Albany-SUNY,NY,196060,70.5,68,76.9,GROWING,PENDING,435,+7.4%,94,12190,NOT_RUN,,1044,435 business grads/year (2024) • Business completions +7% over 5Y • 94 accounting grads/year,Enrich structural data
79,Wayne State University,MI,172644,81.5,83.4,76.6,GROWING,PENDING,867,+20.9%,109,16117,NOT_RUN,,2081,"867 business grads/year (2024) • Business completions +21% over 5Y • Large undergrad population (16,117) • 109 accounting grads/year",Enrich structural data
80,University of Florida,FL,134130,85.9,84.6,76.3,GROWING,96,1284,+8.2%,145,34924,63,IFC+MGC+NPHC+PANHELLENIC,3082,"1,284 business grads/year (2024) • Business completions +8% over 5Y • 63 social Greek chapters • Large undergrad population (34,924) • 145 accounting grads/year",Greek council enrichment
81,Virginia State University,VA,234155,51.5,41.7,76,GROWING,PENDING,117,+2.6%,15,4829,NOT_RUN,,281,117 business grads/year (2024) • Business completions +3% over 5Y,Backlog
82,Un of Massachusetts Amherst,MA,166629,81,83.1,75.9,GROWING,PENDING,1093,+9.7%,133,23936,NOT_RUN,,2623,"1,093 business grads/year (2024) • Business completions +10% over 5Y • Large undergrad population (23,936) • 133 accounting grads/year",Enrich structural data
83,Northwest Missouri St Univ,MO,178624,56.8,49.2,75.8,GROWING,PENDING,185,+25.9%,25,5599,NOT_RUN,,444,185 business grads/year (2024) • Business completions +26% over 5Y,Backlog
84,Pittsburg State University,KS,155681,64.3,59.8,75.7,GROWING,PENDING,261,+9.2%,36,4426,NOT_RUN,,626,261 business grads/year (2024) • Business completions +9% over 5Y,Enrich structural data
85,Dalton State College,GA,139463,62.6,57.4,75.7,GROWING,PENDING,181,+10.4%,32,4902,NOT_RUN,,434,181 business grads/year (2024) • Business completions +10% over 5Y • Business-heavy (33% of bachelor's),Enrich structural data
86,University of Delaware,DE,130943,83.9,84.6,75.5,GROWING,89.3,914,+7.1%,74,19772,53,IFC+MGC+NPHC+PANHELLENIC,2194,"914 business grads/year (2024) • Business completions +7% over 5Y • 53 social Greek chapters • Large undergrad population (19,772) • 74 accounting grads/year",Greek council enrichment
87,University of South Carolina,SC,218645,65.6,47.5,75.2,GROWING,94.2,134,+10.7%,0,3109,58,IFC+MGC+NPHC+PANHELLENIC,322,134 business grads/year (2024) • Business completions +11% over 5Y • 58 social Greek chapters • SEC school (priority Greek/football market),Greek council enrichment
88,Florida Atlantic University,FL,133669,75.3,84.9,75.1,GROWING,56.3,1389,+11.6%,205,24614,27,IFC+MGC+NPHC+PANHELLENIC,3334,"1,389 business grads/year (2024) • Business completions +12% over 5Y • 27 social Greek chapters • Large undergrad population (24,614) • 205 accounting grads/year",Greek council enrichment
89,West Texas A&M University,TX,229814,65.8,62.3,74.7,GROWING,PENDING,328,+4.1%,33,6786,NOT_RUN,,787,328 business grads/year (2024) • Business completions +4% over 5Y,Enrich structural data
90,University of West Florida,FL,138354,63.2,58.6,74.6,GROWING,PENDING,285,+8.0%,56,9661,NOT_RUN,,684,285 business grads/year (2024) • Business completions +8% over 5Y,Enrich structural data
91,Syracuse University,NY,196413,71.9,68.2,74.4,GROWING,77.2,450,+26.4%,45,15739,44,IFC+MGC+NPHC+PANHELLENIC,1080,"450 business grads/year (2024) • Business completions +26% over 5Y • 44 social Greek chapters • Large undergrad population (15,739)",Greek council enrichment
92,Uof Missouri - Columbia,MO,178396,75.8,76.4,74.3,GROWING,PENDING,1160,+12.6%,0,23613,NOT_RUN,,2784,"1,160 business grads/year (2024) • Business completions +13% over 5Y • Large undergrad population (23,613)",Enrich structural data
93,North Park University,IL,147679,47.8,37.3,73.9,GROWING,PENDING,113,+9.7%,0,1876,NOT_RUN,,271,113 business grads/year (2024) • Business completions +10% over 5Y • Business-heavy (31% of bachelor's),Backlog
94,Bowling Green State Univ Bowling,OH,201441,69.3,67.5,73.7,GROWING,PENDING,424,+4.7%,78,14014,NOT_RUN,,1018,"424 business grads/year (2024) • Business completions +5% over 5Y • Large undergrad population (14,014) • 78 accounting grads/year",Enrich structural data
95,Tarleton State University,TX,228529,75,75.5,73.6,GROWING,PENDING,558,+9.8%,80,13688,NOT_RUN,,1339,"558 business grads/year (2024) • Business completions +10% over 5Y • Large undergrad population (13,688) • 80 accounting grads/year",Enrich structural data
96,University of Miami,FL,135726,73.4,75.4,73.1,GROWING,69.6,611,+10.9%,46,12883,34,IFC+MGC+NPHC+PANHELLENIC,1466,"611 business grads/year (2024) • Business completions +11% over 5Y • 34 social Greek chapters • Large undergrad population (12,883)",Greek council enrichment
97,Brigham Young University,UT,230038,77.3,79.1,72.9,GROWING,PENDING,1015,+12.0%,46,32221,NOT_RUN,,2436,"1,015 business grads/year (2024) • Business completions +12% over 5Y • Large undergrad population (32,221)",Enrich structural data
98,"Calif State Univ, Sacramento",CA,110617,70.3,69.5,72.4,GROWING,PENDING,996,+5.6%,0,28268,NOT_RUN,,2390,"996 business grads/year (2024) • Business completions +6% over 5Y • Large undergrad population (28,268)",Enrich structural data
99,Northeastern University,MA,167358,69.5,73.8,72,GROWING,58.9,1082,+8.3%,0,15891,29,IFC+MGC+NPHC+PANHELLENIC,2597,"1,082 business grads/year (2024) • Business completions +8% over 5Y • 29 social Greek chapters • Large undergrad population (15,891)",Greek council enrichment
100,East Carolina University,NC,198464,54.5,72.4,71.8,GROWING,4.8,944,+7.9%,74,21328,1,IFC,2266,"944 business grads/year (2024) • Business completions +8% over 5Y • 1 social Greek chapters • Large undergrad population (21,328) • 74 accounting grads/year",Research + intro outreach