campus_display_name,campus_full_name,organization,nickname,council,greek_letters,chapter_designation,verified,roster_status,is_national_org,source_url,as_of
SF State,San Francisco State University,Nu Alpha Kappa,,MGC,,,true,complete,true,https://www.greekrank.com/uni/400/,2026-08-23
SF State,San Francisco State University,Kappa Alpha Psi,,NPHC,,,true,complete,true,https://www.greekrank.com/uni/400/,2026-08-23
SF State,San Francisco State University,Alpha Sigma Phi,,IFC,,,true,complete,true,https://www.greekrank.com/uni/400/,2026-08-23
SF State,San Francisco State University,Phi Kappa Tau,,IFC,,,true,complete,true,https://www.greekrank.com/uni/400/,2026-08-23
SF State,San Francisco State University,Pi Kappa Phi,,IFC,,,true,complete,true,https://www.greekrank.com/uni/400/,2026-08-23
SF State,San Francisco State University,Kappa Sigma,,IFC,,,true,complete,true,https://www.greekrank.com/uni/400/,2026-08-23
SF State,San Francisco State University,Lambda Theta Phi,,MGC,,,true,complete,true,https://www.greekrank.com/uni/400/,2026-08-23
SF State,San Francisco State University,Alpha Phi Alpha,,NPHC,,,true,complete,true,https://www.greekrank.com/uni/400/,2026-08-23
SF State,San Francisco State University,Phi Beta Sigma,,NPHC,,,true,complete,true,https://www.greekrank.com/uni/400/,2026-08-23
SF State,San Francisco State University,Alpha Epsilon Pi,,IFC,,,true,complete,true,https://www.greekrank.com/uni/400/,2026-08-23
SF State,San Francisco State University,Lambda Phi Epsilon,,MGC,,,true,complete,true,https://www.greekrank.com/uni/400/,2026-08-23
SF State,San Francisco State University,Alpha Gamma Delta,,Panhellenic,,,true,complete,true,https://www.greekrank.com/uni/400/,2026-08-23
SF State,San Francisco State University,Phi Sigma Sigma,,Panhellenic,,,true,complete,true,https://www.greekrank.com/uni/400/,2026-08-23
SF State,San Francisco State University,Zeta Phi Beta,,NPHC,,,true,complete,true,https://www.greekrank.com/uni/400/,2026-08-23
SF State,San Francisco State University,Alpha Phi,,Panhellenic,,,true,complete,true,https://www.greekrank.com/uni/400/,2026-08-23
SF State,San Francisco State University,Alpha Kappa Alpha,,NPHC,,,true,complete,true,https://www.greekrank.com/uni/400/,2026-08-23
SF State,San Francisco State University,Sigma Gamma Rho,,NPHC,,,true,complete,true,https://www.greekrank.com/uni/400/,2026-08-23
SF State,San Francisco State University,Delta Sigma Theta,,NPHC,,,true,complete,true,https://www.greekrank.com/uni/400/,2026-08-23
SF State,San Francisco State University,Lambda Sigma Gamma,,MGC,,,true,complete,true,https://www.greekrank.com/uni/400/,2026-08-23
Suffolk,Suffolk University,Sigma Alpha Epsilon,,IFC,,,true,complete,true,https://www.greekrank.com/uni/430/,2026-08-23
Suffolk,Suffolk University,Theta Phi Alpha,,Panhellenic,,,true,complete,true,https://www.greekrank.com/uni/430/,2026-08-23
Suffolk,Suffolk University,Alpha Sigma Alpha,,Panhellenic,,,true,complete,true,https://www.greekrank.com/uni/430/,2026-08-23
UVM,University of Vermont,Alpha Gamma Rho,,IFC,,,true,complete,true,https://www.greekrank.com/uni/358/,2026-08-23
UVM,University of Vermont,Pi Kappa Phi,,IFC,,,true,complete,true,https://www.greekrank.com/uni/358/,2026-08-23
UVM,University of Vermont,Alpha Epsilon Pi,,IFC,,,true,complete,true,https://www.greekrank.com/uni/358/,2026-08-23
UVM,University of Vermont,Pi Kappa Alpha,,IFC,,,true,complete,true,https://www.greekrank.com/uni/358/,2026-08-23
UVM,University of Vermont,Kappa Sigma,,IFC,,,true,complete,true,https://www.greekrank.com/uni/358/,2026-08-23
UVM,University of Vermont,Phi Mu Delta,,IFC,,,true,complete,true,https://www.greekrank.com/uni/358/,2026-08-23
UVM,University of Vermont,Delta Upsilon,,IFC,,,true,complete,true,https://www.greekrank.com/uni/358/,2026-08-23
UVM,University of Vermont,Acacia,,IFC,,,true,complete,true,https://www.greekrank.com/uni/358/,2026-08-23
UVM,University of Vermont,Delta Tau Delta,,IFC,,,true,complete,true,https://www.greekrank.com/uni/358/,2026-08-23
UVM,University of Vermont,Sigma Phi Epsilon,,IFC,,,true,complete,true,https://www.greekrank.com/uni/358/,2026-08-23
UVM,University of Vermont,Alpha Delta Pi,,Panhellenic,,,true,complete,true,https://www.greekrank.com/uni/358/,2026-08-23
UVM,University of Vermont,Alpha Chi Omega,,Panhellenic,,,true,complete,true,https://www.greekrank.com/uni/358/,2026-08-23
UVM,University of Vermont,Kappa Delta,,Panhellenic,,,true,complete,true,https://www.greekrank.com/uni/358/,2026-08-23
UVM,University of Vermont,Delta Delta Delta,,Panhellenic,,,true,complete,true,https://www.greekrank.com/uni/358/,2026-08-23
UVM,University of Vermont,Kappa Alpha Theta,,Panhellenic,,,true,complete,true,https://www.greekrank.com/uni/358/,2026-08-23
UVM,University of Vermont,Pi Beta Phi,,Panhellenic,,,true,complete,true,https://www.greekrank.com/uni/358/,2026-08-23
UMass Dartmouth,University of Massachusetts Dartmouth,Theta Delta Chi,,IFC,,,true,complete,true,https://www.greekrank.com/uni/325/,2026-08-23
UMass Dartmouth,University of Massachusetts Dartmouth,Chi Phi,,IFC,,,true,complete,true,https://www.greekrank.com/uni/325/,2026-08-23
UMass Dartmouth,University of Massachusetts Dartmouth,Phi Kappa Theta,,IFC,,,true,complete,true,https://www.greekrank.com/uni/325/,2026-08-23
UMass Dartmouth,University of Massachusetts Dartmouth,Sigma Tau Gamma,,IFC,,,true,complete,true,https://www.greekrank.com/uni/325/,2026-08-23
UMass Dartmouth,University of Massachusetts Dartmouth,Phi Sigma Sigma,,Panhellenic,,,true,complete,true,https://www.greekrank.com/uni/325/,2026-08-23
UMass Dartmouth,University of Massachusetts Dartmouth,Alpha Sigma Tau,,Panhellenic,,,true,complete,true,https://www.greekrank.com/uni/325/,2026-08-23
UCCS,University of Colorado Colorado Springs,Alpha Sigma Phi,,IFC,,,true,complete,true,https://www.greekrank.com/uni/694/,2026-08-23
UCCS,University of Colorado Colorado Springs,Pi Kappa Phi,,IFC,,,true,complete,true,https://www.greekrank.com/uni/694/,2026-08-23
UCCS,University of Colorado Colorado Springs,Sigma Alpha Epsilon,,IFC,,,true,complete,true,https://www.greekrank.com/uni/694/,2026-08-23
UCCS,University of Colorado Colorado Springs,Phi Sigma Sigma,,Panhellenic,,,true,complete,true,https://www.greekrank.com/uni/694/,2026-08-23
UCCS,University of Colorado Colorado Springs,Pi Beta Phi,,Panhellenic,,,true,complete,true,https://www.greekrank.com/uni/694/,2026-08-23
A-State,Arkansas State University,Lambda Chi Alpha,,IFC,,,true,complete,true,https://www.greekrank.com/uni/134/,2026-08-23
A-State,Arkansas State University,Pi Kappa Alpha,,IFC,,,true,complete,true,https://www.greekrank.com/uni/134/,2026-08-23
A-State,Arkansas State University,Alpha Gamma Rho,,IFC,,,true,complete,true,https://www.greekrank.com/uni/134/,2026-08-23
A-State,Arkansas State University,Kappa Sigma,,IFC,,,true,complete,true,https://www.greekrank.com/uni/134/,2026-08-23
A-State,Arkansas State University,Sigma Chi,,IFC,,,true,complete,true,https://www.greekrank.com/uni/134/,2026-08-23
A-State,Arkansas State University,Tau Kappa Epsilon,,IFC,,,true,complete,true,https://www.greekrank.com/uni/134/,2026-08-23
A-State,Arkansas State University,Kappa Alpha Order,,IFC,,,true,complete,true,https://www.greekrank.com/uni/134/,2026-08-23
A-State,Arkansas State University,Alpha Phi Alpha,,NPHC,,,true,complete,true,https://www.greekrank.com/uni/134/,2026-08-23
A-State,Arkansas State University,Sigma Pi,,IFC,,,true,complete,true,https://www.greekrank.com/uni/134/,2026-08-23
A-State,Arkansas State University,Phi Beta Sigma,,NPHC,,,true,complete,true,https://www.greekrank.com/uni/134/,2026-08-23
A-State,Arkansas State University,Alpha Tau Omega,,IFC,,,true,complete,true,https://www.greekrank.com/uni/134/,2026-08-23
A-State,Arkansas State University,Kappa Alpha Psi,,NPHC,,,true,complete,true,https://www.greekrank.com/uni/134/,2026-08-23
A-State,Arkansas State University,Omega Psi Phi,,NPHC,,,true,complete,true,https://www.greekrank.com/uni/134/,2026-08-23
A-State,Arkansas State University,Chi Omega,,Panhellenic,,,true,complete,true,https://www.greekrank.com/uni/134/,2026-08-23
A-State,Arkansas State University,Zeta Tau Alpha,,Panhellenic,,,true,complete,true,https://www.greekrank.com/uni/134/,2026-08-23
A-State,Arkansas State University,Delta Zeta,,Panhellenic,,,true,complete,true,https://www.greekrank.com/uni/134/,2026-08-23
A-State,Arkansas State University,Alpha Omicron Pi,,Panhellenic,,,true,complete,true,https://www.greekrank.com/uni/134/,2026-08-23
A-State,Arkansas State University,Alpha Gamma Delta,,Panhellenic,,,true,complete,true,https://www.greekrank.com/uni/134/,2026-08-23
A-State,Arkansas State University,Zeta Phi Beta,,NPHC,,,true,complete,true,https://www.greekrank.com/uni/134/,2026-08-23
A-State,Arkansas State University,Alpha Kappa Alpha,,NPHC,,,true,complete,true,https://www.greekrank.com/uni/134/,2026-08-23
A-State,Arkansas State University,Kappa Delta,,Panhellenic,,,true,complete,true,https://www.greekrank.com/uni/134/,2026-08-23
A-State,Arkansas State University,Sigma Gamma Rho,,NPHC,,,true,complete,true,https://www.greekrank.com/uni/134/,2026-08-23
Furman,Furman University,Sigma Nu,,IFC,,,true,complete,true,https://www.greekrank.com/uni/181/,2026-08-23
Furman,Furman University,Pi Kappa Phi,,IFC,,,true,complete,true,https://www.greekrank.com/uni/181/,2026-08-23
Furman,Furman University,Sigma Chi,,IFC,,,true,complete,true,https://www.greekrank.com/uni/181/,2026-08-23
Furman,Furman University,Kappa Sigma,,IFC,,,true,complete,true,https://www.greekrank.com/uni/181/,2026-08-23
Furman,Furman University,Kappa Alpha Order,,IFC,,,true,complete,true,https://www.greekrank.com/uni/181/,2026-08-23
Furman,Furman University,Beta Theta Pi,,IFC,,,true,complete,true,https://www.greekrank.com/uni/181/,2026-08-23
Furman,Furman University,Tau Kappa Epsilon,,IFC,,,true,complete,true,https://www.greekrank.com/uni/181/,2026-08-23
Furman,Furman University,Delta Gamma,,Panhellenic,,,true,complete,true,https://www.greekrank.com/uni/181/,2026-08-23
Furman,Furman University,Chi Omega,,Panhellenic,,,true,complete,true,https://www.greekrank.com/uni/181/,2026-08-23
Furman,Furman University,Zeta Tau Alpha,,Panhellenic,,,true,complete,true,https://www.greekrank.com/uni/181/,2026-08-23
Furman,Furman University,Kappa Kappa Gamma,,Panhellenic,,,true,complete,true,https://www.greekrank.com/uni/181/,2026-08-23
Furman,Furman University,Delta Delta Delta,,Panhellenic,,,true,complete,true,https://www.greekrank.com/uni/181/,2026-08-23
Furman,Furman University,Kappa Delta,,Panhellenic,,,true,complete,true,https://www.greekrank.com/uni/181/,2026-08-23
Furman,Furman University,Alpha Delta Pi,,Panhellenic,,,true,complete,true,https://www.greekrank.com/uni/181/,2026-08-23
Furman,Furman University,Alpha Kappa Alpha,,NPHC,,,true,complete,true,https://www.greekrank.com/uni/181/,2026-08-23
Campbell,Campbell University,Kappa Sigma,,IFC,,,true,complete,true,https://www.greekrank.com/uni/686/,2026-08-23
Campbell,Campbell University,Phi Delta Theta,,IFC,,,true,complete,true,https://www.greekrank.com/uni/686/,2026-08-23
Campbell,Campbell University,Kappa Alpha Order,,IFC,,,true,complete,true,https://www.greekrank.com/uni/686/,2026-08-23
Campbell,Campbell University,Alpha Delta Pi,,Panhellenic,,,true,complete,true,https://www.greekrank.com/uni/686/,2026-08-23
Campbell,Campbell University,Delta Phi Epsilon,,Panhellenic,,,true,complete,true,https://www.greekrank.com/uni/686/,2026-08-23
Albany State,Albany State University,Kappa Alpha Psi,,NPHC,,,true,complete,true,https://www.greekrank.com/uni/550/,2026-08-23
Albany State,Albany State University,Omega Psi Phi,,NPHC,,,true,complete,true,https://www.greekrank.com/uni/550/,2026-08-23
Albany State,Albany State University,Phi Beta Sigma,,NPHC,,,true,complete,true,https://www.greekrank.com/uni/550/,2026-08-23
Albany State,Albany State University,Alpha Phi Alpha,,NPHC,,,true,complete,true,https://www.greekrank.com/uni/550/,2026-08-23
Albany State,Albany State University,Iota Phi Theta,,NPHC,,,true,complete,true,https://www.greekrank.com/uni/550/,2026-08-23
Albany State,Albany State University,Sigma Gamma Rho,,NPHC,,,true,complete,true,https://www.greekrank.com/uni/550/,2026-08-23
Albany State,Albany State University,Zeta Phi Beta,,NPHC,,,true,complete,true,https://www.greekrank.com/uni/550/,2026-08-23
Albany State,Albany State University,Alpha Kappa Alpha,,NPHC,,,true,complete,true,https://www.greekrank.com/uni/550/,2026-08-23
Albany State,Albany State University,Delta Sigma Theta,,NPHC,,,true,complete,true,https://www.greekrank.com/uni/550/,2026-08-23
Albany State,Albany State University,Alpha Epsilon Phi,,Panhellenic,,,true,complete,true,https://www.greekrank.com/uni/550/,2026-08-23
SSU,Savannah State University,Phi Beta Sigma,,NPHC,,,true,complete,true,https://www.greekrank.com/uni/531/,2026-08-23
SSU,Savannah State University,Kappa Alpha Psi,,NPHC,,,true,complete,true,https://www.greekrank.com/uni/531/,2026-08-23
SSU,Savannah State University,Omega Psi Phi,,NPHC,,,true,complete,true,https://www.greekrank.com/uni/531/,2026-08-23
SSU,Savannah State University,Alpha Phi Alpha,,NPHC,,,true,complete,true,https://www.greekrank.com/uni/531/,2026-08-23
SSU,Savannah State University,Iota Phi Theta,,NPHC,,,true,complete,true,https://www.greekrank.com/uni/531/,2026-08-23
SSU,Savannah State University,Alpha Kappa Alpha,,NPHC,,,true,complete,true,https://www.greekrank.com/uni/531/,2026-08-23
SSU,Savannah State University,Sigma Gamma Rho,,NPHC,,,true,complete,true,https://www.greekrank.com/uni/531/,2026-08-23
SSU,Savannah State University,Delta Sigma Theta,,NPHC,,,true,complete,true,https://www.greekrank.com/uni/531/,2026-08-23
SSU,Savannah State University,Zeta Phi Beta,,NPHC,,,true,complete,true,https://www.greekrank.com/uni/531/,2026-08-23
WSSU,Winston-Salem State University,Alpha Phi Alpha,,NPHC,,,true,complete,true,https://www.greekrank.com/uni/537/,2026-08-23
WSSU,Winston-Salem State University,Iota Phi Theta,,NPHC,,,true,complete,true,https://www.greekrank.com/uni/537/,2026-08-23
WSSU,Winston-Salem State University,Omega Psi Phi,,NPHC,,,true,complete,true,https://www.greekrank.com/uni/537/,2026-08-23
WSSU,Winston-Salem State University,Phi Beta Sigma,,NPHC,,,true,complete,true,https://www.greekrank.com/uni/537/,2026-08-23
WSSU,Winston-Salem State University,Sigma Gamma Rho,,NPHC,,,true,complete,true,https://www.greekrank.com/uni/537/,2026-08-23
WSSU,Winston-Salem State University,Zeta Phi Beta,,NPHC,,,true,complete,true,https://www.greekrank.com/uni/537/,2026-08-23
WSSU,Winston-Salem State University,Alpha Kappa Alpha,,NPHC,,,true,complete,true,https://www.greekrank.com/uni/537/,2026-08-23
UConn,University of Connecticut,Phi Delta Theta,,IFC,,,true,complete,true,https://www.greekrank.com/uni/335/,2026-08-23
UConn,University of Connecticut,Sigma Phi Epsilon,,IFC,,,true,complete,true,https://www.greekrank.com/uni/335/,2026-08-23
UConn,University of Connecticut,Alpha Kappa Lambda,,IFC,,,true,complete,true,https://www.greekrank.com/uni/335/,2026-08-23
UConn,University of Connecticut,Sigma Alpha Mu,,IFC,,,true,complete,true,https://www.greekrank.com/uni/335/,2026-08-23
UConn,University of Connecticut,Tau Kappa Epsilon,,IFC,,,true,complete,true,https://www.greekrank.com/uni/335/,2026-08-23
UConn,University of Connecticut,Alpha Epsilon Pi,,IFC,,,true,complete,true,https://www.greekrank.com/uni/335/,2026-08-23
UConn,University of Connecticut,Zeta Beta Tau,,IFC,,,true,complete,true,https://www.greekrank.com/uni/335/,2026-08-23
UConn,University of Connecticut,Lambda Theta Phi,,MGC,,,true,complete,true,https://www.greekrank.com/uni/335/,2026-08-23
UConn,University of Connecticut,Phi Gamma Delta,,IFC,,,true,complete,true,https://www.greekrank.com/uni/335/,2026-08-23
UConn,University of Connecticut,Pi Kappa Phi,,IFC,,,true,complete,true,https://www.greekrank.com/uni/335/,2026-08-23
UConn,University of Connecticut,Beta Theta Pi,,IFC,,,true,complete,true,https://www.greekrank.com/uni/335/,2026-08-23
UConn,University of Connecticut,Alpha Sigma Phi,,IFC,,,true,complete,true,https://www.greekrank.com/uni/335/,2026-08-23
UConn,University of Connecticut,Omega Psi Phi,,NPHC,,,true,complete,true,https://www.greekrank.com/uni/335/,2026-08-23
UConn,University of Connecticut,Zeta Psi,,IFC,,,true,complete,true,https://www.greekrank.com/uni/335/,2026-08-23
UConn,University of Connecticut,Delta Epsilon Psi,,MGC,,,true,complete,true,https://www.greekrank.com/uni/335/,2026-08-23
UConn,University of Connecticut,Pi Delta Psi,,MGC,,,true,complete,true,https://www.greekrank.com/uni/335/,2026-08-23
UConn,University of Connecticut,Delta Tau Delta,,IFC,,,true,complete,true,https://www.greekrank.com/uni/335/,2026-08-23
UConn,University of Connecticut,Lambda Phi Epsilon,,MGC,,,true,complete,true,https://www.greekrank.com/uni/335/,2026-08-23
UConn,University of Connecticut,Alpha Delta Phi,,IFC,,,true,complete,true,https://www.greekrank.com/uni/335/,2026-08-23
UConn,University of Connecticut,Iota Phi Theta,,NPHC,,,true,complete,true,https://www.greekrank.com/uni/335/,2026-08-23
UConn,University of Connecticut,Alpha Phi Alpha,,NPHC,,,true,complete,true,https://www.greekrank.com/uni/335/,2026-08-23
UConn,University of Connecticut,Lambda Upsilon Lambda,,MGC,,,true,complete,true,https://www.greekrank.com/uni/335/,2026-08-23
UConn,University of Connecticut,Phi Beta Sigma,,NPHC,,,true,complete,true,https://www.greekrank.com/uni/335/,2026-08-23
UConn,University of Connecticut,Lambda Alpha Upsilon,,MGC,,,true,complete,true,https://www.greekrank.com/uni/335/,2026-08-23
UConn,University of Connecticut,Beta Chi Theta,,MGC,,,true,complete,true,https://www.greekrank.com/uni/335/,2026-08-23
UConn,University of Connecticut,Kappa Alpha Theta,,Panhellenic,,,true,complete,true,https://www.greekrank.com/uni/335/,2026-08-23
UConn,University of Connecticut,Alpha Omicron Pi,,Panhellenic,,,true,complete,true,https://www.greekrank.com/uni/335/,2026-08-23
UConn,University of Connecticut,Alpha Phi,,Panhellenic,,,true,complete,true,https://www.greekrank.com/uni/335/,2026-08-23
UConn,University of Connecticut,Pi Beta Phi,,Panhellenic,,,true,complete,true,https://www.greekrank.com/uni/335/,2026-08-23
UConn,University of Connecticut,Gamma Phi Beta,,Panhellenic,,,true,complete,true,https://www.greekrank.com/uni/335/,2026-08-23
UConn,University of Connecticut,Alpha Epsilon Phi,,Panhellenic,,,true,complete,true,https://www.greekrank.com/uni/335/,2026-08-23
UConn,University of Connecticut,Delta Zeta,,Panhellenic,,,true,complete,true,https://www.greekrank.com/uni/335/,2026-08-23
UConn,University of Connecticut,Alpha Chi Omega,,Panhellenic,,,true,complete,true,https://www.greekrank.com/uni/335/,2026-08-23
UConn,University of Connecticut,Delta Phi Lambda,,MGC,,,true,complete,true,https://www.greekrank.com/uni/335/,2026-08-23
UConn,University of Connecticut,Delta Phi Omega,,MGC,,,true,complete,true,https://www.greekrank.com/uni/335/,2026-08-23
UConn,University of Connecticut,Sigma Gamma Rho,,NPHC,,,true,complete,true,https://www.greekrank.com/uni/335/,2026-08-23
UConn,University of Connecticut,Kappa Phi Lambda,,MGC,,,true,complete,true,https://www.greekrank.com/uni/335/,2026-08-23
UConn,University of Connecticut,Delta Sigma Theta,,NPHC,,,true,complete,true,https://www.greekrank.com/uni/335/,2026-08-23
UConn,University of Connecticut,Lambda Theta Alpha,,MGC,,,true,complete,true,https://www.greekrank.com/uni/335/,2026-08-23
UConn,University of Connecticut,Omega Phi Beta,,,,,true,complete,true,https://www.greekrank.com/uni/335/,2026-08-23
UConn,University of Connecticut,Zeta Phi Beta,,NPHC,,,true,complete,true,https://www.greekrank.com/uni/335/,2026-08-23
Missouri State,Missouri State University,Delta Chi,,IFC,,,true,complete,true,https://www.greekrank.com/uni/224/,2026-08-23
Missouri State,Missouri State University,Theta Chi,,IFC,,,true,complete,true,https://www.greekrank.com/uni/224/,2026-08-23
Missouri State,Missouri State University,Sigma Phi Epsilon,,IFC,,,true,complete,true,https://www.greekrank.com/uni/224/,2026-08-23
Missouri State,Missouri State University,Pi Kappa Alpha,,IFC,,,true,complete,true,https://www.greekrank.com/uni/224/,2026-08-23
Missouri State,Missouri State University,Sigma Pi,,IFC,,,true,complete,true,https://www.greekrank.com/uni/224/,2026-08-23
Missouri State,Missouri State University,Delta Sigma Phi,,IFC,,,true,complete,true,https://www.greekrank.com/uni/224/,2026-08-23
Missouri State,Missouri State University,Tau Kappa Epsilon,,IFC,,,true,complete,true,https://www.greekrank.com/uni/224/,2026-08-23
Missouri State,Missouri State University,Alpha Kappa Lambda,,IFC,,,true,complete,true,https://www.greekrank.com/uni/224/,2026-08-23
Missouri State,Missouri State University,Sigma Nu,,IFC,,,true,complete,true,https://www.greekrank.com/uni/224/,2026-08-23
Missouri State,Missouri State University,Lambda Chi Alpha,,IFC,,,true,complete,true,https://www.greekrank.com/uni/224/,2026-08-23
Missouri State,Missouri State University,Pi Kappa Phi,,IFC,,,true,complete,true,https://www.greekrank.com/uni/224/,2026-08-23
Missouri State,Missouri State University,Phi Gamma Delta,,IFC,,,true,complete,true,https://www.greekrank.com/uni/224/,2026-08-23
Missouri State,Missouri State University,Kappa Sigma,,IFC,,,true,complete,true,https://www.greekrank.com/uni/224/,2026-08-23
Missouri State,Missouri State University,Sigma Chi,,IFC,,,true,complete,true,https://www.greekrank.com/uni/224/,2026-08-23
Missouri State,Missouri State University,Alpha Gamma Sigma,,IFC,,,true,complete,true,https://www.greekrank.com/uni/224/,2026-08-23
Missouri State,Missouri State University,Kappa Alpha Psi,,NPHC,,,true,complete,true,https://www.greekrank.com/uni/224/,2026-08-23
Missouri State,Missouri State University,Phi Beta Sigma,,NPHC,,,true,complete,true,https://www.greekrank.com/uni/224/,2026-08-23
Missouri State,Missouri State University,Alpha Phi Alpha,,NPHC,,,true,complete,true,https://www.greekrank.com/uni/224/,2026-08-23
Missouri State,Missouri State University,Alpha Gamma Rho,,IFC,,,true,complete,true,https://www.greekrank.com/uni/224/,2026-08-23
Missouri State,Missouri State University,Sigma Tau Gamma,,IFC,,,true,complete,true,https://www.greekrank.com/uni/224/,2026-08-23
Missouri State,Missouri State University,Kappa Alpha Order,,IFC,,,true,complete,true,https://www.greekrank.com/uni/224/,2026-08-23
Missouri State,Missouri State University,Delta Zeta,,Panhellenic,,,true,complete,true,https://www.greekrank.com/uni/224/,2026-08-23
Missouri State,Missouri State University,Sigma Sigma Sigma,,Panhellenic,,,true,complete,true,https://www.greekrank.com/uni/224/,2026-08-23
Missouri State,Missouri State University,Sigma Kappa,,Panhellenic,,,true,complete,true,https://www.greekrank.com/uni/224/,2026-08-23
Missouri State,Missouri State University,Alpha Omicron Pi,,Panhellenic,,,true,complete,true,https://www.greekrank.com/uni/224/,2026-08-23
Missouri State,Missouri State University,Alpha Delta Pi,,Panhellenic,,,true,complete,true,https://www.greekrank.com/uni/224/,2026-08-23
Missouri State,Missouri State University,Gamma Phi Beta,,Panhellenic,,,true,complete,true,https://www.greekrank.com/uni/224/,2026-08-23
Missouri State,Missouri State University,Alpha Chi Omega,,Panhellenic,,,true,complete,true,https://www.greekrank.com/uni/224/,2026-08-23
Missouri State,Missouri State University,Alpha Sigma Alpha,,Panhellenic,,,true,complete,true,https://www.greekrank.com/uni/224/,2026-08-23
Missouri State,Missouri State University,Zeta Phi Beta,,NPHC,,,true,complete,true,https://www.greekrank.com/uni/224/,2026-08-23
Missouri State,Missouri State University,Delta Sigma Theta,,NPHC,,,true,complete,true,https://www.greekrank.com/uni/224/,2026-08-23
Montana State,Montana State University,Sigma Chi,,IFC,,,true,complete,true,https://www.greekrank.com/uni/227/,2026-08-23
Montana State,Montana State University,Kappa Sigma,,IFC,,,true,complete,true,https://www.greekrank.com/uni/227/,2026-08-23
Montana State,Montana State University,Pi Kappa Alpha,,IFC,,,true,complete,true,https://www.greekrank.com/uni/227/,2026-08-23
Montana State,Montana State University,Alpha Gamma Rho,,IFC,,,true,complete,true,https://www.greekrank.com/uni/227/,2026-08-23
Montana State,Montana State University,Alpha Sigma Phi,,IFC,,,true,complete,true,https://www.greekrank.com/uni/227/,2026-08-23
Montana State,Montana State University,Sigma Phi Epsilon,,IFC,,,true,complete,true,https://www.greekrank.com/uni/227/,2026-08-23
Montana State,Montana State University,Chi Omega,,Panhellenic,,,true,complete,true,https://www.greekrank.com/uni/227/,2026-08-23
Montana State,Montana State University,Pi Beta Phi,,Panhellenic,,,true,complete,true,https://www.greekrank.com/uni/227/,2026-08-23
Montana State,Montana State University,Alpha Omicron Pi,,Panhellenic,,,true,complete,true,https://www.greekrank.com/uni/227/,2026-08-23
Montana State,Montana State University,Alpha Gamma Delta,,Panhellenic,,,true,complete,true,https://www.greekrank.com/uni/227/,2026-08-23
UNLV,"University of Nevada, Las Vegas",Omega Delta Phi,,MGC,,,true,complete,true,https://www.greekrank.com/uni/346/,2026-08-23
UNLV,"University of Nevada, Las Vegas",Alpha Sigma Phi,,IFC,,,true,complete,true,https://www.greekrank.com/uni/346/,2026-08-23
UNLV,"University of Nevada, Las Vegas",Delta Chi,,IFC,,,true,complete,true,https://www.greekrank.com/uni/346/,2026-08-23
UNLV,"University of Nevada, Las Vegas",Lambda Chi Alpha,,IFC,,,true,complete,true,https://www.greekrank.com/uni/346/,2026-08-23
UNLV,"University of Nevada, Las Vegas",Kappa Alpha Psi,,NPHC,,,true,complete,true,https://www.greekrank.com/uni/346/,2026-08-23
UNLV,"University of Nevada, Las Vegas",Sigma Alpha Mu,,IFC,,,true,complete,true,https://www.greekrank.com/uni/346/,2026-08-23
UNLV,"University of Nevada, Las Vegas",Pi Kappa Alpha,,IFC,,,true,complete,true,https://www.greekrank.com/uni/346/,2026-08-23
UNLV,"University of Nevada, Las Vegas",Pi Kappa Phi,,IFC,,,true,complete,true,https://www.greekrank.com/uni/346/,2026-08-23
UNLV,"University of Nevada, Las Vegas",Alpha Epsilon Pi,,IFC,,,true,complete,true,https://www.greekrank.com/uni/346/,2026-08-23
UNLV,"University of Nevada, Las Vegas",Phi Delta Theta,,IFC,,,true,complete,true,https://www.greekrank.com/uni/346/,2026-08-23
UNLV,"University of Nevada, Las Vegas",Tau Kappa Epsilon,,IFC,,,true,complete,true,https://www.greekrank.com/uni/346/,2026-08-23
UNLV,"University of Nevada, Las Vegas",Kappa Sigma,,IFC,,,true,complete,true,https://www.greekrank.com/uni/346/,2026-08-23
UNLV,"University of Nevada, Las Vegas",Alpha Tau Omega,,IFC,,,true,complete,true,https://www.greekrank.com/uni/346/,2026-08-23
UNLV,"University of Nevada, Las Vegas",Zeta Beta Tau,,IFC,,,true,complete,true,https://www.greekrank.com/uni/346/,2026-08-23
UNLV,"University of Nevada, Las Vegas",Phi Beta Sigma,,NPHC,,,true,complete,true,https://www.greekrank.com/uni/346/,2026-08-23
UNLV,"University of Nevada, Las Vegas",Sigma Alpha Epsilon,,IFC,,,true,complete,true,https://www.greekrank.com/uni/346/,2026-08-23
UNLV,"University of Nevada, Las Vegas",Omega Psi Phi,,NPHC,,,true,complete,true,https://www.greekrank.com/uni/346/,2026-08-23
UNLV,"University of Nevada, Las Vegas",Alpha Phi Alpha,,NPHC,,,true,complete,true,https://www.greekrank.com/uni/346/,2026-08-23
UNLV,"University of Nevada, Las Vegas",Alpha Xi Delta,,Panhellenic,,,true,complete,true,https://www.greekrank.com/uni/346/,2026-08-23
UNLV,"University of Nevada, Las Vegas",Alpha Gamma Delta,,Panhellenic,,,true,complete,true,https://www.greekrank.com/uni/346/,2026-08-23
UNLV,"University of Nevada, Las Vegas",Sigma Kappa,,Panhellenic,,,true,complete,true,https://www.greekrank.com/uni/346/,2026-08-23
UNLV,"University of Nevada, Las Vegas",Delta Zeta,,Panhellenic,,,true,complete,true,https://www.greekrank.com/uni/346/,2026-08-23
UNLV,"University of Nevada, Las Vegas",Alpha Delta Pi,,Panhellenic,,,true,complete,true,https://www.greekrank.com/uni/346/,2026-08-23
UNLV,"University of Nevada, Las Vegas",Sigma Sigma Sigma,,Panhellenic,,,true,complete,true,https://www.greekrank.com/uni/346/,2026-08-23
UNLV,"University of Nevada, Las Vegas",Zeta Tau Alpha,,Panhellenic,,,true,complete,true,https://www.greekrank.com/uni/346/,2026-08-23
UNLV,"University of Nevada, Las Vegas",Alpha Kappa Alpha,,NPHC,,,true,complete,true,https://www.greekrank.com/uni/346/,2026-08-23
UNLV,"University of Nevada, Las Vegas",Gamma Phi Beta,,Panhellenic,,,true,complete,true,https://www.greekrank.com/uni/346/,2026-08-23
UNLV,"University of Nevada, Las Vegas",Sigma Gamma Rho,,NPHC,,,true,complete,true,https://www.greekrank.com/uni/346/,2026-08-23
UNLV,"University of Nevada, Las Vegas",Delta Sigma Theta,,NPHC,,,true,complete,true,https://www.greekrank.com/uni/346/,2026-08-23
Kennesaw St,Kennesaw State University,Kappa Sigma,,IFC,,,true,complete,true,https://www.greekrank.com/uni/288/,2026-08-23
Kennesaw St,Kennesaw State University,Delta Tau Delta,,IFC,,,true,complete,true,https://www.greekrank.com/uni/288/,2026-08-23
Kennesaw St,Kennesaw State University,Pi Kappa Phi,,IFC,,,true,complete,true,https://www.greekrank.com/uni/288/,2026-08-23
Kennesaw St,Kennesaw State University,Sigma Alpha Epsilon,,IFC,,,true,complete,true,https://www.greekrank.com/uni/288/,2026-08-23
Kennesaw St,Kennesaw State University,Pi Kappa Alpha,,IFC,,,true,complete,true,https://www.greekrank.com/uni/288/,2026-08-23
Kennesaw St,Kennesaw State University,Delta Chi,,IFC,,,true,complete,true,https://www.greekrank.com/uni/288/,2026-08-23
Kennesaw St,Kennesaw State University,Kappa Alpha Order,,IFC,,,true,complete,true,https://www.greekrank.com/uni/288/,2026-08-23
Kennesaw St,Kennesaw State University,Theta Xi,,IFC,,,true,complete,true,https://www.greekrank.com/uni/288/,2026-08-23
Kennesaw St,Kennesaw State University,Theta Chi,,IFC,,,true,complete,true,https://www.greekrank.com/uni/288/,2026-08-23
Kennesaw St,Kennesaw State University,Sigma Nu,,IFC,,,true,complete,true,https://www.greekrank.com/uni/288/,2026-08-23
Kennesaw St,Kennesaw State University,Sigma Pi,,IFC,,,true,complete,true,https://www.greekrank.com/uni/288/,2026-08-23
Kennesaw St,Kennesaw State University,Omega Psi Phi,,NPHC,,,true,complete,true,https://www.greekrank.com/uni/288/,2026-08-23
Kennesaw St,Kennesaw State University,Phi Beta Sigma,,NPHC,,,true,complete,true,https://www.greekrank.com/uni/288/,2026-08-23
Kennesaw St,Kennesaw State University,Delta Sigma Phi,,IFC,,,true,complete,true,https://www.greekrank.com/uni/288/,2026-08-23
Kennesaw St,Kennesaw State University,Alpha Phi Alpha,,NPHC,,,true,complete,true,https://www.greekrank.com/uni/288/,2026-08-23
Kennesaw St,Kennesaw State University,Tau Kappa Epsilon,,IFC,,,true,complete,true,https://www.greekrank.com/uni/288/,2026-08-23
Kennesaw St,Kennesaw State University,Alpha Epsilon Pi,,IFC,,,true,complete,true,https://www.greekrank.com/uni/288/,2026-08-23
Kennesaw St,Kennesaw State University,Kappa Alpha Psi,,NPHC,,,true,complete,true,https://www.greekrank.com/uni/288/,2026-08-23
Kennesaw St,Kennesaw State University,Alpha Omicron Pi,,Panhellenic,,,true,complete,true,https://www.greekrank.com/uni/288/,2026-08-23
Kennesaw St,Kennesaw State University,Zeta Tau Alpha,,Panhellenic,,,true,complete,true,https://www.greekrank.com/uni/288/,2026-08-23
Kennesaw St,Kennesaw State University,Alpha Xi Delta,,Panhellenic,,,true,complete,true,https://www.greekrank.com/uni/288/,2026-08-23
Kennesaw St,Kennesaw State University,Gamma Phi Beta,,Panhellenic,,,true,complete,true,https://www.greekrank.com/uni/288/,2026-08-23
Kennesaw St,Kennesaw State University,Phi Mu,,Panhellenic,,,true,complete,true,https://www.greekrank.com/uni/288/,2026-08-23
Kennesaw St,Kennesaw State University,Kappa Delta,,Panhellenic,,,true,complete,true,https://www.greekrank.com/uni/288/,2026-08-23
Kennesaw St,Kennesaw State University,Delta Phi Epsilon,,Panhellenic,,,true,complete,true,https://www.greekrank.com/uni/288/,2026-08-23
Kennesaw St,Kennesaw State University,Delta Sigma Theta,,NPHC,,,true,complete,true,https://www.greekrank.com/uni/288/,2026-08-23
Kennesaw St,Kennesaw State University,Sigma Gamma Rho,,NPHC,,,true,complete,true,https://www.greekrank.com/uni/288/,2026-08-23
Kennesaw St,Kennesaw State University,Zeta Phi Beta,,NPHC,,,true,complete,true,https://www.greekrank.com/uni/288/,2026-08-23
Kennesaw St,Kennesaw State University,Alpha Kappa Alpha,,NPHC,,,true,complete,true,https://www.greekrank.com/uni/288/,2026-08-23
Towson,Towson University,Zeta Beta Tau,,IFC,,,true,complete,true,https://www.greekrank.com/uni/454/,2026-08-23
Towson,Towson University,Pi Kappa Alpha,,IFC,,,true,complete,true,https://www.greekrank.com/uni/454/,2026-08-23
Towson,Towson University,Theta Chi,,IFC,,,true,complete,true,https://www.greekrank.com/uni/454/,2026-08-23
Towson,Towson University,Alpha Sigma Phi,,IFC,,,true,complete,true,https://www.greekrank.com/uni/454/,2026-08-23
Towson,Towson University,Kappa Delta Rho,,IFC,,,true,complete,true,https://www.greekrank.com/uni/454/,2026-08-23
Towson,Towson University,Sigma Chi,,IFC,,,true,complete,true,https://www.greekrank.com/uni/454/,2026-08-23
Towson,Towson University,Chi Phi,,IFC,,,true,complete,true,https://www.greekrank.com/uni/454/,2026-08-23
Towson,Towson University,Sigma Alpha Epsilon,,IFC,,,true,complete,true,https://www.greekrank.com/uni/454/,2026-08-23
Towson,Towson University,Alpha Epsilon Pi,,IFC,,,true,complete,true,https://www.greekrank.com/uni/454/,2026-08-23
Towson,Towson University,Kappa Sigma,,IFC,,,true,complete,true,https://www.greekrank.com/uni/454/,2026-08-23
Towson,Towson University,Phi Kappa Psi,,IFC,,,true,complete,true,https://www.greekrank.com/uni/454/,2026-08-23
Towson,Towson University,Phi Sigma Kappa,,IFC,,,true,complete,true,https://www.greekrank.com/uni/454/,2026-08-23
Towson,Towson University,Sigma Alpha Mu,,IFC,,,true,complete,true,https://www.greekrank.com/uni/454/,2026-08-23
Towson,Towson University,Lambda Chi Alpha,,IFC,,,true,complete,true,https://www.greekrank.com/uni/454/,2026-08-23
Towson,Towson University,Alpha Phi Alpha,,NPHC,,,true,complete,true,https://www.greekrank.com/uni/454/,2026-08-23
Towson,Towson University,Kappa Alpha Psi,,NPHC,,,true,complete,true,https://www.greekrank.com/uni/454/,2026-08-23
Towson,Towson University,Phi Mu,,Panhellenic,,,true,complete,true,https://www.greekrank.com/uni/454/,2026-08-23
Towson,Towson University,Zeta Tau Alpha,,Panhellenic,,,true,complete,true,https://www.greekrank.com/uni/454/,2026-08-23
Towson,Towson University,Alpha Xi Delta,,Panhellenic,,,true,complete,true,https://www.greekrank.com/uni/454/,2026-08-23
Towson,Towson University,Kappa Delta,,Panhellenic,,,true,complete,true,https://www.greekrank.com/uni/454/,2026-08-23
Towson,Towson University,Alpha Phi,,Panhellenic,,,true,complete,true,https://www.greekrank.com/uni/454/,2026-08-23
Towson,Towson University,Delta Phi Epsilon,,Panhellenic,,,true,complete,true,https://www.greekrank.com/uni/454/,2026-08-23
Towson,Towson University,Alpha Gamma Delta,,Panhellenic,,,true,complete,true,https://www.greekrank.com/uni/454/,2026-08-23
Towson,Towson University,Delta Delta Delta,,Panhellenic,,,true,complete,true,https://www.greekrank.com/uni/454/,2026-08-23
Towson,Towson University,Alpha Omicron Pi,,Panhellenic,,,true,complete,true,https://www.greekrank.com/uni/454/,2026-08-23
Towson,Towson University,Alpha Epsilon Phi,,Panhellenic,,,true,complete,true,https://www.greekrank.com/uni/454/,2026-08-23
Towson,Towson University,Delta Sigma Theta,,NPHC,,,true,complete,true,https://www.greekrank.com/uni/454/,2026-08-23
North Alabama,University of North Alabama,Sigma Chi,,IFC,,,true,complete,true,https://www.greekrank.com/uni/500/,2026-08-23
North Alabama,University of North Alabama,Phi Gamma Delta,,IFC,,,true,complete,true,https://www.greekrank.com/uni/500/,2026-08-23
North Alabama,University of North Alabama,Kappa Sigma,,IFC,,,true,complete,true,https://www.greekrank.com/uni/500/,2026-08-23
North Alabama,University of North Alabama,Pi Kappa Alpha,,IFC,,,true,complete,true,https://www.greekrank.com/uni/500/,2026-08-23
North Alabama,University of North Alabama,Sigma Alpha Epsilon,,IFC,,,true,complete,true,https://www.greekrank.com/uni/500/,2026-08-23
North Alabama,University of North Alabama,Alpha Tau Omega,,IFC,,,true,complete,true,https://www.greekrank.com/uni/500/,2026-08-23
North Alabama,University of North Alabama,Phi Beta Sigma,,NPHC,,,true,complete,true,https://www.greekrank.com/uni/500/,2026-08-23
North Alabama,University of North Alabama,Delta Chi,,IFC,,,true,complete,true,https://www.greekrank.com/uni/500/,2026-08-23
North Alabama,University of North Alabama,Kappa Alpha Psi,,NPHC,,,true,complete,true,https://www.greekrank.com/uni/500/,2026-08-23
North Alabama,University of North Alabama,Alpha Phi Alpha,,NPHC,,,true,complete,true,https://www.greekrank.com/uni/500/,2026-08-23
North Alabama,University of North Alabama,Alpha Gamma Delta,,Panhellenic,,,true,complete,true,https://www.greekrank.com/uni/500/,2026-08-23
North Alabama,University of North Alabama,Phi Mu,,Panhellenic,,,true,complete,true,https://www.greekrank.com/uni/500/,2026-08-23
North Alabama,University of North Alabama,Zeta Tau Alpha,,Panhellenic,,,true,complete,true,https://www.greekrank.com/uni/500/,2026-08-23
North Alabama,University of North Alabama,Delta Sigma Theta,,NPHC,,,true,complete,true,https://www.greekrank.com/uni/500/,2026-08-23
North Alabama,University of North Alabama,Alpha Delta Pi,,Panhellenic,,,true,complete,true,https://www.greekrank.com/uni/500/,2026-08-23
North Alabama,University of North Alabama,Alpha Kappa Alpha,,NPHC,,,true,complete,true,https://www.greekrank.com/uni/500/,2026-08-23
North Alabama,University of North Alabama,Zeta Phi Beta,,NPHC,,,true,complete,true,https://www.greekrank.com/uni/500/,2026-08-23
Indiana,Indiana University Bloomington,Alpha Epsilon Pi,,IFC,,,true,complete,true,https://www.greekrank.com/uni/71/,2026-08-23
Indiana,Indiana University Bloomington,Sigma Pi,,IFC,,,true,complete,true,https://www.greekrank.com/uni/71/,2026-08-23
Indiana,Indiana University Bloomington,Delta Tau Delta,,IFC,,,true,complete,true,https://www.greekrank.com/uni/71/,2026-08-23
Indiana,Indiana University Bloomington,Sigma Chi,,IFC,,,true,complete,true,https://www.greekrank.com/uni/71/,2026-08-23
Indiana,Indiana University Bloomington,Zeta Beta Tau,,IFC,,,true,complete,true,https://www.greekrank.com/uni/71/,2026-08-23
Indiana,Indiana University Bloomington,Sigma Alpha Mu,,IFC,,,true,complete,true,https://www.greekrank.com/uni/71/,2026-08-23
Indiana,Indiana University Bloomington,Pi Kappa Phi,,IFC,,,true,complete,true,https://www.greekrank.com/uni/71/,2026-08-23
Indiana,Indiana University Bloomington,Sigma Phi Epsilon,,IFC,,,true,complete,true,https://www.greekrank.com/uni/71/,2026-08-23
Indiana,Indiana University Bloomington,Phi Gamma Delta,,IFC,,,true,complete,true,https://www.greekrank.com/uni/71/,2026-08-23
Indiana,Indiana University Bloomington,Pi Lambda Phi,,IFC,,,true,complete,true,https://www.greekrank.com/uni/71/,2026-08-23
Indiana,Indiana University Bloomington,Phi Delta Theta,,IFC,,,true,complete,true,https://www.greekrank.com/uni/71/,2026-08-23
Indiana,Indiana University Bloomington,Lambda Chi Alpha,,IFC,,,true,complete,true,https://www.greekrank.com/uni/71/,2026-08-23
Indiana,Indiana University Bloomington,Alpha Kappa Lambda,,IFC,,,true,complete,true,https://www.greekrank.com/uni/71/,2026-08-23
Indiana,Indiana University Bloomington,Delta Upsilon,,IFC,,,true,complete,true,https://www.greekrank.com/uni/71/,2026-08-23
Indiana,Indiana University Bloomington,Phi Sigma Kappa,,IFC,,,true,complete,true,https://www.greekrank.com/uni/71/,2026-08-23
Indiana,Indiana University Bloomington,Delta Sigma Phi,,IFC,,,true,complete,true,https://www.greekrank.com/uni/71/,2026-08-23
Indiana,Indiana University Bloomington,Acacia,,IFC,,,true,complete,true,https://www.greekrank.com/uni/71/,2026-08-23
Indiana,Indiana University Bloomington,Alpha Sigma Phi,,IFC,,,true,complete,true,https://www.greekrank.com/uni/71/,2026-08-23
Indiana,Indiana University Bloomington,Beta Theta Pi,,IFC,,,true,complete,true,https://www.greekrank.com/uni/71/,2026-08-23
Indiana,Indiana University Bloomington,Theta Chi,,IFC,,,true,complete,true,https://www.greekrank.com/uni/71/,2026-08-23
Indiana,Indiana University Bloomington,Kappa Sigma,,IFC,,,true,complete,true,https://www.greekrank.com/uni/71/,2026-08-23
Indiana,Indiana University Bloomington,Sigma Alpha Epsilon,,IFC,,,true,complete,true,https://www.greekrank.com/uni/71/,2026-08-23
Indiana,Indiana University Bloomington,Tau Epsilon Phi,,IFC,,,true,complete,true,https://www.greekrank.com/uni/71/,2026-08-23
Indiana,Indiana University Bloomington,Pi Kappa Alpha,,IFC,,,true,complete,true,https://www.greekrank.com/uni/71/,2026-08-23
Indiana,Indiana University Bloomington,Delta Kappa Epsilon,,IFC,,,true,complete,true,https://www.greekrank.com/uni/71/,2026-08-23
Indiana,Indiana University Bloomington,Chi Phi,,IFC,,,true,complete,true,https://www.greekrank.com/uni/71/,2026-08-23
Indiana,Indiana University Bloomington,Delta Chi,,IFC,,,true,complete,true,https://www.greekrank.com/uni/71/,2026-08-23
Indiana,Indiana University Bloomington,Phi Kappa Psi,,IFC,,,true,complete,true,https://www.greekrank.com/uni/71/,2026-08-23
Indiana,Indiana University Bloomington,Sigma Nu,,IFC,,,true,complete,true,https://www.greekrank.com/uni/71/,2026-08-23
Indiana,Indiana University Bloomington,Kappa Delta Rho,,IFC,,,true,complete,true,https://www.greekrank.com/uni/71/,2026-08-23
Indiana,Indiana University Bloomington,Phi Kappa Sigma,,IFC,,,true,complete,true,https://www.greekrank.com/uni/71/,2026-08-23
Indiana,Indiana University Bloomington,Kappa Alpha Psi,,NPHC,,,true,complete,true,https://www.greekrank.com/uni/71/,2026-08-23
Indiana,Indiana University Bloomington,Beta Chi Theta,,MGC,,,true,complete,true,https://www.greekrank.com/uni/71/,2026-08-23
Indiana,Indiana University Bloomington,Beta Sigma Psi,,IFC,,,true,complete,true,https://www.greekrank.com/uni/71/,2026-08-23
Indiana,Indiana University Bloomington,Omega Psi Phi,,NPHC,,,true,complete,true,https://www.greekrank.com/uni/71/,2026-08-23
Indiana,Indiana University Bloomington,Phi Kappa Tau,,IFC,,,true,complete,true,https://www.greekrank.com/uni/71/,2026-08-23
Indiana,Indiana University Bloomington,Phi Beta Sigma,,NPHC,,,true,complete,true,https://www.greekrank.com/uni/71/,2026-08-23
Indiana,Indiana University Bloomington,Iota Phi Theta,,NPHC,,,true,complete,true,https://www.greekrank.com/uni/71/,2026-08-23
Indiana,Indiana University Bloomington,Sigma Lambda Beta,,MGC,,,true,complete,true,https://www.greekrank.com/uni/71/,2026-08-23
Indiana,Indiana University Bloomington,Beta Upsilon Chi,,IFC,,,true,complete,true,https://www.greekrank.com/uni/71/,2026-08-23
Indiana,Indiana University Bloomington,Alpha Phi Alpha,,NPHC,,,true,complete,true,https://www.greekrank.com/uni/71/,2026-08-23
Indiana,Indiana University Bloomington,Alpha Omicron Pi,,Panhellenic,,,true,complete,true,https://www.greekrank.com/uni/71/,2026-08-23
Indiana,Indiana University Bloomington,Theta Phi Alpha,,Panhellenic,,,true,complete,true,https://www.greekrank.com/uni/71/,2026-08-23
Indiana,Indiana University Bloomington,Gamma Phi Beta,,Panhellenic,,,true,complete,true,https://www.greekrank.com/uni/71/,2026-08-23
Indiana,Indiana University Bloomington,Phi Mu,,Panhellenic,,,true,complete,true,https://www.greekrank.com/uni/71/,2026-08-23
Indiana,Indiana University Bloomington,Alpha Xi Delta,,Panhellenic,,,true,complete,true,https://www.greekrank.com/uni/71/,2026-08-23
Indiana,Indiana University Bloomington,Delta Gamma,,Panhellenic,,,true,complete,true,https://www.greekrank.com/uni/71/,2026-08-23
Indiana,Indiana University Bloomington,Kappa Alpha Theta,,Panhellenic,,,true,complete,true,https://www.greekrank.com/uni/71/,2026-08-23
Indiana,Indiana University Bloomington,Alpha Chi Omega,,Panhellenic,,,true,complete,true,https://www.greekrank.com/uni/71/,2026-08-23
Indiana,Indiana University Bloomington,Delta Zeta,,Panhellenic,,,true,complete,true,https://www.greekrank.com/uni/71/,2026-08-23
Indiana,Indiana University Bloomington,Alpha Gamma Delta,,Panhellenic,,,true,complete,true,https://www.greekrank.com/uni/71/,2026-08-23
Indiana,Indiana University Bloomington,Delta Phi Epsilon,,Panhellenic,,,true,complete,true,https://www.greekrank.com/uni/71/,2026-08-23
Indiana,Indiana University Bloomington,Alpha Delta Pi,,Panhellenic,,,true,complete,true,https://www.greekrank.com/uni/71/,2026-08-23
Indiana,Indiana University Bloomington,Zeta Phi Beta,,NPHC,,,true,complete,true,https://www.greekrank.com/uni/71/,2026-08-23
Indiana,Indiana University Bloomington,Zeta Tau Alpha,,Panhellenic,,,true,complete,true,https://www.greekrank.com/uni/71/,2026-08-23
Indiana,Indiana University Bloomington,Kappa Delta,,Panhellenic,,,true,complete,true,https://www.greekrank.com/uni/71/,2026-08-23
Indiana,Indiana University Bloomington,Alpha Sigma Alpha,,Panhellenic,,,true,complete,true,https://www.greekrank.com/uni/71/,2026-08-23
Indiana,Indiana University Bloomington,Chi Omega,,Panhellenic,,,true,complete,true,https://www.greekrank.com/uni/71/,2026-08-23
Indiana,Indiana University Bloomington,Sigma Kappa,,Panhellenic,,,true,complete,true,https://www.greekrank.com/uni/71/,2026-08-23
Indiana,Indiana University Bloomington,Pi Beta Phi,,Panhellenic,,,true,complete,true,https://www.greekrank.com/uni/71/,2026-08-23
Indiana,Indiana University Bloomington,Sigma Delta Tau,,Panhellenic,,,true,complete,true,https://www.greekrank.com/uni/71/,2026-08-23
Indiana,Indiana University Bloomington,Alpha Kappa Alpha,,NPHC,,,true,complete,true,https://www.greekrank.com/uni/71/,2026-08-23
Indiana,Indiana University Bloomington,Kappa Kappa Gamma,,Panhellenic,,,true,complete,true,https://www.greekrank.com/uni/71/,2026-08-23
Indiana,Indiana University Bloomington,Alpha Epsilon Phi,,Panhellenic,,,true,complete,true,https://www.greekrank.com/uni/71/,2026-08-23
Indiana,Indiana University Bloomington,Sigma Gamma Rho,,NPHC,,,true,complete,true,https://www.greekrank.com/uni/71/,2026-08-23
Indiana,Indiana University Bloomington,Delta Sigma Theta,,NPHC,,,true,complete,true,https://www.greekrank.com/uni/71/,2026-08-23
Indiana,Indiana University Bloomington,Alpha Phi,,Panhellenic,,,true,complete,true,https://www.greekrank.com/uni/71/,2026-08-23
