brand,domain,model_type,campuses_served,estimated_market_strength,candidate_keyword_1,candidate_keyword_2,candidate_keyword_3,candidate_keyword_4,example_campuses,note
Course Hero,coursehero.com,NATIONAL_PLATFORM,445,HIGH,Course Hero,Course Hero accounting,Course Hero University of Alabama,Course Hero reviews,"University of Alabama; University of Georgia; University of Tennessee; University of Tennessee, Knoxville; Auburn University",INTERNAL keyword research only — do NOT place competitor trademarks in ad copy
Studocu,studocu.com,NATIONAL_PLATFORM,310,HIGH,Studocu,Studocu accounting,Studocu University of Alabama,Studocu reviews,"University of Alabama; University of Georgia; University of Tennessee; University of Tennessee, Knoxville; Auburn University",INTERNAL keyword research only — do NOT place competitor trademarks in ad copy
Quizlet,quizlet.com,NATIONAL_PLATFORM,301,HIGH,Quizlet,Quizlet accounting,Quizlet University of Alabama,Quizlet reviews,"University of Alabama; University of Georgia; University of Tennessee; University of Tennessee, Knoxville; Auburn University",INTERNAL keyword research only — do NOT place competitor trademarks in ad copy
FrogTutoring,frogtutoring.com,MULTI_CAMPUS_REGIONAL,258,HIGH,FrogTutoring,FrogTutoring accounting,FrogTutoring University of Georgia,FrogTutoring reviews,University of Georgia; University of Tennessee; University of Houston; Florida International University; Liberty University,INTERNAL keyword research only — do NOT place competitor trademarks in ad copy
Scribd,scribd.com,NATIONAL_PLATFORM,154,HIGH,Scribd,Scribd accounting,Scribd University of Georgia,Scribd reviews,"University of Georgia; University of Tennessee, Knoxville; Florida International University; Calif State Univ, Northridge; University of Houston - Downtown",INTERNAL keyword research only — do NOT place competitor trademarks in ad copy
Stuvia,stuvia.com,NATIONAL_PLATFORM,107,HIGH,Stuvia,Stuvia accounting,Stuvia University of Alabama,Stuvia reviews,"University of Alabama; University of Tennessee; University of Tennessee, Knoxville; Auburn University; Florida International University",INTERNAL keyword research only — do NOT place competitor trademarks in ad copy
Wize Prep,wizeprep.com,MULTI_CAMPUS_REGIONAL,89,HIGH,Wize Prep,Wize Prep accounting,Wize Prep University of Georgia,Wize Prep reviews,University of Georgia; Auburn University; University of Arkansas; Virginia Poly Inst & St Un; Liberty University,INTERNAL keyword research only — do NOT place competitor trademarks in ad copy
Knack,joinknack.com,MULTI_CAMPUS_REGIONAL,41,HIGH,Knack,Knack accounting,Knack Auburn University,Knack reviews,Auburn University; University of Houston; Florida International University; Temple University; University of South Florida,INTERNAL keyword research only — do NOT place competitor trademarks in ad copy
acct2301.com,acct2301.com,STUDY_EDGE_MODEL,22,HIGH,acct2301.com,acct2301.com accounting,acct2301.com University of Houston,acct2301.com reviews,University of Houston; University of Houston - Downtown; The University of Texas at Dallas; Texas State University; Tarleton State University,INTERNAL keyword research only — do NOT place competitor trademarks in ad copy
acc201uky.com,acc201uky.com,STUDY_EDGE_MODEL,20,HIGH,acc201uky.com,acc201uky.com accounting,acc201uky.com University of Kentucky,acc201uky.com reviews,University of Kentucky; Penn State University Univ; Univ of Central Florida; University of Mississippi; San Diego State University,INTERNAL keyword research only — do NOT place competitor trademarks in ad copy
acct201a.com,acct201a.com,STUDY_EDGE_MODEL,20,HIGH,acct201a.com,acct201a.com accounting,acct201a.com Montclair State University,acct201a.com reviews,Montclair State University; Old Dominion University; Towson University; University of Louisville; Louisiana Tech University,INTERNAL keyword research only — do NOT place competitor trademarks in ad copy
Skoolers Tutoring,skoolerstutoring.com,MULTI_CAMPUS_REGIONAL,15,HIGH,Skoolers Tutoring,Skoolers Tutoring accounting,Skoolers Tutoring University of Alabama,Skoolers Tutoring reviews,University of Alabama; University of Georgia; Auburn University; Florida International University; Univ of Central Florida,INTERNAL keyword research only — do NOT place competitor trademarks in ad copy
acct2001.com,acct2001.com,STUDY_EDGE_MODEL,14,HIGH,acct2001.com,acct2001.com accounting,acct2001.com University of Georgia,acct2001.com reviews,"University of Georgia; University of Tennessee, Knoxville; Clemson University; University of North Texas; Temple University",INTERNAL keyword research only — do NOT place competitor trademarks in ad copy
Becker,becker.com,NATIONAL_PLATFORM,14,HIGH,Becker,Becker accounting,Becker Utah Valley University,Becker reviews,Utah Valley University; Temple University; Franklin University; Georgia State University; University of Illinois,INTERNAL keyword research only — do NOT place competitor trademarks in ad copy
emaze.com,emaze.com,LOCAL_REVIEW_CENTER,14,MEDIUM,emaze.com,emaze.com accounting,emaze.com University of Kentucky,emaze.com reviews,"University of Kentucky; Univ of Central Florida; University of Nevada, Las Vegas; Missouri State University; Univ No Carolina Greensboro",INTERNAL keyword research only — do NOT place competitor trademarks in ad copy
UWorld,uworld.com,STUDY_EDGE_MODEL,11,HIGH,UWorld,UWorld accounting,UWorld University of Alabama,UWorld reviews,"University of Alabama; Brigham Young University; Uof Missouri - Columbia; University of Nevada, Reno; Univ of Missouri - St. Louis St.",INTERNAL keyword research only — do NOT place competitor trademarks in ad copy
acct2101uga.com,acct2101uga.com,STUDY_EDGE_MODEL,11,HIGH,acct2101uga.com,acct2101uga.com accounting,acct2101uga.com University of Georgia,acct2101uga.com reviews,University of Georgia; Temple University; Texas Tech University; Kennesaw State University; University of North Carolina at Charlotte,INTERNAL keyword research only — do NOT place competitor trademarks in ad copy
acct2300.com,acct2300.com,STUDY_EDGE_MODEL,11,HIGH,acct2300.com,acct2300.com accounting,acct2300.com University of Houston,acct2300.com reviews,University of Houston; Liberty University; Texas Tech University; The University of Texas at Dallas; Tarleton State University,INTERNAL keyword research only — do NOT place competitor trademarks in ad copy
Gleim,gleim.com,STUDY_EDGE_MODEL,10,HIGH,Gleim,Gleim accounting,Gleim University of Alabama,Gleim reviews,University of Alabama; University of Florida; University of Texas at Austin; The University of Texas at Austin; The University of Texas at Dallas,INTERNAL keyword research only — do NOT place competitor trademarks in ad copy
acct200ku.com,acct200ku.com,STUDY_EDGE_MODEL,9,HIGH,acct200ku.com,acct200ku.com accounting,"acct200ku.com University of Tennessee, Knoxville",acct200ku.com reviews,"University of Tennessee, Knoxville; University of Arizona; University of Miami; Western Kentucky University; So Illinois, Edwardsville",INTERNAL keyword research only — do NOT place competitor trademarks in ad copy
jeopardylabs.com,jeopardylabs.com,LOCAL_REVIEW_CENTER,9,MEDIUM,jeopardylabs.com,jeopardylabs.com accounting,jeopardylabs.com Clemson University,jeopardylabs.com reviews,Clemson University; University of North Texas; North Carolina State University; Univ of Nebraska at Omaha; University of Massachusetts Lowell,INTERNAL keyword research only — do NOT place competitor trademarks in ad copy
accy201.com,accy201.com,OTHER,9,HIGH,accy201.com,accy201.com accounting,accy201.com University of Kentucky,accy201.com reviews,University of Kentucky; Penn State University Univ; Univ of Central Florida; University of Mississippi; San Diego State University,INTERNAL keyword research only — do NOT place competitor trademarks in ad copy
busa201.com,busa201.com,INDIVIDUAL_TUTOR_SCALED,8,HIGH,busa201.com,busa201.com accounting,busa201.com Indiana University Bloomington,busa201.com reviews,Indiana University Bloomington; Indiana University; Indiana University Indianapolis; Purdue Univ Fort Wayne Fort; IUSB Indiana Uat South Bend South,INTERNAL keyword research only — do NOT place competitor trademarks in ad copy
tierneyeducation.com,tierneyeducation.com,LOCAL_REVIEW_CENTER,8,MEDIUM,tierneyeducation.com,tierneyeducation.com accounting,tierneyeducation.com Penn State Univ-Behrend,tierneyeducation.com reviews,Penn State Univ-Behrend; Penn State Abington; Penn State Berks; Pennsylvania State University; Penn State York,INTERNAL keyword research only — do NOT place competitor trademarks in ad copy
beenews.com,beenews.com,LOCAL_REVIEW_CENTER,7,MEDIUM,beenews.com,beenews.com accounting,beenews.com University of Houston,beenews.com reviews,University of Houston; The University of Texas at Dallas; Tarleton State University; The University of Texas at Arlington; Sam Houston State University,INTERNAL keyword research only — do NOT place competitor trademarks in ad copy
acg2021fiu.com,acg2021fiu.com,STUDY_EDGE_MODEL,7,HIGH,acg2021fiu.com,acg2021fiu.com accounting,acg2021fiu.com Florida International University,acg2021fiu.com reviews,Florida International University; University of South Florida; Florida Atlantic University; University of Florida; Florida Gulf Coast University,INTERNAL keyword research only — do NOT place competitor trademarks in ad copy
fennie.ai,fennie.ai,LOCAL_REVIEW_CENTER,7,MEDIUM,fennie.ai,fennie.ai accounting,fennie.ai Indiana University Bloomington,fennie.ai reviews,Indiana University Bloomington; Indiana University; Indiana University Indianapolis; IUSB Indiana Uat South Bend South; Indiana University Southeast,INTERNAL keyword research only — do NOT place competitor trademarks in ad copy
breakroom.cc,breakroom.cc,LOCAL_REVIEW_CENTER,6,MEDIUM,breakroom.cc,breakroom.cc accounting,breakroom.cc Utah Valley University,breakroom.cc reviews,Utah Valley University; University of North Georgia; Troy University; Rochester Inst of Technology; Lipscomb University,INTERNAL keyword research only — do NOT place competitor trademarks in ad copy
accounting.com,accounting.com,LOCAL_REVIEW_CENTER,6,MEDIUM,accounting.com,accounting.com accounting,accounting.com University of Iowa Iowa,accounting.com reviews,University of Iowa Iowa; University of Kentucky; University of Missouri–St. Louis; University of South Dakota; Rhode Island College,INTERNAL keyword research only — do NOT place competitor trademarks in ad copy
icangotocollege.com,icangotocollege.com,LOCAL_REVIEW_CENTER,6,MEDIUM,icangotocollege.com,icangotocollege.com accounting,icangotocollege.com Pasadena City College,icangotocollege.com reviews,Pasadena City College; Santa Rosa Junior College; Cuesta College; Laney College; Evergreen Valley College,INTERNAL keyword research only — do NOT place competitor trademarks in ad copy
poetsandquantsforundergrads.com,poetsandquantsforundergrads.com,LOCAL_REVIEW_CENTER,5,MEDIUM,poetsandquantsforundergrads.com,poetsandquantsforundergrads.com accounting,poetsandquantsforundergrads.com University of Tennessee,poetsandquantsforundergrads.com reviews,"University of Tennessee; University of Tennessee, Knoxville; Southern Methodist University; Providence College; University of Richmond",INTERNAL keyword research only — do NOT place competitor trademarks in ad copy
theatomicburger.com,theatomicburger.com,LOCAL_REVIEW_CENTER,5,MEDIUM,theatomicburger.com,theatomicburger.com accounting,theatomicburger.com Florida International University,theatomicburger.com reviews,Florida International University; University of South Florida; Florida Atlantic University; University of Florida; Florida Gulf Coast University,INTERNAL keyword research only — do NOT place competitor trademarks in ad copy
acct229.com,acct229.com,STUDY_EDGE_MODEL,5,HIGH,acct229.com,acct229.com accounting,acct229.com Texas A&M University Coll,acct229.com reviews,Texas A&M University Coll; University of Delaware; Montclair State University; Texas A&M University; Texas A&M - Corpus Christi Corp,INTERNAL keyword research only — do NOT place competitor trademarks in ad copy
smapse.com,smapse.com,LOCAL_REVIEW_CENTER,5,MEDIUM,smapse.com,smapse.com accounting,smapse.com San Jose State University San,smapse.com reviews,San Jose State University San; Saint Louis University St.; St. Cloud State University Saint; Yeshiva University New; Pepperdine Univ-Malibu,INTERNAL keyword research only — do NOT place competitor trademarks in ad copy
insidehighered.com,insidehighered.com,LOCAL_REVIEW_CENTER,5,MEDIUM,insidehighered.com,insidehighered.com accounting,insidehighered.com University of North Georgia,insidehighered.com reviews,University of North Georgia; Sam Houston State University; University of North Carolina at Greensboro; Univ of Central Oklahoma; University of Richmond,INTERNAL keyword research only — do NOT place competitor trademarks in ad copy
another71.com,another71.com,LOCAL_REVIEW_CENTER,5,MEDIUM,another71.com,another71.com accounting,another71.com Northern Illinois Univ,another71.com reviews,Northern Illinois Univ; Univ of Nebraska at Omaha; University of Colorado Colorado Springs; Radford University; Austin Community College,INTERNAL keyword research only — do NOT place competitor trademarks in ad copy
coursedog.com,coursedog.com,LOCAL_REVIEW_CENTER,5,MEDIUM,coursedog.com,coursedog.com accounting,coursedog.com Uof Minnesota Duluth,coursedog.com reviews,Uof Minnesota Duluth; University of Richmond; University of Montana; University of Wisconsin–Stevens Point; St. Mary's University San,INTERNAL keyword research only — do NOT place competitor trademarks in ad copy
acct2110.com,acct2110.com,STUDY_EDGE_MODEL,4,HIGH,acct2110.com,acct2110.com accounting,acct2110.com Auburn University,acct2110.com reviews,Auburn University; Middle Tennessee State Univ; Stockton University; North Park University,INTERNAL keyword research only — do NOT place competitor trademarks in ad copy
aplusreview.com,aplusreview.com,LOCAL_REVIEW_CENTER,4,MEDIUM,aplusreview.com,aplusreview.com accounting,aplusreview.com Penn State University Univ,aplusreview.com reviews,Penn State University Univ; San Diego State University; Pittsburg State University; Roger Williams University,INTERNAL keyword research only — do NOT place competitor trademarks in ad copy
acct2100.com,acct2100.com,STUDY_EDGE_MODEL,4,HIGH,acct2100.com,acct2100.com accounting,acct2100.com University of Iowa,acct2100.com reviews,University of Iowa; Kennesaw State University; University of Toledo; SUNY College at Oneonta,INTERNAL keyword research only — do NOT place competitor trademarks in ad copy
superfastcpa.com,superfastcpa.com,LOCAL_REVIEW_CENTER,4,MEDIUM,superfastcpa.com,superfastcpa.com accounting,superfastcpa.com University of Southern California,superfastcpa.com reviews,"University of Southern California; Idaho State University; New Jersey In of Technology; University of California, Los Angeles",INTERNAL keyword research only — do NOT place competitor trademarks in ad copy
cram.com,cram.com,LOCAL_REVIEW_CENTER,4,MEDIUM,cram.com,cram.com accounting,cram.com Northern Arizona University,cram.com reviews,Northern Arizona University; Northeastern University; Texas A&M University; University of Minnesota,INTERNAL keyword research only — do NOT place competitor trademarks in ad copy
escholarship.org,escholarship.org,LOCAL_REVIEW_CENTER,4,MEDIUM,escholarship.org,escholarship.org accounting,"escholarship.org Calif State Univ, Long Beach Long",escholarship.org reviews,"Calif State Univ, Long Beach Long; Univ of Calif, Riverside; Saint Mary's College of CA; Univ of Calif, Los Angeles Los",INTERNAL keyword research only — do NOT place competitor trademarks in ad copy
jjkane.com,jjkane.com,LOCAL_REVIEW_CENTER,4,MEDIUM,jjkane.com,jjkane.com accounting,jjkane.com University of Miami,jjkane.com reviews,University of Miami; Morehead State University; Univ Illinois at Springfield; Jackson State University,INTERNAL keyword research only — do NOT place competitor trademarks in ad copy
accountingdegreesonline.org,accountingdegreesonline.org,LOCAL_REVIEW_CENTER,4,MEDIUM,accountingdegreesonline.org,accountingdegreesonline.org accounting,accountingdegreesonline.org Tennessee at Chattanooga,accountingdegreesonline.org reviews,Tennessee at Chattanooga; University of Michigan Ann; University of South Carolina; SUNY College at Oneonta,INTERNAL keyword research only — do NOT place competitor trademarks in ad copy
kidsontheyard.com,kidsontheyard.com,LOCAL_REVIEW_CENTER,4,MEDIUM,kidsontheyard.com,kidsontheyard.com accounting,kidsontheyard.com North Carolina Wilmington,kidsontheyard.com reviews,North Carolina Wilmington; Uof Alabama in Huntsville; Uof Arkansas at Fort Smith Ft.; Uof Arkansas at Little Rock Little,INTERNAL keyword research only — do NOT place competitor trademarks in ad copy
com.gh,com.gh,LOCAL_REVIEW_CENTER,4,MEDIUM,com.gh,com.gh accounting,com.gh Lehigh University,com.gh reviews,"Lehigh University; Radford University; University of California, Los Angeles; Ouachita Baptist University",INTERNAL keyword research only — do NOT place competitor trademarks in ad copy
meetatutor.com,meetatutor.com,LOCAL_REVIEW_CENTER,3,MEDIUM,meetatutor.com,meetatutor.com accounting,meetatutor.com University of Southern California,meetatutor.com reviews,University of Southern California; North Carolina Wilmington; University of La Verne,INTERNAL keyword research only — do NOT place competitor trademarks in ad copy
applyboard.com,applyboard.com,LOCAL_REVIEW_CENTER,3,MEDIUM,applyboard.com,applyboard.com accounting,applyboard.com University of Dayton,applyboard.com reviews,University of Dayton; Western New England Univ; Oral Roberts University,INTERNAL keyword research only — do NOT place competitor trademarks in ad copy
spires.co,spires.co,LOCAL_REVIEW_CENTER,3,MEDIUM,spires.co,spires.co accounting,spires.co Rowan University,spires.co reviews,Rowan University; Loyola University Chicago; King's College,INTERNAL keyword research only — do NOT place competitor trademarks in ad copy
libcal.com,libcal.com,LOCAL_REVIEW_CENTER,3,MEDIUM,libcal.com,libcal.com accounting,libcal.com University of North Florida,libcal.com reviews,University of North Florida; Rollins College Liberal Arts Winter; Tidewater Community College,INTERNAL keyword research only — do NOT place competitor trademarks in ad copy
distancelearningportal.com,distancelearningportal.com,LOCAL_REVIEW_CENTER,3,MEDIUM,distancelearningportal.com,distancelearningportal.com accounting,distancelearningportal.com Bowling Green State Univ Bowling,distancelearningportal.com reviews,Bowling Green State Univ Bowling; University of New Haven West; Northern State University,INTERNAL keyword research only — do NOT place competitor trademarks in ad copy
monster.com,monster.com,LOCAL_REVIEW_CENTER,3,MEDIUM,monster.com,monster.com accounting,monster.com Southern Utah University Cedar,monster.com reviews,Southern Utah University Cedar; St. Cloud State University Saint; Washburn University,INTERNAL keyword research only — do NOT place competitor trademarks in ad copy
3cmediasolutions.org,3cmediasolutions.org,LOCAL_REVIEW_CENTER,3,MEDIUM,3cmediasolutions.org,3cmediasolutions.org accounting,3cmediasolutions.org Hofstra University,3cmediasolutions.org reviews,Hofstra University; St. John Fisher College; University of Mary Washington,INTERNAL keyword research only — do NOT place competitor trademarks in ad copy
acceptancerate.com,acceptancerate.com,LOCAL_REVIEW_CENTER,3,MEDIUM,acceptancerate.com,acceptancerate.com accounting,acceptancerate.com Saginaw Valley State Univ Univ,acceptancerate.com reviews,Saginaw Valley State Univ Univ; Purdue Univ Fort Wayne Fort; Niagara University Niagara,INTERNAL keyword research only — do NOT place competitor trademarks in ad copy
ac210ua.com,ac210ua.com,STUDY_EDGE_MODEL,2,HIGH,ac210ua.com,ac210ua.com accounting,ac210ua.com University of Alabama,ac210ua.com reviews,University of Alabama; North Carolina State University,INTERNAL keyword research only — do NOT place competitor trademarks in ad copy
tscpa.com,tscpa.com,LOCAL_REVIEW_CENTER,2,MEDIUM,tscpa.com,tscpa.com accounting,tscpa.com University of Tennessee,tscpa.com reviews,University of Tennessee; Tennessee at Chattanooga,INTERNAL keyword research only — do NOT place competitor trademarks in ad copy
acct2013msu.com,acct2013msu.com,STUDY_EDGE_MODEL,2,HIGH,acct2013msu.com,acct2013msu.com accounting,acct2013msu.com University of Arkansas,acct2013msu.com reviews,University of Arkansas; Ouachita Baptist University,INTERNAL keyword research only — do NOT place competitor trademarks in ad copy
internationalstudent.com,internationalstudent.com,LOCAL_REVIEW_CENTER,2,MEDIUM,internationalstudent.com,internationalstudent.com accounting,internationalstudent.com Florida International University,internationalstudent.com reviews,Florida International University; American University,INTERNAL keyword research only — do NOT place competitor trademarks in ad copy
acbsp.org,acbsp.org,LOCAL_REVIEW_CENTER,2,MEDIUM,acbsp.org,acbsp.org accounting,acbsp.org Liberty University,acbsp.org reviews,Liberty University; Evangel University,INTERNAL keyword research only — do NOT place competitor trademarks in ad copy
unifers.ai,unifers.ai,LOCAL_REVIEW_CENTER,2,MEDIUM,unifers.ai,unifers.ai accounting,unifers.ai Clemson University,unifers.ai reviews,Clemson University; University of Maryland College,INTERNAL keyword research only — do NOT place competitor trademarks in ad copy
lightcastcc.com,lightcastcc.com,LOCAL_REVIEW_CENTER,2,MEDIUM,lightcastcc.com,lightcastcc.com accounting,lightcastcc.com Utah Valley University,lightcastcc.com reviews,Utah Valley University; Weber State University,INTERNAL keyword research only — do NOT place competitor trademarks in ad copy
vengeanceracing.net,vengeanceracing.net,LOCAL_REVIEW_CENTER,2,MEDIUM,vengeanceracing.net,vengeanceracing.net accounting,vengeanceracing.net Florida Atlantic University,vengeanceracing.net reviews,Florida Atlantic University; University of Miami,INTERNAL keyword research only — do NOT place competitor trademarks in ad copy
acct209.com,acct209.com,STUDY_EDGE_MODEL,2,HIGH,acct209.com,acct209.com accounting,acct209.com Texas A&M University Coll,acct209.com reviews,Texas A&M University Coll; Texas State University,INTERNAL keyword research only — do NOT place competitor trademarks in ad copy
tipro.org,tipro.org,LOCAL_REVIEW_CENTER,2,MEDIUM,tipro.org,tipro.org accounting,"tipro.org University of Nevada, Las Vegas",tipro.org reviews,"University of Nevada, Las Vegas; The University of Texas at Arlington",INTERNAL keyword research only — do NOT place competitor trademarks in ad copy
jobleads.com,jobleads.com,LOCAL_REVIEW_CENTER,2,MEDIUM,jobleads.com,jobleads.com accounting,"jobleads.com University of Nevada, Las Vegas",jobleads.com reviews,"University of Nevada, Las Vegas; Suffolk University",INTERNAL keyword research only — do NOT place competitor trademarks in ad copy
acc311.com,acc311.com,STUDY_EDGE_MODEL,2,HIGH,acc311.com,acc311.com accounting,acc311.com University of Texas at Austin,acc311.com reviews,University of Texas at Austin; The University of Texas at Austin,INTERNAL keyword research only — do NOT place competitor trademarks in ad copy
vishalcpaprep.com,vishalcpaprep.com,LOCAL_REVIEW_CENTER,2,MEDIUM,vishalcpaprep.com,vishalcpaprep.com accounting,vishalcpaprep.com University of Tampa,vishalcpaprep.com reviews,University of Tampa; Loyola University New Orleans,INTERNAL keyword research only — do NOT place competitor trademarks in ad copy
acc210.com,acc210.com,STUDY_EDGE_MODEL,2,HIGH,acc210.com,acc210.com accounting,acc210.com North Carolina State University,acc210.com reviews,North Carolina State University; Stony Brook University Stony,INTERNAL keyword research only — do NOT place competitor trademarks in ad copy
nabainc.org,nabainc.org,LOCAL_REVIEW_CENTER,2,MEDIUM,nabainc.org,nabainc.org accounting,nabainc.org Rutgers University-Newark,nabainc.org reviews,Rutgers University-Newark; Jackson State University,INTERNAL keyword research only — do NOT place competitor trademarks in ad copy
buffacademy.com,buffacademy.com,LOCAL_REVIEW_CENTER,2,MEDIUM,buffacademy.com,buffacademy.com accounting,buffacademy.com University of Southern California,buffacademy.com reviews,University of Southern California; Chapman University,INTERNAL keyword research only — do NOT place competitor trademarks in ad copy
co.nz,co.nz,LOCAL_REVIEW_CENTER,2,MEDIUM,co.nz,co.nz accounting,co.nz Florida Gulf Coast University,co.nz reviews,Florida Gulf Coast University; Albany State University,INTERNAL keyword research only — do NOT place competitor trademarks in ad copy
modolabs.net,modolabs.net,LOCAL_REVIEW_CENTER,2,MEDIUM,modolabs.net,modolabs.net accounting,modolabs.net Univ No Carolina Greensboro,modolabs.net reviews,Univ No Carolina Greensboro; Virginia Commonwealth,INTERNAL keyword research only — do NOT place competitor trademarks in ad copy
libanswers.com,libanswers.com,LOCAL_REVIEW_CENTER,2,MEDIUM,libanswers.com,libanswers.com accounting,libanswers.com Tarleton State University,libanswers.com reviews,Tarleton State University; Rollins College Liberal Arts Winter,INTERNAL keyword research only — do NOT place competitor trademarks in ad copy
barnesdennig.com,barnesdennig.com,LOCAL_REVIEW_CENTER,2,MEDIUM,barnesdennig.com,barnesdennig.com accounting,barnesdennig.com University of Dayton,barnesdennig.com reviews,University of Dayton; Wichita State University,INTERNAL keyword research only — do NOT place competitor trademarks in ad copy
careerbuilder.com,careerbuilder.com,LOCAL_REVIEW_CENTER,2,MEDIUM,careerbuilder.com,careerbuilder.com accounting,careerbuilder.com Utah State University,careerbuilder.com reviews,Utah State University; University of North Texas at Dallas,INTERNAL keyword research only — do NOT place competitor trademarks in ad copy
bandana.com,bandana.com,LOCAL_REVIEW_CENTER,2,MEDIUM,bandana.com,bandana.com accounting,bandana.com Park University,bandana.com reviews,Park University; Mercer University-Macon,INTERNAL keyword research only — do NOT place competitor trademarks in ad copy
sonara.ai,sonara.ai,LOCAL_REVIEW_CENTER,2,MEDIUM,sonara.ai,sonara.ai accounting,sonara.ai Colorado State University Fort,sonara.ai reviews,Colorado State University Fort; Bryant & Stratton College,INTERNAL keyword research only — do NOT place competitor trademarks in ad copy
centralcu.org,centralcu.org,LOCAL_REVIEW_CENTER,2,MEDIUM,centralcu.org,centralcu.org accounting,centralcu.org Central Connecticut St Univ New,centralcu.org reviews,Central Connecticut St Univ New; Central College,INTERNAL keyword research only — do NOT place competitor trademarks in ad copy
advancedlearners.com,advancedlearners.com,LOCAL_REVIEW_CENTER,2,MEDIUM,advancedlearners.com,advancedlearners.com accounting,advancedlearners.com University of New Mexico Albuquerque F,advancedlearners.com reviews,University of New Mexico Albuquerque F; Ouachita Baptist University,INTERNAL keyword research only — do NOT place competitor trademarks in ad copy
migratemate.co,migratemate.co,LOCAL_REVIEW_CENTER,2,MEDIUM,migratemate.co,migratemate.co accounting,migratemate.co Saginaw Valley State Univ Univ,migratemate.co reviews,Saginaw Valley State Univ Univ; McNeese State University Lake,INTERNAL keyword research only — do NOT place competitor trademarks in ad copy
coursecompletor.com,coursecompletor.com,LOCAL_REVIEW_CENTER,2,MEDIUM,coursecompletor.com,coursecompletor.com accounting,coursecompletor.com East Texas A&M University,coursecompletor.com reviews,East Texas A&M University; Texas A&M University-Commerce,INTERNAL keyword research only — do NOT place competitor trademarks in ad copy
tutorz.com,tutorz.com,LOCAL_REVIEW_CENTER,2,MEDIUM,tutorz.com,tutorz.com accounting,tutorz.com University of Montana,tutorz.com reviews,University of Montana; Idaho State University,INTERNAL keyword research only — do NOT place competitor trademarks in ad copy
standyou.com,standyou.com,LOCAL_REVIEW_CENTER,2,MEDIUM,standyou.com,standyou.com accounting,standyou.com Indiana University East,standyou.com reviews,Indiana University East; University of Mount Olive,INTERNAL keyword research only — do NOT place competitor trademarks in ad copy
career.io,career.io,LOCAL_REVIEW_CENTER,2,MEDIUM,career.io,career.io accounting,career.io Morehouse College,career.io reviews,Morehouse College; Lansing Community College,INTERNAL keyword research only — do NOT place competitor trademarks in ad copy
american-school-search.com,american-school-search.com,LOCAL_REVIEW_CENTER,2,MEDIUM,american-school-search.com,american-school-search.com accounting,american-school-search.com SUNY College at Oneonta,american-school-search.com reviews,SUNY College at Oneonta; Anderson University IN,INTERNAL keyword research only — do NOT place competitor trademarks in ad copy
theeduledger.com,theeduledger.com,LOCAL_REVIEW_CENTER,2,MEDIUM,theeduledger.com,theeduledger.com accounting,theeduledger.com Adelphi University Garden,theeduledger.com reviews,Adelphi University Garden; Grambling State University,INTERNAL keyword research only — do NOT place competitor trademarks in ad copy
collegeraptor.com,collegeraptor.com,LOCAL_REVIEW_CENTER,2,MEDIUM,collegeraptor.com,collegeraptor.com accounting,collegeraptor.com University of New Haven West,collegeraptor.com reviews,University of New Haven West; University of St. Thomas-TX,INTERNAL keyword research only — do NOT place competitor trademarks in ad copy
eduopinions.com,eduopinions.com,LOCAL_REVIEW_CENTER,2,MEDIUM,eduopinions.com,eduopinions.com accounting,eduopinions.com St. Mary's University San,eduopinions.com reviews,St. Mary's University San; University of Hawaii at Hilo,INTERNAL keyword research only — do NOT place competitor trademarks in ad copy
inuplands.org,inuplands.org,LOCAL_REVIEW_CENTER,2,MEDIUM,inuplands.org,inuplands.org accounting,inuplands.org Ivy Technical Community College Kokomo S In Ivy Technical Community College Lafayette,inuplands.org reviews,Ivy Technical Community College Kokomo S In Ivy Technical Community College Lafayette; Ivy Tech Community College,INTERNAL keyword research only — do NOT place competitor trademarks in ad copy
bold.pro,bold.pro,LOCAL_REVIEW_CENTER,2,MEDIUM,bold.pro,bold.pro accounting,bold.pro Delaware State University,bold.pro reviews,Delaware State University; University of the Pacific,INTERNAL keyword research only — do NOT place competitor trademarks in ad copy
mathhelp.com,mathhelp.com,LOCAL_REVIEW_CENTER,2,MEDIUM,mathhelp.com,mathhelp.com accounting,mathhelp.com Harrisburg Area Community College,mathhelp.com reviews,Harrisburg Area Community College; Chabot College,INTERNAL keyword research only — do NOT place competitor trademarks in ad copy
knoxtech.org,knoxtech.org,LOCAL_REVIEW_CENTER,1,MEDIUM,knoxtech.org,knoxtech.org accounting,"knoxtech.org University of Tennessee, Knoxville",knoxtech.org reviews,"University of Tennessee, Knoxville",INTERNAL keyword research only — do NOT place competitor trademarks in ad copy
cfmnetwork.com,cfmnetwork.com,LOCAL_REVIEW_CENTER,1,MEDIUM,cfmnetwork.com,cfmnetwork.com accounting,cfmnetwork.com Auburn University,cfmnetwork.com reviews,Auburn University,INTERNAL keyword research only — do NOT place competitor trademarks in ad copy
wrbl.com,wrbl.com,LOCAL_REVIEW_CENTER,1,MEDIUM,wrbl.com,wrbl.com accounting,wrbl.com Auburn University,wrbl.com reviews,Auburn University,INTERNAL keyword research only — do NOT place competitor trademarks in ad copy
wiingy.com,wiingy.com,LOCAL_REVIEW_CENTER,1,MEDIUM,wiingy.com,wiingy.com accounting,wiingy.com University of Houston,wiingy.com reviews,University of Houston,INTERNAL keyword research only — do NOT place competitor trademarks in ad copy
acct2331.com,acct2331.com,COURSE_SPECIFIC_TUTORING_PLATFORM,1,HIGH,acct2331.com,acct2331.com accounting,acct2331.com University of Houston,acct2331.com reviews,University of Houston,INTERNAL keyword research only — do NOT place competitor trademarks in ad copy
rcsoup.com,rcsoup.com,LOCAL_REVIEW_CENTER,1,MEDIUM,rcsoup.com,rcsoup.com accounting,rcsoup.com University of Arkansas,rcsoup.com reviews,University of Arkansas,INTERNAL keyword research only — do NOT place competitor trademarks in ad copy
acis2115.com,acis2115.com,LOCAL_REVIEW_CENTER,1,MEDIUM,acis2115.com,acis2115.com accounting,acis2115.com Virginia Poly Inst & St Un,acis2115.com reviews,Virginia Poly Inst & St Un,INTERNAL keyword research only — do NOT place competitor trademarks in ad copy
augusoft.net,augusoft.net,LOCAL_REVIEW_CENTER,1,MEDIUM,augusoft.net,augusoft.net accounting,augusoft.net Liberty University,augusoft.net reviews,Liberty University,INTERNAL keyword research only — do NOT place competitor trademarks in ad copy
giftplans.org,giftplans.org,LOCAL_REVIEW_CENTER,1,MEDIUM,giftplans.org,giftplans.org accounting,giftplans.org University of Houston - Downtown,giftplans.org reviews,University of Houston - Downtown,INTERNAL keyword research only — do NOT place competitor trademarks in ad copy
theappalachianonline.com,theappalachianonline.com,LOCAL_REVIEW_CENTER,1,MEDIUM,theappalachianonline.com,theappalachianonline.com accounting,theappalachianonline.com Appalachian State Univ,theappalachianonline.com reviews,Appalachian State Univ,INTERNAL keyword research only — do NOT place competitor trademarks in ad copy
poetsandquants.com,poetsandquants.com,LOCAL_REVIEW_CENTER,1,MEDIUM,poetsandquants.com,poetsandquants.com accounting,poetsandquants.com Indiana University,poetsandquants.com reviews,Indiana University,INTERNAL keyword research only — do NOT place competitor trademarks in ad copy
withum.com,withum.com,LOCAL_REVIEW_CENTER,1,MEDIUM,withum.com,withum.com accounting,withum.com Univ of Central Florida,withum.com reviews,Univ of Central Florida,INTERNAL keyword research only — do NOT place competitor trademarks in ad copy
learnworlds.com,learnworlds.com,LOCAL_REVIEW_CENTER,1,MEDIUM,learnworlds.com,learnworlds.com accounting,learnworlds.com University of Mississippi,learnworlds.com reviews,University of Mississippi,INTERNAL keyword research only — do NOT place competitor trademarks in ad copy
groupme.com,groupme.com,LOCAL_REVIEW_CENTER,1,MEDIUM,groupme.com,groupme.com accounting,groupme.com University of Mississippi,groupme.com reviews,University of Mississippi,INTERNAL keyword research only — do NOT place competitor trademarks in ad copy
olemisssports.com,olemisssports.com,LOCAL_REVIEW_CENTER,1,MEDIUM,olemisssports.com,olemisssports.com accounting,olemisssports.com University of Mississippi,olemisssports.com reviews,University of Mississippi,INTERNAL keyword research only — do NOT place competitor trademarks in ad copy
crambetter.com,crambetter.com,LOCAL_REVIEW_CENTER,1,MEDIUM,crambetter.com,crambetter.com accounting,crambetter.com University of South Florida,crambetter.com reviews,University of South Florida,INTERNAL keyword research only — do NOT place competitor trademarks in ad copy
blackbaud.com,blackbaud.com,LOCAL_REVIEW_CENTER,1,MEDIUM,blackbaud.com,blackbaud.com accounting,blackbaud.com University of South Florida,blackbaud.com reviews,University of South Florida,INTERNAL keyword research only — do NOT place competitor trademarks in ad copy
aplustutoring.ws,aplustutoring.ws,LOCAL_REVIEW_CENTER,1,MEDIUM,aplustutoring.ws,aplustutoring.ws accounting,aplustutoring.ws Texas A&M University Coll,aplustutoring.ws reviews,Texas A&M University Coll,INTERNAL keyword research only — do NOT place competitor trademarks in ad copy
merithub.com,merithub.com,LOCAL_REVIEW_CENTER,1,MEDIUM,merithub.com,merithub.com accounting,merithub.com San Diego State University,merithub.com reviews,San Diego State University,INTERNAL keyword research only — do NOT place competitor trademarks in ad copy
palosanto.com,palosanto.com,LOCAL_REVIEW_CENTER,1,MEDIUM,palosanto.com,palosanto.com accounting,"palosanto.com University of Nevada, Las Vegas",palosanto.com reviews,"University of Nevada, Las Vegas",INTERNAL keyword research only — do NOT place competitor trademarks in ad copy
urbansitter.com,urbansitter.com,LOCAL_REVIEW_CENTER,1,MEDIUM,urbansitter.com,urbansitter.com accounting,urbansitter.com San Jose State University San,urbansitter.com reviews,San Jose State University San,INTERNAL keyword research only — do NOT place competitor trademarks in ad copy
msmunify.com,msmunify.com,LOCAL_REVIEW_CENTER,1,MEDIUM,msmunify.com,msmunify.com accounting,msmunify.com San Jose State University San,msmunify.com reviews,San Jose State University San,INTERNAL keyword research only — do NOT place competitor trademarks in ad copy
com.ph,com.ph,LOCAL_REVIEW_CENTER,1,MEDIUM,com.ph,com.ph accounting,com.ph Univ of Nebraska-Lincoln,com.ph reviews,Univ of Nebraska-Lincoln,INTERNAL keyword research only — do NOT place competitor trademarks in ad copy
gyanbooks.com,gyanbooks.com,LOCAL_REVIEW_CENTER,1,MEDIUM,gyanbooks.com,gyanbooks.com accounting,gyanbooks.com George Mason University,gyanbooks.com reviews,George Mason University,INTERNAL keyword research only — do NOT place competitor trademarks in ad copy
careerherd.com,careerherd.com,LOCAL_REVIEW_CENTER,1,MEDIUM,careerherd.com,careerherd.com accounting,careerherd.com North Carolina State University,careerherd.com reviews,North Carolina State University,INTERNAL keyword research only — do NOT place competitor trademarks in ad copy
acct201wvu.com,acct201wvu.com,COURSE_SPECIFIC_TUTORING_PLATFORM,1,HIGH,acct201wvu.com,acct201wvu.com accounting,acct201wvu.com Montclair State University,acct201wvu.com reviews,Montclair State University,INTERNAL keyword research only — do NOT place competitor trademarks in ad copy
edumaritime.net,edumaritime.net,LOCAL_REVIEW_CENTER,1,MEDIUM,edumaritime.net,edumaritime.net accounting,edumaritime.net Texas Christian University Fort,edumaritime.net reviews,Texas Christian University Fort,INTERNAL keyword research only — do NOT place competitor trademarks in ad copy
cfala.org,cfala.org,LOCAL_REVIEW_CENTER,1,MEDIUM,cfala.org,cfala.org accounting,cfala.org University of Southern California,cfala.org reviews,University of Southern California,INTERNAL keyword research only — do NOT place competitor trademarks in ad copy
georgiatrend.com,georgiatrend.com,LOCAL_REVIEW_CENTER,1,MEDIUM,georgiatrend.com,georgiatrend.com accounting,georgiatrend.com Georgia Southern University,georgiatrend.com reviews,Georgia Southern University,INTERNAL keyword research only — do NOT place competitor trademarks in ad copy
bentley-vanguard.org,bentley-vanguard.org,LOCAL_REVIEW_CENTER,1,MEDIUM,bentley-vanguard.org,bentley-vanguard.org accounting,bentley-vanguard.org Bentley University,bentley-vanguard.org reviews,Bentley University,INTERNAL keyword research only — do NOT place competitor trademarks in ad copy
lga.cpa,lga.cpa,LOCAL_REVIEW_CENTER,1,MEDIUM,lga.cpa,lga.cpa accounting,lga.cpa Bentley University,lga.cpa reviews,Bentley University,INTERNAL keyword research only — do NOT place competitor trademarks in ad copy
richmondbizsense.com,richmondbizsense.com,LOCAL_REVIEW_CENTER,1,MEDIUM,richmondbizsense.com,richmondbizsense.com accounting,richmondbizsense.com Valencia College,richmondbizsense.com reviews,Valencia College,INTERNAL keyword research only — do NOT place competitor trademarks in ad copy
acc2361.com,acc2361.com,STUDY_EDGE_MODEL,1,HIGH,acc2361.com,acc2361.com accounting,acc2361.com Texas State University,acc2361.com reviews,Texas State University,INTERNAL keyword research only — do NOT place competitor trademarks in ad copy
studee.com,studee.com,LOCAL_REVIEW_CENTER,1,MEDIUM,studee.com,studee.com accounting,studee.com University of Utah Salt Lake,studee.com reviews,University of Utah Salt Lake,INTERNAL keyword research only — do NOT place competitor trademarks in ad copy
aralia.com,aralia.com,LOCAL_REVIEW_CENTER,1,MEDIUM,aralia.com,aralia.com accounting,aralia.com University of Notre Dame Notre,aralia.com reviews,University of Notre Dame Notre,INTERNAL keyword research only — do NOT place competitor trademarks in ad copy
themiamihurricane.com,themiamihurricane.com,LOCAL_REVIEW_CENTER,1,MEDIUM,themiamihurricane.com,themiamihurricane.com accounting,themiamihurricane.com University of Miami Coral,themiamihurricane.com reviews,University of Miami Coral,INTERNAL keyword research only — do NOT place competitor trademarks in ad copy
unicatt.it,unicatt.it,LOCAL_REVIEW_CENTER,1,MEDIUM,unicatt.it,unicatt.it accounting,unicatt.it University of Miami Coral,unicatt.it reviews,University of Miami Coral,INTERNAL keyword research only — do NOT place competitor trademarks in ad copy
cob241.com,cob241.com,STUDY_EDGE_MODEL,1,HIGH,cob241.com,cob241.com accounting,cob241.com James Madison University,cob241.com reviews,James Madison University,INTERNAL keyword research only — do NOT place competitor trademarks in ad copy
tutorax.com,tutorax.com,LOCAL_REVIEW_CENTER,1,MEDIUM,tutorax.com,tutorax.com accounting,tutorax.com University of Miami,tutorax.com reviews,University of Miami,INTERNAL keyword research only — do NOT place competitor trademarks in ad copy
miamiherald.com,miamiherald.com,LOCAL_REVIEW_CENTER,1,MEDIUM,miamiherald.com,miamiherald.com accounting,miamiherald.com University of Miami,miamiherald.com reviews,University of Miami,INTERNAL keyword research only — do NOT place competitor trademarks in ad copy
equipmentcity.net,equipmentcity.net,LOCAL_REVIEW_CENTER,1,MEDIUM,equipmentcity.net,equipmentcity.net accounting,equipmentcity.net University of Miami,equipmentcity.net reviews,University of Miami,INTERNAL keyword research only — do NOT place competitor trademarks in ad copy
uicflames.com,uicflames.com,LOCAL_REVIEW_CENTER,1,MEDIUM,uicflames.com,uicflames.com accounting,uicflames.com University of Illinois Chicago,uicflames.com reviews,University of Illinois Chicago,INTERNAL keyword research only — do NOT place competitor trademarks in ad copy
bowietutoring.com,bowietutoring.com,LOCAL_REVIEW_CENTER,1,MEDIUM,bowietutoring.com,bowietutoring.com accounting,bowietutoring.com University of Memphis,bowietutoring.com reviews,University of Memphis,INTERNAL keyword research only — do NOT place competitor trademarks in ad copy
prosple.com,prosple.com,LOCAL_REVIEW_CENTER,1,MEDIUM,prosple.com,prosple.com accounting,prosple.com Chapman University,prosple.com reviews,Chapman University,INTERNAL keyword research only — do NOT place competitor trademarks in ad copy
uwca.org,uwca.org,LOCAL_REVIEW_CENTER,1,MEDIUM,uwca.org,uwca.org accounting,uwca.org Uof Alabama at Birmingham,uwca.org reviews,Uof Alabama at Birmingham,INTERNAL keyword research only — do NOT place competitor trademarks in ad copy
uabsports.com,uabsports.com,LOCAL_REVIEW_CENTER,1,MEDIUM,uabsports.com,uabsports.com accounting,uabsports.com Uof Alabama at Birmingham,uabsports.com reviews,Uof Alabama at Birmingham,INTERNAL keyword research only — do NOT place competitor trademarks in ad copy
mydigitalpublication.com,mydigitalpublication.com,LOCAL_REVIEW_CENTER,1,MEDIUM,mydigitalpublication.com,mydigitalpublication.com accounting,mydigitalpublication.com University of Dayton,mydigitalpublication.com reviews,University of Dayton,INTERNAL keyword research only — do NOT place competitor trademarks in ad copy
rowanblog.com,rowanblog.com,LOCAL_REVIEW_CENTER,1,MEDIUM,rowanblog.com,rowanblog.com accounting,rowanblog.com Rowan University,rowanblog.com reviews,Rowan University,INTERNAL keyword research only — do NOT place competitor trademarks in ad copy
pwnhero.com,pwnhero.com,LOCAL_REVIEW_CENTER,1,MEDIUM,pwnhero.com,pwnhero.com accounting,pwnhero.com Rowan University,pwnhero.com reviews,Rowan University,INTERNAL keyword research only — do NOT place competitor trademarks in ad copy
caddellprep.com,caddellprep.com,LOCAL_REVIEW_CENTER,1,MEDIUM,caddellprep.com,caddellprep.com accounting,"caddellprep.com University of Nevada, Reno",caddellprep.com reviews,"University of Nevada, Reno",INTERNAL keyword research only — do NOT place competitor trademarks in ad copy
ratemyhusky.com,ratemyhusky.com,LOCAL_REVIEW_CENTER,1,MEDIUM,ratemyhusky.com,ratemyhusky.com accounting,ratemyhusky.com Northeastern University,ratemyhusky.com reviews,Northeastern University,INTERNAL keyword research only — do NOT place competitor trademarks in ad copy
aatbs.com,aatbs.com,LOCAL_REVIEW_CENTER,1,MEDIUM,aatbs.com,aatbs.com accounting,aatbs.com The University of Texas Rio Grande Valley,aatbs.com reviews,The University of Texas Rio Grande Valley,INTERNAL keyword research only — do NOT place competitor trademarks in ad copy
oceandiscoveryinstitute.org,oceandiscoveryinstitute.org,LOCAL_REVIEW_CENTER,1,MEDIUM,oceandiscoveryinstitute.org,oceandiscoveryinstitute.org accounting,oceandiscoveryinstitute.org University of San Diego San,oceandiscoveryinstitute.org reviews,University of San Diego San,INTERNAL keyword research only — do NOT place competitor trademarks in ad copy
studyfetch.com,studyfetch.com,LOCAL_REVIEW_CENTER,1,MEDIUM,studyfetch.com,studyfetch.com accounting,studyfetch.com Oakland University,studyfetch.com reviews,Oakland University,INTERNAL keyword research only — do NOT place competitor trademarks in ad copy
studyknight.com,studyknight.com,STUDY_EDGE_MODEL,1,HIGH,studyknight.com,studyknight.com accounting,studyknight.com University of North Florida,studyknight.com reviews,University of North Florida,INTERNAL keyword research only — do NOT place competitor trademarks in ad copy
hercjobs.org,hercjobs.org,LOCAL_REVIEW_CENTER,1,MEDIUM,hercjobs.org,hercjobs.org accounting,hercjobs.org University of North Carolina at Greensboro,hercjobs.org reviews,University of North Carolina at Greensboro,INTERNAL keyword research only — do NOT place competitor trademarks in ad copy
ncnewsline.com,ncnewsline.com,LOCAL_REVIEW_CENTER,1,MEDIUM,ncnewsline.com,ncnewsline.com accounting,ncnewsline.com University of North Carolina at Greensboro,ncnewsline.com reviews,University of North Carolina at Greensboro,INTERNAL keyword research only — do NOT place competitor trademarks in ad copy
vhx.tv,vhx.tv,STUDY_EDGE_MODEL,1,HIGH,vhx.tv,vhx.tv accounting,vhx.tv Texas A&M University,vhx.tv reviews,Texas A&M University,INTERNAL keyword research only — do NOT place competitor trademarks in ad copy
chattanoogaafwa.com,chattanoogaafwa.com,LOCAL_REVIEW_CENTER,1,MEDIUM,chattanoogaafwa.com,chattanoogaafwa.com accounting,chattanoogaafwa.com Tennessee at Chattanooga,chattanoogaafwa.com reviews,Tennessee at Chattanooga,INTERNAL keyword research only — do NOT place competitor trademarks in ad copy
northernstar.info,northernstar.info,LOCAL_REVIEW_CENTER,1,MEDIUM,northernstar.info,northernstar.info accounting,northernstar.info Northern Illinois Univ,northernstar.info reviews,Northern Illinois Univ,INTERNAL keyword research only — do NOT place competitor trademarks in ad copy
acct23020.com,acct23020.com,STUDY_EDGE_MODEL,1,HIGH,acct23020.com,acct23020.com accounting,acct23020.com Kent State University,acct23020.com reviews,Kent State University,INTERNAL keyword research only — do NOT place competitor trademarks in ad copy
smudailycampus.com,smudailycampus.com,LOCAL_REVIEW_CENTER,1,MEDIUM,smudailycampus.com,smudailycampus.com accounting,smudailycampus.com Southern Methodist University,smudailycampus.com reviews,Southern Methodist University,INTERNAL keyword research only — do NOT place competitor trademarks in ad copy
a2c2.org,a2c2.org,COURSE_SPECIFIC_TUTORING_PLATFORM,1,MEDIUM,a2c2.org,a2c2.org accounting,a2c2.org Elon University,a2c2.org reviews,Elon University,INTERNAL keyword research only — do NOT place competitor trademarks in ad copy
unirank.org,unirank.org,LOCAL_REVIEW_CENTER,1,MEDIUM,unirank.org,unirank.org accounting,unirank.org Elon University,unirank.org reviews,Elon University,INTERNAL keyword research only — do NOT place competitor trademarks in ad copy
booksamillion.com,booksamillion.com,LOCAL_REVIEW_CENTER,1,MEDIUM,booksamillion.com,booksamillion.com accounting,booksamillion.com Towson University,booksamillion.com reviews,Towson University,INTERNAL keyword research only — do NOT place competitor trademarks in ad copy
commonwealthtutoring.org,commonwealthtutoring.org,LOCAL_REVIEW_CENTER,1,MEDIUM,commonwealthtutoring.org,commonwealthtutoring.org accounting,commonwealthtutoring.org Virginia Commonwealth,commonwealthtutoring.org reviews,Virginia Commonwealth,INTERNAL keyword research only — do NOT place competitor trademarks in ad copy
virginia-accountants.org,virginia-accountants.org,LOCAL_REVIEW_CENTER,1,MEDIUM,virginia-accountants.org,virginia-accountants.org accounting,virginia-accountants.org Virginia Commonwealth,virginia-accountants.org reviews,Virginia Commonwealth,INTERNAL keyword research only — do NOT place competitor trademarks in ad copy
winnexus.org,winnexus.org,LOCAL_REVIEW_CENTER,1,MEDIUM,winnexus.org,winnexus.org accounting,winnexus.org Virginia Commonwealth,winnexus.org reviews,Virginia Commonwealth,INTERNAL keyword research only — do NOT place competitor trademarks in ad copy
success4lifetutoring.com,success4lifetutoring.com,LOCAL_REVIEW_CENTER,1,MEDIUM,success4lifetutoring.com,success4lifetutoring.com accounting,success4lifetutoring.com Univ of Colorado at Denver,success4lifetutoring.com reviews,Univ of Colorado at Denver,INTERNAL keyword research only — do NOT place competitor trademarks in ad copy
aspeninstitute.org,aspeninstitute.org,LOCAL_REVIEW_CENTER,1,MEDIUM,aspeninstitute.org,aspeninstitute.org accounting,aspeninstitute.org Univ of Colorado at Denver,aspeninstitute.org reviews,Univ of Colorado at Denver,INTERNAL keyword research only — do NOT place competitor trademarks in ad copy
oxfordinternational.com,oxfordinternational.com,LOCAL_REVIEW_CENTER,1,MEDIUM,oxfordinternational.com,oxfordinternational.com accounting,oxfordinternational.com University of Louisville,oxfordinternational.com reviews,University of Louisville,INTERNAL keyword research only — do NOT place competitor trademarks in ad copy
highperformancetutoring.com,highperformancetutoring.com,LOCAL_REVIEW_CENTER,1,MEDIUM,highperformancetutoring.com,highperformancetutoring.com accounting,highperformancetutoring.com University of Denver,highperformancetutoring.com reviews,University of Denver,INTERNAL keyword research only — do NOT place competitor trademarks in ad copy
wilmingtonbiz.com,wilmingtonbiz.com,LOCAL_REVIEW_CENTER,1,MEDIUM,wilmingtonbiz.com,wilmingtonbiz.com accounting,wilmingtonbiz.com North Carolina Wilmington,wilmingtonbiz.com reviews,North Carolina Wilmington,INTERNAL keyword research only — do NOT place competitor trademarks in ad copy
bankofamerica.com,bankofamerica.com,LOCAL_REVIEW_CENTER,1,MEDIUM,bankofamerica.com,bankofamerica.com accounting,bankofamerica.com North Carolina Wilmington,bankofamerica.com reviews,North Carolina Wilmington,INTERNAL keyword research only — do NOT place competitor trademarks in ad copy
t2bbsolutions.com,t2bbsolutions.com,LOCAL_REVIEW_CENTER,1,MEDIUM,t2bbsolutions.com,t2bbsolutions.com accounting,t2bbsolutions.com North Carolina Wilmington,t2bbsolutions.com reviews,North Carolina Wilmington,INTERNAL keyword research only — do NOT place competitor trademarks in ad copy
jooble.org,jooble.org,LOCAL_REVIEW_CENTER,1,MEDIUM,jooble.org,jooble.org accounting,jooble.org Syracuse University,jooble.org reviews,Syracuse University,INTERNAL keyword research only — do NOT place competitor trademarks in ad copy
mgmt30a.com,mgmt30a.com,STUDY_EDGE_MODEL,1,HIGH,mgmt30a.com,mgmt30a.com accounting,"mgmt30a.com Univ of Calif, Irvine",mgmt30a.com reviews,"Univ of Calif, Irvine",INTERNAL keyword research only — do NOT place competitor trademarks in ad copy
accountinguci.com,accountinguci.com,LOCAL_REVIEW_CENTER,1,MEDIUM,accountinguci.com,accountinguci.com accounting,"accountinguci.com Univ of Calif, Irvine",accountinguci.com reviews,"Univ of Calif, Irvine",INTERNAL keyword research only — do NOT place competitor trademarks in ad copy
uhclaa.org,uhclaa.org,LOCAL_REVIEW_CENTER,1,MEDIUM,uhclaa.org,uhclaa.org accounting,uhclaa.org University of Houston - Clear Lake,uhclaa.org reviews,University of Houston - Clear Lake,INTERNAL keyword research only — do NOT place competitor trademarks in ad copy
uni4edu.com,uni4edu.com,LOCAL_REVIEW_CENTER,1,MEDIUM,uni4edu.com,uni4edu.com accounting,uni4edu.com University of Toledo,uni4edu.com reviews,University of Toledo,INTERNAL keyword research only — do NOT place competitor trademarks in ad copy
mywconline.com,mywconline.com,LOCAL_REVIEW_CENTER,1,MEDIUM,mywconline.com,mywconline.com accounting,mywconline.com Troy University,mywconline.com reviews,Troy University,INTERNAL keyword research only — do NOT place competitor trademarks in ad copy
troyuniversityjobs.com,troyuniversityjobs.com,LOCAL_REVIEW_CENTER,1,MEDIUM,troyuniversityjobs.com,troyuniversityjobs.com accounting,troyuniversityjobs.com Troy University,troyuniversityjobs.com reviews,Troy University,INTERNAL keyword research only — do NOT place competitor trademarks in ad copy
pcdn.co,pcdn.co,LOCAL_REVIEW_CENTER,1,MEDIUM,pcdn.co,pcdn.co accounting,pcdn.co Northwood University,pcdn.co reviews,Northwood University,INTERNAL keyword research only — do NOT place competitor trademarks in ad copy
boredofstudies.org,boredofstudies.org,LOCAL_REVIEW_CENTER,1,MEDIUM,boredofstudies.org,boredofstudies.org accounting,boredofstudies.org Georgetown University,boredofstudies.org reviews,Georgetown University,INTERNAL keyword research only — do NOT place competitor trademarks in ad copy
thetab.com,thetab.com,LOCAL_REVIEW_CENTER,1,MEDIUM,thetab.com,thetab.com accounting,thetab.com Georgetown University,thetab.com reviews,Georgetown University,INTERNAL keyword research only — do NOT place competitor trademarks in ad copy
tutors101.com,tutors101.com,LOCAL_REVIEW_CENTER,1,MEDIUM,tutors101.com,tutors101.com accounting,tutors101.com The College of New Jersey,tutors101.com reviews,The College of New Jersey,INTERNAL keyword research only — do NOT place competitor trademarks in ad copy
ahhowland.com,ahhowland.com,LOCAL_REVIEW_CENTER,1,MEDIUM,ahhowland.com,ahhowland.com accounting,ahhowland.com Ohio University,ahhowland.com reviews,Ohio University,INTERNAL keyword research only — do NOT place competitor trademarks in ad copy
ohiouniversityjobs.com,ohiouniversityjobs.com,LOCAL_REVIEW_CENTER,1,MEDIUM,ohiouniversityjobs.com,ohiouniversityjobs.com accounting,ohiouniversityjobs.com Ohio University,ohiouniversityjobs.com reviews,Ohio University,INTERNAL keyword research only — do NOT place competitor trademarks in ad copy
parliamenttutors.com,parliamenttutors.com,LOCAL_REVIEW_CENTER,1,MEDIUM,parliamenttutors.com,parliamenttutors.com accounting,parliamenttutors.com University of Richmond,parliamenttutors.com reviews,University of Richmond,INTERNAL keyword research only — do NOT place competitor trademarks in ad copy
ysusports.com,ysusports.com,LOCAL_REVIEW_CENTER,1,MEDIUM,ysusports.com,ysusports.com accounting,ysusports.com Youngstown State University,ysusports.com reviews,Youngstown State University,INTERNAL keyword research only — do NOT place competitor trademarks in ad copy
indianagazette.com,indianagazette.com,LOCAL_REVIEW_CENTER,1,MEDIUM,indianagazette.com,indianagazette.com accounting,indianagazette.com Indiana University of Pennsylvania,indianagazette.com reviews,Indiana University of Pennsylvania,INTERNAL keyword research only — do NOT place competitor trademarks in ad copy
quantnet.com,quantnet.com,LOCAL_REVIEW_CENTER,1,MEDIUM,quantnet.com,quantnet.com accounting,quantnet.com George Washington University,quantnet.com reviews,George Washington University,INTERNAL keyword research only — do NOT place competitor trademarks in ad copy
krqe.com,krqe.com,LOCAL_REVIEW_CENTER,1,MEDIUM,krqe.com,krqe.com accounting,krqe.com University of New Mexico Albuquerque F,krqe.com reviews,University of New Mexico Albuquerque F,INTERNAL keyword research only — do NOT place competitor trademarks in ad copy
big4accountingfirms.org,big4accountingfirms.org,LOCAL_REVIEW_CENTER,1,MEDIUM,big4accountingfirms.org,big4accountingfirms.org accounting,big4accountingfirms.org University of South Dakota,big4accountingfirms.org reviews,University of South Dakota,INTERNAL keyword research only — do NOT place competitor trademarks in ad copy
healthresearch.org,healthresearch.org,LOCAL_REVIEW_CENTER,1,MEDIUM,healthresearch.org,healthresearch.org accounting,healthresearch.org University of North Carolina Chapel,healthresearch.org reviews,University of North Carolina Chapel,INTERNAL keyword research only — do NOT place competitor trademarks in ad copy
feedbackfruits.com,feedbackfruits.com,LOCAL_REVIEW_CENTER,1,MEDIUM,feedbackfruits.com,feedbackfruits.com accounting,feedbackfruits.com University of Wisconsin–Oshkosh,feedbackfruits.com reviews,University of Wisconsin–Oshkosh,INTERNAL keyword research only — do NOT place competitor trademarks in ad copy
startup.jobs,startup.jobs,LOCAL_REVIEW_CENTER,1,MEDIUM,startup.jobs,startup.jobs accounting,startup.jobs Suffolk University,startup.jobs reviews,Suffolk University,INTERNAL keyword research only — do NOT place competitor trademarks in ad copy
goelite.com,goelite.com,LOCAL_REVIEW_CENTER,1,MEDIUM,goelite.com,goelite.com accounting,goelite.com University of The Cumberlands,goelite.com reviews,University of The Cumberlands,INTERNAL keyword research only — do NOT place competitor trademarks in ad copy
com.na,com.na,LOCAL_REVIEW_CENTER,1,MEDIUM,com.na,com.na accounting,com.na North Dakota State University,com.na reviews,North Dakota State University,INTERNAL keyword research only — do NOT place competitor trademarks in ad copy
weberstatesports.com,weberstatesports.com,LOCAL_REVIEW_CENTER,1,MEDIUM,weberstatesports.com,weberstatesports.com accounting,weberstatesports.com Weber State University,weberstatesports.com reviews,Weber State University,INTERNAL keyword research only — do NOT place competitor trademarks in ad copy
news-journal.com,news-journal.com,LOCAL_REVIEW_CENTER,1,MEDIUM,news-journal.com,news-journal.com accounting,news-journal.com University of North Texas at Dallas,news-journal.com reviews,University of North Texas at Dallas,INTERNAL keyword research only — do NOT place competitor trademarks in ad copy
thelensnola.org,thelensnola.org,LOCAL_REVIEW_CENTER,1,MEDIUM,thelensnola.org,thelensnola.org accounting,thelensnola.org University of New Orleans New,thelensnola.org reviews,University of New Orleans New,INTERNAL keyword research only — do NOT place competitor trademarks in ad copy
hakia.com,hakia.com,LOCAL_REVIEW_CENTER,1,MEDIUM,hakia.com,hakia.com accounting,hakia.com Uof Alabama in Huntsville,hakia.com reviews,Uof Alabama in Huntsville,INTERNAL keyword research only — do NOT place competitor trademarks in ad copy
criminaljusticedegreeschools.com,criminaljusticedegreeschools.com,LOCAL_REVIEW_CENTER,1,MEDIUM,criminaljusticedegreeschools.com,criminaljusticedegreeschools.com accounting,criminaljusticedegreeschools.com University of North Dakota Grand,criminaljusticedegreeschools.com reviews,University of North Dakota Grand,INTERNAL keyword research only — do NOT place competitor trademarks in ad copy
usishield.com,usishield.com,LOCAL_REVIEW_CENTER,1,MEDIUM,usishield.com,usishield.com accounting,usishield.com University of Southern Indiana,usishield.com reviews,University of Southern Indiana,INTERNAL keyword research only — do NOT place competitor trademarks in ad copy
sanangelolive.com,sanangelolive.com,LOCAL_REVIEW_CENTER,1,MEDIUM,sanangelolive.com,sanangelolive.com accounting,sanangelolive.com Angelo State University,sanangelolive.com reviews,Angelo State University,INTERNAL keyword research only — do NOT place competitor trademarks in ad copy
acct2050.com,acct2050.com,COURSE_SPECIFIC_TUTORING_PLATFORM,1,HIGH,acct2050.com,acct2050.com accounting,acct2050.com University of Minnesota,acct2050.com reviews,University of Minnesota,INTERNAL keyword research only — do NOT place competitor trademarks in ad copy
mncpa.org,mncpa.org,LOCAL_REVIEW_CENTER,1,MEDIUM,mncpa.org,mncpa.org accounting,mncpa.org University of Minnesota,mncpa.org reviews,University of Minnesota,INTERNAL keyword research only — do NOT place competitor trademarks in ad copy
louisiana.cpa,louisiana.cpa,LOCAL_REVIEW_CENTER,1,MEDIUM,louisiana.cpa,louisiana.cpa accounting,louisiana.cpa Louisiana State University Alexandria,louisiana.cpa reviews,Louisiana State University Alexandria,INTERNAL keyword research only — do NOT place competitor trademarks in ad copy
tylerpaper.com,tylerpaper.com,LOCAL_REVIEW_CENTER,1,MEDIUM,tylerpaper.com,tylerpaper.com accounting,tylerpaper.com Univ of Texas at Tyler,tylerpaper.com reviews,Univ of Texas at Tyler,INTERNAL keyword research only — do NOT place competitor trademarks in ad copy
gilmermirror.com,gilmermirror.com,LOCAL_REVIEW_CENTER,1,MEDIUM,gilmermirror.com,gilmermirror.com accounting,gilmermirror.com Univ of Texas at Tyler,gilmermirror.com reviews,Univ of Texas at Tyler,INTERNAL keyword research only — do NOT place competitor trademarks in ad copy
yahoo.com,yahoo.com,LOCAL_REVIEW_CENTER,1,MEDIUM,yahoo.com,yahoo.com accounting,yahoo.com Univ of Texas at Tyler,yahoo.com reviews,Univ of Texas at Tyler,INTERNAL keyword research only — do NOT place competitor trademarks in ad copy
simplestudies.org,simplestudies.org,LOCAL_REVIEW_CENTER,1,MEDIUM,simplestudies.org,simplestudies.org accounting,simplestudies.org University of Pennsylvania,simplestudies.org reviews,University of Pennsylvania,INTERNAL keyword research only — do NOT place competitor trademarks in ad copy
ust.space,ust.space,COURSE_SPECIFIC_TUTORING_PLATFORM,1,MEDIUM,ust.space,ust.space accounting,ust.space University of Pennsylvania,ust.space reviews,University of Pennsylvania,INTERNAL keyword research only — do NOT place competitor trademarks in ad copy
jbhe.com,jbhe.com,LOCAL_REVIEW_CENTER,1,MEDIUM,jbhe.com,jbhe.com accounting,jbhe.com Texas Southern University,jbhe.com reviews,Texas Southern University,INTERNAL keyword research only — do NOT place competitor trademarks in ad copy
website-files.com,website-files.com,LOCAL_REVIEW_CENTER,1,MEDIUM,website-files.com,website-files.com accounting,website-files.com Saginaw Valley State Univ Univ,website-files.com reviews,Saginaw Valley State Univ Univ,INTERNAL keyword research only — do NOT place competitor trademarks in ad copy
collegevidya.com,collegevidya.com,LOCAL_REVIEW_CENTER,1,MEDIUM,collegevidya.com,collegevidya.com accounting,collegevidya.com Walsh College,collegevidya.com reviews,Walsh College,INTERNAL keyword research only — do NOT place competitor trademarks in ad copy
booking.page,booking.page,LOCAL_REVIEW_CENTER,1,MEDIUM,booking.page,booking.page accounting,booking.page American University,booking.page reviews,American University,INTERNAL keyword research only — do NOT place competitor trademarks in ad copy
greatnews.life,greatnews.life,LOCAL_REVIEW_CENTER,1,MEDIUM,greatnews.life,greatnews.life accounting,greatnews.life Purdue University Northwest,greatnews.life reviews,Purdue University Northwest,INTERNAL keyword research only — do NOT place competitor trademarks in ad copy
lasvegassun.com,lasvegassun.com,LOCAL_REVIEW_CENTER,1,MEDIUM,lasvegassun.com,lasvegassun.com accounting,lasvegassun.com University of Missouri,lasvegassun.com reviews,University of Missouri,INTERNAL keyword research only — do NOT place competitor trademarks in ad copy
arkansastechnews.com,arkansastechnews.com,LOCAL_REVIEW_CENTER,1,MEDIUM,arkansastechnews.com,arkansastechnews.com accounting,arkansastechnews.com Arkansas Tech University,arkansastechnews.com reviews,Arkansas Tech University,INTERNAL keyword research only — do NOT place competitor trademarks in ad copy
prezi.com,prezi.com,LOCAL_REVIEW_CENTER,1,MEDIUM,prezi.com,prezi.com accounting,prezi.com Mercer University-Macon,prezi.com reviews,Mercer University-Macon,INTERNAL keyword research only — do NOT place competitor trademarks in ad copy
wixsite.com,wixsite.com,LOCAL_REVIEW_CENTER,1,MEDIUM,wixsite.com,wixsite.com accounting,wixsite.com Lander University,wixsite.com reviews,Lander University,INTERNAL keyword research only — do NOT place competitor trademarks in ad copy
claytonstatecape.com,claytonstatecape.com,LOCAL_REVIEW_CENTER,1,MEDIUM,claytonstatecape.com,claytonstatecape.com accounting,claytonstatecape.com Clayton State University,claytonstatecape.com reviews,Clayton State University,INTERNAL keyword research only — do NOT place competitor trademarks in ad copy
gradright.com,gradright.com,LOCAL_REVIEW_CENTER,1,MEDIUM,gradright.com,gradright.com accounting,gradright.com Trinity University San,gradright.com reviews,Trinity University San,INTERNAL keyword research only — do NOT place competitor trademarks in ad copy
studyinternational.com,studyinternational.com,LOCAL_REVIEW_CENTER,1,MEDIUM,studyinternational.com,studyinternational.com accounting,studyinternational.com Stetson University,studyinternational.com reviews,Stetson University,INTERNAL keyword research only — do NOT place competitor trademarks in ad copy
stetsongiftplanning.org,stetsongiftplanning.org,LOCAL_REVIEW_CENTER,1,MEDIUM,stetsongiftplanning.org,stetsongiftplanning.org accounting,stetsongiftplanning.org Stetson University,stetsongiftplanning.org reviews,Stetson University,INTERNAL keyword research only — do NOT place competitor trademarks in ad copy
expertsminds.com,expertsminds.com,LOCAL_REVIEW_CENTER,1,MEDIUM,expertsminds.com,expertsminds.com accounting,expertsminds.com Rollins College Winter,expertsminds.com reviews,Rollins College Winter,INTERNAL keyword research only — do NOT place competitor trademarks in ad copy
wdbj7.com,wdbj7.com,LOCAL_REVIEW_CENTER,1,MEDIUM,wdbj7.com,wdbj7.com accounting,wdbj7.com Washington and Lee Univ,wdbj7.com reviews,Washington and Lee Univ,INTERNAL keyword research only — do NOT place competitor trademarks in ad copy
fusionacademy.com,fusionacademy.com,LOCAL_REVIEW_CENTER,1,MEDIUM,fusionacademy.com,fusionacademy.com accounting,fusionacademy.com LeMoyne College,fusionacademy.com reviews,LeMoyne College,INTERNAL keyword research only — do NOT place competitor trademarks in ad copy
gokapital.com,gokapital.com,LOCAL_REVIEW_CENTER,1,MEDIUM,gokapital.com,gokapital.com accounting,gokapital.com Morehead State University,gokapital.com reviews,Morehead State University,INTERNAL keyword research only — do NOT place competitor trademarks in ad copy
pageuppeople.com,pageuppeople.com,LOCAL_REVIEW_CENTER,1,MEDIUM,pageuppeople.com,pageuppeople.com accounting,pageuppeople.com The Citadel,pageuppeople.com reviews,The Citadel,INTERNAL keyword research only — do NOT place competitor trademarks in ad copy
joinfindu.com,joinfindu.com,LOCAL_REVIEW_CENTER,1,MEDIUM,joinfindu.com,joinfindu.com accounting,joinfindu.com Winthrop University Rock,joinfindu.com reviews,Winthrop University Rock,INTERNAL keyword research only — do NOT place competitor trademarks in ad copy
nsudemons.com,nsudemons.com,LOCAL_REVIEW_CENTER,1,MEDIUM,nsudemons.com,nsudemons.com accounting,nsudemons.com Northwestern State University,nsudemons.com reviews,Northwestern State University,INTERNAL keyword research only — do NOT place competitor trademarks in ad copy
mdrc.org,mdrc.org,LOCAL_REVIEW_CENTER,1,MEDIUM,mdrc.org,mdrc.org accounting,mdrc.org University of Montana,mdrc.org reviews,University of Montana,INTERNAL keyword research only — do NOT place competitor trademarks in ad copy
goobertutors.com,goobertutors.com,LOCAL_REVIEW_CENTER,1,MEDIUM,goobertutors.com,goobertutors.com accounting,goobertutors.com Minnesota State U Moorhead,goobertutors.com reviews,Minnesota State U Moorhead,INTERNAL keyword research only — do NOT place competitor trademarks in ad copy
indianachamber.com,indianachamber.com,LOCAL_REVIEW_CENTER,1,MEDIUM,indianachamber.com,indianachamber.com accounting,indianachamber.com Indiana University Southeast,indianachamber.com reviews,Indiana University Southeast,INTERNAL keyword research only — do NOT place competitor trademarks in ad copy
give.org,give.org,LOCAL_REVIEW_CENTER,1,MEDIUM,give.org,give.org accounting,give.org University of Wisconsin–Stevens Point,give.org reviews,University of Wisconsin–Stevens Point,INTERNAL keyword research only — do NOT place competitor trademarks in ad copy
stevenspointjournal.com,stevenspointjournal.com,LOCAL_REVIEW_CENTER,1,MEDIUM,stevenspointjournal.com,stevenspointjournal.com accounting,stevenspointjournal.com University of Wisconsin–Stevens Point,stevenspointjournal.com reviews,University of Wisconsin–Stevens Point,INTERNAL keyword research only — do NOT place competitor trademarks in ad copy
thesoutheastern.com,thesoutheastern.com,LOCAL_REVIEW_CENTER,1,MEDIUM,thesoutheastern.com,thesoutheastern.com accounting,thesoutheastern.com Southeastern Oklahoma State University,thesoutheastern.com reviews,Southeastern Oklahoma State University,INTERNAL keyword research only — do NOT place competitor trademarks in ad copy
culsr.org,culsr.org,LOCAL_REVIEW_CENTER,1,MEDIUM,culsr.org,culsr.org accounting,culsr.org Northern Michigan Univ,culsr.org reviews,Northern Michigan Univ,INTERNAL keyword research only — do NOT place competitor trademarks in ad copy
rocketcert.com,rocketcert.com,LOCAL_REVIEW_CENTER,1,MEDIUM,rocketcert.com,rocketcert.com accounting,rocketcert.com Northern Michigan Univ,rocketcert.com reviews,Northern Michigan Univ,INTERNAL keyword research only — do NOT place competitor trademarks in ad copy
studystack.com,studystack.com,LOCAL_REVIEW_CENTER,1,MEDIUM,studystack.com,studystack.com accounting,studystack.com Idaho State University,studystack.com reviews,Idaho State University,INTERNAL keyword research only — do NOT place competitor trademarks in ad copy
academicworks.com,academicworks.com,LOCAL_REVIEW_CENTER,1,MEDIUM,academicworks.com,academicworks.com accounting,academicworks.com Montana State Univ-Billings,academicworks.com reviews,Montana State Univ-Billings,INTERNAL keyword research only — do NOT place competitor trademarks in ad copy
pekartutoring.com,pekartutoring.com,LOCAL_REVIEW_CENTER,1,MEDIUM,pekartutoring.com,pekartutoring.com accounting,pekartutoring.com Univ of Nebraska at Kearney,pekartutoring.com reviews,Univ of Nebraska at Kearney,INTERNAL keyword research only — do NOT place competitor trademarks in ad copy
sulekha.com,sulekha.com,LOCAL_REVIEW_CENTER,1,MEDIUM,sulekha.com,sulekha.com accounting,sulekha.com Virginia State University,sulekha.com reviews,Virginia State University,INTERNAL keyword research only — do NOT place competitor trademarks in ad copy
boarddocs.com,boarddocs.com,LOCAL_REVIEW_CENTER,1,MEDIUM,boarddocs.com,boarddocs.com accounting,"boarddocs.com Univ of Alaska, Anchorage",boarddocs.com reviews,"Univ of Alaska, Anchorage",INTERNAL keyword research only — do NOT place competitor trademarks in ad copy
calvinforalaska.com,calvinforalaska.com,LOCAL_REVIEW_CENTER,1,MEDIUM,calvinforalaska.com,calvinforalaska.com accounting,"calvinforalaska.com Univ of Alaska, Anchorage",calvinforalaska.com reviews,"Univ of Alaska, Anchorage",INTERNAL keyword research only — do NOT place competitor trademarks in ad copy
emporiagazette.com,emporiagazette.com,LOCAL_REVIEW_CENTER,1,MEDIUM,emporiagazette.com,emporiagazette.com accounting,emporiagazette.com Emporia State University,emporiagazette.com reviews,Emporia State University,INTERNAL keyword research only — do NOT place competitor trademarks in ad copy
njherald.com,njherald.com,LOCAL_REVIEW_CENTER,1,MEDIUM,njherald.com,njherald.com accounting,njherald.com King's College,njherald.com reviews,King's College,INTERNAL keyword research only — do NOT place competitor trademarks in ad copy
cloudfront.net,cloudfront.net,LOCAL_REVIEW_CENTER,1,MEDIUM,cloudfront.net,cloudfront.net accounting,cloudfront.net SUNY College at Oneonta,cloudfront.net reviews,SUNY College at Oneonta,INTERNAL keyword research only — do NOT place competitor trademarks in ad copy
ny.us,ny.us,LOCAL_REVIEW_CENTER,1,MEDIUM,ny.us,ny.us accounting,"ny.us College at Brockport, SUNY",ny.us reviews,"College at Brockport, SUNY",INTERNAL keyword research only — do NOT place competitor trademarks in ad copy
whnt.com,whnt.com,LOCAL_REVIEW_CENTER,1,MEDIUM,whnt.com,whnt.com accounting,whnt.com Alabama A&M University,whnt.com reviews,Alabama A&M University,INTERNAL keyword research only — do NOT place competitor trademarks in ad copy
completega.org,completega.org,LOCAL_REVIEW_CENTER,1,MEDIUM,completega.org,completega.org accounting,completega.org Savannah State University,completega.org reviews,Savannah State University,INTERNAL keyword research only — do NOT place competitor trademarks in ad copy
tigersroar.com,tigersroar.com,LOCAL_REVIEW_CENTER,1,MEDIUM,tigersroar.com,tigersroar.com accounting,tigersroar.com Savannah State University,tigersroar.com reviews,Savannah State University,INTERNAL keyword research only — do NOT place competitor trademarks in ad copy
jewishlink.news,jewishlink.news,LOCAL_REVIEW_CENTER,1,MEDIUM,jewishlink.news,jewishlink.news accounting,jewishlink.news Fairleigh Dickinson Univ,jewishlink.news reviews,Fairleigh Dickinson Univ,INTERNAL keyword research only — do NOT place competitor trademarks in ad copy
csupueblofoundation.com,csupueblofoundation.com,LOCAL_REVIEW_CENTER,1,MEDIUM,csupueblofoundation.com,csupueblofoundation.com accounting,csupueblofoundation.com Colorado State Univ-Pueblo,csupueblofoundation.com reviews,Colorado State Univ-Pueblo,INTERNAL keyword research only — do NOT place competitor trademarks in ad copy
globalreach.in,globalreach.in,LOCAL_REVIEW_CENTER,1,MEDIUM,globalreach.in,globalreach.in accounting,globalreach.in University of New Haven West,globalreach.in reviews,University of New Haven West,INTERNAL keyword research only — do NOT place competitor trademarks in ad copy
edu.in,edu.in,LOCAL_REVIEW_CENTER,1,MEDIUM,edu.in,edu.in accounting,edu.in St. Mary's University San,edu.in reviews,St. Mary's University San,INTERNAL keyword research only — do NOT place competitor trademarks in ad copy
completegeorgia.org,completegeorgia.org,LOCAL_REVIEW_CENTER,1,MEDIUM,completegeorgia.org,completegeorgia.org accounting,completegeorgia.org Albany State University,completegeorgia.org reviews,Albany State University,INTERNAL keyword research only — do NOT place competitor trademarks in ad copy
la.us,la.us,LOCAL_REVIEW_CENTER,1,MEDIUM,la.us,la.us accounting,la.us Grambling State University,la.us reviews,Grambling State University,INTERNAL keyword research only — do NOT place competitor trademarks in ad copy
com.ar,com.ar,LOCAL_REVIEW_CENTER,1,MEDIUM,com.ar,com.ar accounting,com.ar Texas Wesleyan University Fort,com.ar reviews,Texas Wesleyan University Fort,INTERNAL keyword research only — do NOT place competitor trademarks in ad copy
fdpclearinghouse.org,fdpclearinghouse.org,LOCAL_REVIEW_CENTER,1,MEDIUM,fdpclearinghouse.org,fdpclearinghouse.org accounting,fdpclearinghouse.org Widener University,fdpclearinghouse.org reviews,Widener University,INTERNAL keyword research only — do NOT place competitor trademarks in ad copy
knetbooks.com,knetbooks.com,LOCAL_REVIEW_CENTER,1,MEDIUM,knetbooks.com,knetbooks.com accounting,knetbooks.com Widener University,knetbooks.com reviews,Widener University,INTERNAL keyword research only — do NOT place competitor trademarks in ad copy
unizin.org,unizin.org,COURSE_SPECIFIC_TUTORING_PLATFORM,1,MEDIUM,unizin.org,unizin.org accounting,unizin.org Pennsylvania State University,unizin.org reviews,Pennsylvania State University,INTERNAL keyword research only — do NOT place competitor trademarks in ad copy
pjstar.com,pjstar.com,LOCAL_REVIEW_CENTER,1,MEDIUM,pjstar.com,pjstar.com accounting,pjstar.com Bradley University,pjstar.com reviews,Bradley University,INTERNAL keyword research only — do NOT place competitor trademarks in ad copy
300hours.com,300hours.com,LOCAL_REVIEW_CENTER,1,MEDIUM,300hours.com,300hours.com accounting,300hours.com Mississippi College,300hours.com reviews,Mississippi College,INTERNAL keyword research only — do NOT place competitor trademarks in ad copy
cpaexam.com,cpaexam.com,LOCAL_REVIEW_CENTER,1,MEDIUM,cpaexam.com,cpaexam.com accounting,cpaexam.com Mississippi College,cpaexam.com reviews,Mississippi College,INTERNAL keyword research only — do NOT place competitor trademarks in ad copy
njtutoringcorps.org,njtutoringcorps.org,LOCAL_REVIEW_CENTER,1,MEDIUM,njtutoringcorps.org,njtutoringcorps.org accounting,njtutoringcorps.org New Jersey In of Technology,njtutoringcorps.org reviews,New Jersey In of Technology,INTERNAL keyword research only — do NOT place competitor trademarks in ad copy
njcpa.org,njcpa.org,LOCAL_REVIEW_CENTER,1,MEDIUM,njcpa.org,njcpa.org accounting,njcpa.org New Jersey In of Technology,njcpa.org reviews,New Jersey In of Technology,INTERNAL keyword research only — do NOT place competitor trademarks in ad copy
jobtoday.com,jobtoday.com,LOCAL_REVIEW_CENTER,1,MEDIUM,jobtoday.com,jobtoday.com accounting,jobtoday.com New Jersey In of Technology,jobtoday.com reviews,New Jersey In of Technology,INTERNAL keyword research only — do NOT place competitor trademarks in ad copy
co.us,co.us,LOCAL_REVIEW_CENTER,1,MEDIUM,co.us,co.us accounting,co.us Adams State University,co.us reviews,Adams State University,INTERNAL keyword research only — do NOT place competitor trademarks in ad copy
washburnreview.org,washburnreview.org,LOCAL_REVIEW_CENTER,1,MEDIUM,washburnreview.org,washburnreview.org accounting,washburnreview.org Washburn University,washburnreview.org reviews,Washburn University,INTERNAL keyword research only — do NOT place competitor trademarks in ad copy
tx.us,tx.us,LOCAL_REVIEW_CENTER,1,MEDIUM,tx.us,tx.us accounting,tx.us Tarrant County College,tx.us reviews,Tarrant County College,INTERNAL keyword research only — do NOT place competitor trademarks in ad copy
jobilize.com,jobilize.com,LOCAL_REVIEW_CENTER,1,MEDIUM,jobilize.com,jobilize.com accounting,jobilize.com Gannon University,jobilize.com reviews,Gannon University,INTERNAL keyword research only — do NOT place competitor trademarks in ad copy
bruinwalk.com,bruinwalk.com,LOCAL_REVIEW_CENTER,1,MEDIUM,bruinwalk.com,bruinwalk.com accounting,"bruinwalk.com University of California, Los Angeles",bruinwalk.com reviews,"University of California, Los Angeles",INTERNAL keyword research only — do NOT place competitor trademarks in ad copy
peregrineglobal.com,peregrineglobal.com,LOCAL_REVIEW_CENTER,1,MEDIUM,peregrineglobal.com,peregrineglobal.com accounting,peregrineglobal.com Southwestern Oklahoma State University,peregrineglobal.com reviews,Southwestern Oklahoma State University,INTERNAL keyword research only — do NOT place competitor trademarks in ad copy
weatherfordbooks.com,weatherfordbooks.com,LOCAL_REVIEW_CENTER,1,MEDIUM,weatherfordbooks.com,weatherfordbooks.com accounting,weatherfordbooks.com Weatherford College,weatherfordbooks.com reviews,Weatherford College,INTERNAL keyword research only — do NOT place competitor trademarks in ad copy
globaldatebooksonline.com,globaldatebooksonline.com,LOCAL_REVIEW_CENTER,1,MEDIUM,globaldatebooksonline.com,globaldatebooksonline.com accounting,globaldatebooksonline.com Mt. San Antonio College,globaldatebooksonline.com reviews,Mt. San Antonio College,INTERNAL keyword research only — do NOT place competitor trademarks in ad copy
galepages.com,galepages.com,LOCAL_REVIEW_CENTER,1,MEDIUM,galepages.com,galepages.com accounting,galepages.com Hawaii Pacific University,galepages.com reviews,Hawaii Pacific University,INTERNAL keyword research only — do NOT place competitor trademarks in ad copy
dailyherald.com,dailyherald.com,LOCAL_REVIEW_CENTER,1,MEDIUM,dailyherald.com,dailyherald.com accounting,dailyherald.com College of DuPage,dailyherald.com reviews,College of DuPage,INTERNAL keyword research only — do NOT place competitor trademarks in ad copy
thembatutors.com,thembatutors.com,LOCAL_REVIEW_CENTER,1,MEDIUM,thembatutors.com,thembatutors.com accounting,thembatutors.com Suffolk County Community College,thembatutors.com reviews,Suffolk County Community College,INTERNAL keyword research only — do NOT place competitor trademarks in ad copy
scnylegislature.us,scnylegislature.us,LOCAL_REVIEW_CENTER,1,MEDIUM,scnylegislature.us,scnylegislature.us accounting,scnylegislature.us Suffolk County Community College,scnylegislature.us reviews,Suffolk County Community College,INTERNAL keyword research only — do NOT place competitor trademarks in ad copy
programmapper.com,programmapper.com,LOCAL_REVIEW_CENTER,1,MEDIUM,programmapper.com,programmapper.com accounting,programmapper.com Chaffey College,programmapper.com reviews,Chaffey College,INTERNAL keyword research only — do NOT place competitor trademarks in ad copy
unipage.net,unipage.net,LOCAL_REVIEW_CENTER,1,MEDIUM,unipage.net,unipage.net accounting,unipage.net Rockhurst University Kansas,unipage.net reviews,Rockhurst University Kansas,INTERNAL keyword research only — do NOT place competitor trademarks in ad copy
lavozdeanza.com,lavozdeanza.com,LOCAL_REVIEW_CENTER,1,MEDIUM,lavozdeanza.com,lavozdeanza.com accounting,lavozdeanza.com De Anza College,lavozdeanza.com reviews,De Anza College,INTERNAL keyword research only — do NOT place competitor trademarks in ad copy
circleram.com,circleram.com,LOCAL_REVIEW_CENTER,1,MEDIUM,circleram.com,circleram.com accounting,circleram.com De Anza College,circleram.com reviews,De Anza College,INTERNAL keyword research only — do NOT place competitor trademarks in ad copy
windows.net,windows.net,LOCAL_REVIEW_CENTER,1,MEDIUM,windows.net,windows.net accounting,windows.net Tidewater Community College,windows.net reviews,Tidewater Community College,INTERNAL keyword research only — do NOT place competitor trademarks in ad copy
jobapscloud.com,jobapscloud.com,LOCAL_REVIEW_CENTER,1,MEDIUM,jobapscloud.com,jobapscloud.com accounting,jobapscloud.com Los Angeles Valley College,jobapscloud.com reviews,Los Angeles Valley College,INTERNAL keyword research only — do NOT place competitor trademarks in ad copy
lavcfoundation.org,lavcfoundation.org,LOCAL_REVIEW_CENTER,1,MEDIUM,lavcfoundation.org,lavcfoundation.org accounting,lavcfoundation.org Los Angeles Valley College,lavcfoundation.org reviews,Los Angeles Valley College,INTERNAL keyword research only — do NOT place competitor trademarks in ad copy
tutordoctor.com,tutordoctor.com,LOCAL_REVIEW_CENTER,1,MEDIUM,tutordoctor.com,tutordoctor.com accounting,tutordoctor.com Chandler–Gilbert Community College,tutordoctor.com reviews,Chandler–Gilbert Community College,INTERNAL keyword research only — do NOT place competitor trademarks in ad copy
unmudl.com,unmudl.com,LOCAL_REVIEW_CENTER,1,MEDIUM,unmudl.com,unmudl.com accounting,unmudl.com Austin Community College,unmudl.com reviews,Austin Community College,INTERNAL keyword research only — do NOT place competitor trademarks in ad copy
candidcareer.com,candidcareer.com,LOCAL_REVIEW_CENTER,1,MEDIUM,candidcareer.com,candidcareer.com accounting,candidcareer.com University of Hawaii at Hilo,candidcareer.com reviews,University of Hawaii at Hilo,INTERNAL keyword research only — do NOT place competitor trademarks in ad copy
spglobal.com,spglobal.com,LOCAL_REVIEW_CENTER,1,MEDIUM,spglobal.com,spglobal.com accounting,spglobal.com Penn State York,spglobal.com reviews,Penn State York,INTERNAL keyword research only — do NOT place competitor trademarks in ad copy
northernreview.org,northernreview.org,LOCAL_REVIEW_CENTER,1,MEDIUM,northernreview.org,northernreview.org accounting,northernreview.org Ohio Northern University,northernreview.org reviews,Ohio Northern University,INTERNAL keyword research only — do NOT place competitor trademarks in ad copy
comevo.com,comevo.com,LOCAL_REVIEW_CENTER,1,MEDIUM,comevo.com,comevo.com accounting,comevo.com Prince George's Community College,comevo.com reviews,Prince George's Community College,INTERNAL keyword research only — do NOT place competitor trademarks in ad copy
goldenwestcareereducation.com,goldenwestcareereducation.com,LOCAL_REVIEW_CENTER,1,MEDIUM,goldenwestcareereducation.com,goldenwestcareereducation.com accounting,goldenwestcareereducation.com Golden West College,goldenwestcareereducation.com reviews,Golden West College,INTERNAL keyword research only — do NOT place competitor trademarks in ad copy
therla.org,therla.org,LOCAL_REVIEW_CENTER,1,MEDIUM,therla.org,therla.org accounting,therla.org Penn State New Kensington,therla.org reviews,Penn State New Kensington,INTERNAL keyword research only — do NOT place competitor trademarks in ad copy
ler.me,ler.me,LOCAL_REVIEW_CENTER,1,MEDIUM,ler.me,ler.me accounting,ler.me Lansing Community College,ler.me reviews,Lansing Community College,INTERNAL keyword research only — do NOT place competitor trademarks in ad copy
evctutoring.com,evctutoring.com,LOCAL_REVIEW_CENTER,1,MEDIUM,evctutoring.com,evctutoring.com accounting,evctutoring.com Evergreen Valley College,evctutoring.com reviews,Evergreen Valley College,INTERNAL keyword research only — do NOT place competitor trademarks in ad copy
fredonialeader.org,fredonialeader.org,LOCAL_REVIEW_CENTER,1,MEDIUM,fredonialeader.org,fredonialeader.org accounting,fredonialeader.org SUNY Fredonia,fredonialeader.org reviews,SUNY Fredonia,INTERNAL keyword research only — do NOT place competitor trademarks in ad copy
missourihealthcareers.com,missourihealthcareers.com,LOCAL_REVIEW_CENTER,1,MEDIUM,missourihealthcareers.com,missourihealthcareers.com accounting,missourihealthcareers.com Hannibal-LaGrange University,missourihealthcareers.com reviews,Hannibal-LaGrange University,INTERNAL keyword research only — do NOT place competitor trademarks in ad copy
nse.org,nse.org,LOCAL_REVIEW_CENTER,1,MEDIUM,nse.org,nse.org accounting,nse.org East Central University,nse.org reviews,East Central University,INTERNAL keyword research only — do NOT place competitor trademarks in ad copy
careerkarma.com,careerkarma.com,LOCAL_REVIEW_CENTER,1,MEDIUM,careerkarma.com,careerkarma.com accounting,careerkarma.com Arcadia University,careerkarma.com reviews,Arcadia University,INTERNAL keyword research only — do NOT place competitor trademarks in ad copy
