competitor,domain,model_type,competitor_type,campuses_served,accounting_supported,course_specific_site,professor_specific,video_reviews,practice_exams,exam_reviews,one_on_one,sponsored_anywhere,estimated_market_strength,top_campuses,sources
Course Hero,coursehero.com,NATIONAL_PLATFORM,NOTES_MARKETPLACE,445,YES,YES,UNKNOWN,YES,YES,YES,,NO,HIGH,"University of Alabama; University of Georgia; University of Tennessee; University of Tennessee, Knoxville; Auburn University",https://www.coursehero.com/sitemap/schools/110-University-of-Alabama/courses/245426-AC210/; https://www.coursehero.com/sitemap/schools/642-University-Of-Georgia/courses/6730205-ACCT1160/; https://www.coursehero.com/sitemap/schools/2200-The-University-of-Tennessee-Knoxville/courses/4302580-ACCT203/
Studocu,studocu.com,NATIONAL_PLATFORM,NOTES_MARKETPLACE,310,YES,YES,UNKNOWN,YES,YES,YES,YES,NO,HIGH,"University of Alabama; University of Georgia; University of Tennessee; University of Tennessee, Knoxville; Auburn University",https://www.studocu.com/en-us/document/university-of-alabama/intro-to-accounting/ac210-exam-3-study-guide1/83635462; https://www.studocu.com/en-us/document/university-of-north-carolina-at-pembroke/foundations-of-financial-and-managerial-accounting/test-review-exam-1-accoutning/7352063; https://www.studocu.com/en-us/document/the-university-of-tennessee-knoxville/introduction-to-financial-and-managerial-accounting/acct-101-exam-review-topics-and-format-breakdown/139193373
Quizlet,quizlet.com,NATIONAL_PLATFORM,NOTES_MARKETPLACE,301,YES,YES,UNKNOWN,,YES,YES,,NO,HIGH,"University of Alabama; University of Georgia; University of Tennessee; University of Tennessee, Knoxville; Auburn University",https://quizlet.com/429949007/accounting-210-exam-1-university-of-alabama-flash-cards/; https://quizlet.com/714724195/uga-accounting-entrance-exam-flash-cards/; https://quizlet.com/877836058/accounting-203-utk-final-exam-flash-cards/
FrogTutoring,frogtutoring.com,MULTI_CAMPUS_REGIONAL,MULTI_CAMPUS_TUTORING,258,YES,NO,YES,,,,YES,NO,HIGH,University of Georgia; University of Tennessee; University of Houston; Florida International University; Liberty University,https://frogtutoring.com/tutors/university-of-georgia/finance; https://frogtutoring.com/tutors/university-of-tennessee--martin/accounting; https://frogtutoring.com/tutors/university-of-houston--victoria/accounting
Scribd,scribd.com,NATIONAL_PLATFORM,NOTES_MARKETPLACE,154,YES,YES,UNKNOWN,,YES,YES,,NO,HIGH,"University of Georgia; University of Tennessee, Knoxville; Florida International University; Calif State Univ, Northridge; University of Houston - Downtown",https://www.scribd.com/doc/106919401/Tutoring-flyer-for-Business-Students; https://www.scribd.com/document/81223080/Acct-200-Chapter-1-Test; https://www.scribd.com/presentation/925656851/ACG-2021-Exam-1-Review-Session
Stuvia,stuvia.com,NATIONAL_PLATFORM,NOTES_MARKETPLACE,107,YES,YES,UNKNOWN,,YES,YES,,NO,HIGH,"University of Alabama; University of Tennessee; University of Tennessee, Knoxville; Auburn University; Florida International University",https://www.stuvia.com/en-us/search?page=2&s=ac%20210%20exam%202; https://www.stuvia.com/doc/10912428/utk-acct-203-exam-1-pdf-accounting-study-guide-en-practice-test; https://www.stuvia.com/en-us/doc/11613723/acct-2110-exam-1-auburn-university-practice-questions-study-guide-en-accounting-exam-review-2026
Wize Prep,wizeprep.com,MULTI_CAMPUS_REGIONAL,MULTI_CAMPUS_TUTORING,89,YES,YES,UNKNOWN,YES,YES,YES,YES,NO,HIGH,University of Georgia; Auburn University; University of Arkansas; Virginia Poly Inst & St Un; Liberty University,https://www.wizeprep.com/blog/online-exam-prep-for-university-of-georgia-students; https://www.wizeprep.com/courses/Acct2110-university-of-new-mexico-main-campus; https://www.wizeprep.com/courses/Acct2013-university-of-arkansas-at-fayetteville
Knack,joinknack.com,MULTI_CAMPUS_REGIONAL,MULTI_CAMPUS_TUTORING,41,YES,YES,UNKNOWN,,,YES,YES,NO,HIGH,Auburn University; University of Houston; Florida International University; Temple University; University of South Florida,https://auburn.joinknack.com/; https://app.joinknack.com/user/u_01k3xtam83m0jsxwx9842jwksf; https://app.joinknack.com/sponsorship/U3BvbnNvcnNoaXBUeXBlOnc1azdxNQ==/STUDENT
acct2301.com,acct2301.com,STUDY_EDGE_MODEL,COURSE_SPECIFIC_SITE,22,YES,YES,YES,YES,YES,,,NO,HIGH,University of Houston; University of Houston - Downtown; The University of Texas at Dallas; Texas State University; Tarleton State University,https://acct2301.com/
acc201uky.com,acc201uky.com,STUDY_EDGE_MODEL,COURSE_SPECIFIC_SITE,20,YES,YES,UNKNOWN,YES,YES,YES,YES,NO,HIGH,University of Kentucky; Penn State University Univ; Univ of Central Florida; University of Mississippi; San Diego State University,https://acc201uky.com/
acct201a.com,acct201a.com,STUDY_EDGE_MODEL,COURSE_SPECIFIC_SITE,20,YES,YES,YES,YES,YES,,,NO,HIGH,Montclair State University; Old Dominion University; Towson University; University of Louisville; Louisiana Tech University,https://acct201a.com/topics/intro; https://acct201a.com/
Skoolers Tutoring,skoolerstutoring.com,MULTI_CAMPUS_REGIONAL,MULTI_CAMPUS_TUTORING,15,YES,YES,UNKNOWN,,YES,YES,YES,NO,HIGH,University of Alabama; University of Georgia; Auburn University; Florida International University; Univ of Central Florida,https://www.skoolerstutoring.com/courses/UA/AC210; https://www.skoolerstutoring.com/courses/UGA/ACCT2101; https://www.skoolerstutoring.com/courses/AU/ACCT2110
acct2001.com,acct2001.com,STUDY_EDGE_MODEL,COURSE_SPECIFIC_SITE,14,YES,YES,UNKNOWN,YES,YES,YES,,NO,HIGH,"University of Georgia; University of Tennessee, Knoxville; Clemson University; University of North Texas; Temple University",https://acct2001.com/
emaze.com,emaze.com,LOCAL_REVIEW_CENTER,LOCAL_CAMPUS_TUTORING,14,YES,NO,UNKNOWN,,YES,,,NO,MEDIUM,"University of Kentucky; Univ of Central Florida; University of Nevada, Las Vegas; Missouri State University; Univ No Carolina Greensboro",https://www.emaze.com/@afzirtzl/ACC-201-Bright-Tutoring%2Facc201-com
Becker,becker.com,NATIONAL_PLATFORM,EXAM_PREP_PLATFORM,13,YES,NO,YES,,YES,YES,,NO,HIGH,Utah Valley University; Temple University; Franklin University; Georgia State University; Uof Missouri - Columbia,https://www.becker.com/blog/educator/helping-students-re-enter-the-workforce-stronger-than-ever; https://www.becker.com/blog/educator/designing-a-program-for-the-real-world; https://www.becker.com/cpe/catalog/the-future-of-the-accounting-and-tax-profession
acct2101uga.com,acct2101uga.com,STUDY_EDGE_MODEL,COURSE_SPECIFIC_SITE,11,YES,YES,UNKNOWN,YES,YES,,,NO,HIGH,University of Georgia; Temple University; Texas Tech University; Kennesaw State University; University of North Carolina at Charlotte,https://acct2101uga.com/
acct2300.com,acct2300.com,STUDY_EDGE_MODEL,COURSE_SPECIFIC_SITE,11,YES,YES,UNKNOWN,YES,YES,YES,,NO,HIGH,University of Houston; Liberty University; Texas Tech University; The University of Texas at Dallas; Tarleton State University,https://acct2300.com/
UWorld,uworld.com,STUDY_EDGE_MODEL,EXAM_PREP_PLATFORM,10,YES,NO,YES,YES,,YES,,NO,HIGH,"University of Alabama; Brigham Young University; University of Nevada, Reno; Univ of Missouri - St. Louis St.; University of North Alabama",https://accounting.uworld.com/blog/category/cpa-review/page/27/; https://accounting.uworld.com/cpa-review/lc/cpa-videos/video/page/2/; http://events.uworld.com/tbs-mastery-series
Gleim,gleim.com,STUDY_EDGE_MODEL,EXAM_PREP_PLATFORM,10,YES,NO,YES,YES,YES,YES,,NO,HIGH,University of Alabama; University of Florida; University of Texas at Austin; The University of Texas at Austin; The University of Texas at Dallas,https://www.gleim.com/cpa-review/blog/page/12/?post=574&srsltid=AfmBOoogjmECMJzEo4999VvPf9ek9PXQnJbgimaDxHrLIBtZGMS-Ly44; https://www.gleim.com/cpa-review/blog/accounting-at-the-university-of-florida/?srsltid=AfmBOorXkaQ1E6-Lt1K7iZdj4JIiCg3ZW-xs4MZoN5QpFsahQSvCXvOu; https://www.gleim.com/accounting/blog/jia-yee-pua-cpa-classes-for-the-cpa-exam/?srsltid=AfmBOooyc4NjgLwagvsuaxiD2Cuc1CNeSUncmMT5HkoqEzYqDf0cT8p6
acct200ku.com,acct200ku.com,STUDY_EDGE_MODEL,COURSE_SPECIFIC_SITE,9,YES,YES,UNKNOWN,YES,YES,,,NO,HIGH,"University of Tennessee, Knoxville; University of Arizona; University of Miami; Western Kentucky University; So Illinois, Edwardsville",https://acct200ku.com/; https://acct200ku.com/guides
jeopardylabs.com,jeopardylabs.com,LOCAL_REVIEW_CENTER,LOCAL_CAMPUS_TUTORING,9,YES,NO,UNKNOWN,,YES,YES,,NO,MEDIUM,Clemson University; University of North Texas; North Carolina State University; Univ of Nebraska at Omaha; University of Massachusetts Lowell,https://jeopardylabs.com/play/acct-2010-exam-1-review-2; https://jeopardylabs.com/play/acc-210-exam-2-review-session
accy201.com,accy201.com,OTHER,INDIVIDUAL_OR_LOCAL,9,YES,YES,UNKNOWN,YES,YES,,YES,NO,HIGH,University of Kentucky; Penn State University Univ; Univ of Central Florida; University of Mississippi; San Diego State University,https://accy201.com/
busa201.com,busa201.com,INDIVIDUAL_TUTOR_SCALED,LOCAL_CAMPUS_TUTORING,8,YES,YES,UNKNOWN,YES,YES,,YES,NO,HIGH,Indiana University Bloomington; Indiana University; Indiana University Indianapolis; Purdue Univ Fort Wayne Fort; IUSB Indiana Uat South Bend South,https://busa201.com/
tierneyeducation.com,tierneyeducation.com,LOCAL_REVIEW_CENTER,LOCAL_CAMPUS_TUTORING,8,YES,NO,UNKNOWN,,,,,NO,MEDIUM,Penn State Univ-Behrend; Penn State Abington; Penn State Berks; Pennsylvania State University; Penn State York,https://www.tierneyeducation.com/courses
beenews.com,beenews.com,LOCAL_REVIEW_CENTER,LOCAL_CAMPUS_TUTORING,7,YES,NO,UNKNOWN,,,YES,,NO,MEDIUM,University of Houston; The University of Texas at Dallas; Tarleton State University; The University of Texas at Arlington; Sam Houston State University,https://beeclassifieds.beenews.com/info/2TW/107/DgiEOC/Acct2301Exam1
acg2021fiu.com,acg2021fiu.com,STUDY_EDGE_MODEL,COURSE_SPECIFIC_SITE,7,YES,YES,UNKNOWN,YES,YES,,YES,NO,HIGH,Florida International University; University of South Florida; Florida Atlantic University; University of Florida; Florida Gulf Coast University,https://acg2021fiu.com/; https://acg2021fiu.com/resources/formulas
fennie.ai,fennie.ai,LOCAL_REVIEW_CENTER,LOCAL_CAMPUS_TUTORING,7,YES,NO,YES,,YES,YES,,NO,MEDIUM,Indiana University Bloomington; Indiana University; Indiana University Indianapolis; IUSB Indiana Uat South Bend South; Indiana University Southeast,https://fennie.ai/universities/indiana-university/a201
breakroom.cc,breakroom.cc,LOCAL_REVIEW_CENTER,LOCAL_CAMPUS_TUTORING,6,YES,NO,UNKNOWN,,,,,NO,MEDIUM,Utah Valley University; University of North Georgia; Troy University; Rochester Inst of Technology; Lipscomb University,https://www.breakroom.cc/en-us/jobs/listing/39877919-utah-valley-university-student-accounting-tutor-orem-utah; https://www.breakroom.cc/en-us/jobs/listing/39614060-university-of-north-georgia-stem-student-peer-tutor-federal; https://www.breakroom.cc/en-us/jobs/listing/25703209-troy-university-workship-learning-center-peer-tutor-stem-600
accounting.com,accounting.com,LOCAL_REVIEW_CENTER,LOCAL_CAMPUS_TUTORING,6,YES,NO,UNKNOWN,,,YES,,NO,MEDIUM,University of Iowa Iowa; University of Kentucky; University of Missouri–St. Louis; University of South Dakota; Rhode Island College,https://www.accounting.com/states/iowa/; https://www.accounting.com/states/kentucky/; https://www.accounting.com/degrees/accounting/graduate-certificate/best-programs/
icangotocollege.com,icangotocollege.com,LOCAL_REVIEW_CENTER,LOCAL_CAMPUS_TUTORING,6,YES,NO,UNKNOWN,,,,,NO,MEDIUM,Pasadena City College; Santa Rosa Junior College; Cuesta College; Laney College; Evergreen Valley College,https://icangotocollege.com/colleges/pasadena-city; https://icangotocollege.com/colleges/santa-rosa; https://icangotocollege.com/colleges/cuesta
poetsandquantsforundergrads.com,poetsandquantsforundergrads.com,LOCAL_REVIEW_CENTER,LOCAL_CAMPUS_TUTORING,5,YES,NO,UNKNOWN,,,,,NO,MEDIUM,"University of Tennessee; University of Tennessee, Knoxville; Southern Methodist University; Providence College; University of Richmond",https://poetsandquantsforundergrads.com/students/100-best-brightest-undergraduate-business-majors-of-2025/2/; https://poetsandquantsforundergrads.com/news/2024-best-undergraduate-professors-amelia-hart-university-of-tennessee-knoxville-haslam-college-of-business/; https://poetsandquantsforundergrads.com/news/2017-top-40-undergraduate-professors-barry-bryan-smu-cox/
theatomicburger.com,theatomicburger.com,LOCAL_REVIEW_CENTER,LOCAL_CAMPUS_TUTORING,5,YES,NO,UNKNOWN,,YES,YES,,NO,MEDIUM,Florida International University; University of South Florida; Florida Atlantic University; University of Florida; Florida Gulf Coast University,https://mail.theatomicburger.com/manual/yi9DlE8AD271/Acg-2021-Exam-1
acct229.com,acct229.com,STUDY_EDGE_MODEL,COURSE_SPECIFIC_SITE,5,YES,YES,UNKNOWN,YES,YES,YES,,NO,HIGH,Texas A&M University Coll; University of Delaware; Montclair State University; Texas A&M University; Texas A&M - Corpus Christi Corp,https://acct229.com/
smapse.com,smapse.com,LOCAL_REVIEW_CENTER,LOCAL_CAMPUS_TUTORING,5,YES,NO,UNKNOWN,,,,,NO,MEDIUM,San Jose State University San; Saint Louis University St.; St. Cloud State University Saint; Yeshiva University New; Pepperdine Univ-Malibu,https://smapse.com/san-jose-state-university-california-state-university-san-jose/; https://smapse.com/saint-louis-university-st-louis-university/; https://smapse.com/st-cloud-state-university-saint-cloud-state-university/
insidehighered.com,insidehighered.com,LOCAL_REVIEW_CENTER,LOCAL_CAMPUS_TUTORING,5,YES,NO,UNKNOWN,,,,,NO,MEDIUM,University of North Georgia; Sam Houston State University; University of North Carolina at Greensboro; Univ of Central Oklahoma; University of Richmond,https://careers.insidehighered.com/job/3523877/math-tutor/; https://careers.insidehighered.com/job/3543477/student-employee-dept-of-accounting-accounting-tutor/; https://careers.insidehighered.com/job/3525722/assistant-professor-accounting/
another71.com,another71.com,LOCAL_REVIEW_CENTER,LOCAL_CAMPUS_TUTORING,5,YES,NO,UNKNOWN,,,YES,,NO,MEDIUM,Northern Illinois Univ; Univ of Nebraska at Omaha; University of Colorado Colorado Springs; Radford University; Austin Community College,https://forum.another71.com/forum/welcome-cpa-exam-forum/ot-off-topic/topic/debra-hopkins-northern-illinois-university/; https://forum.another71.com/forum/cpa-review-courses/becker/topic/was-wondering-if-becker-was-worth-worth-roughly-an-extra-1200-over-yaeger/; https://forum.another71.com/forum/passed-cpa-exam/cpa-license-requirements/topic/education-in-lieu-of-work-experience/
coursedog.com,coursedog.com,LOCAL_REVIEW_CENTER,LOCAL_CAMPUS_TUTORING,5,YES,NO,UNKNOWN,,,,,NO,MEDIUM,Uof Minnesota Duluth; University of Richmond; University of Montana; University of Wisconsin–Stevens Point; St. Mary's University San,https://umd.catalog.prod.coursedog.com/departments/10369/overview; https://qarichmond.coursedog.com/pages/9KFyEg3nykftn7gAGR5H; https://archive-umt-catalog-19-20.coursedog.com/colleges-schools-programs/business/accounting-finance/bs-accounting
acct2110.com,acct2110.com,STUDY_EDGE_MODEL,COURSE_SPECIFIC_SITE,4,YES,YES,UNKNOWN,YES,YES,,,NO,HIGH,Auburn University; Middle Tennessee State Univ; Stockton University; North Park University,https://acct2110.com/; http://acct2110.com/chapters/1/videos/the-accounting-equation
aplusreview.com,aplusreview.com,LOCAL_REVIEW_CENTER,LOCAL_CAMPUS_TUTORING,4,YES,NO,UNKNOWN,,,YES,,NO,MEDIUM,Penn State University Univ; San Diego State University; Pittsburg State University; Roger Williams University,https://www.aplusreview.com/accounting201; https://www.aplusreview.com/
acct2100.com,acct2100.com,STUDY_EDGE_MODEL,COURSE_SPECIFIC_SITE,4,YES,YES,YES,YES,YES,,YES,NO,HIGH,University of Iowa; Kennesaw State University; University of Toledo; SUNY College at Oneonta,https://acct2100.com/
superfastcpa.com,superfastcpa.com,LOCAL_REVIEW_CENTER,LOCAL_CAMPUS_TUTORING,4,YES,NO,UNKNOWN,,,YES,,NO,MEDIUM,"University of Southern California; Idaho State University; New Jersey In of Technology; University of California, Los Angeles",https://www.superfastcpa.com/california-cpa-exam-requirements/; https://www.superfastcpa.com/idaho-cpa-exam-requirements/; https://www.superfastcpa.com/new-jersey-cpa-exam-requirements/
cram.com,cram.com,LOCAL_REVIEW_CENTER,LOCAL_CAMPUS_TUTORING,4,YES,NO,UNKNOWN,,,YES,,NO,MEDIUM,Northern Arizona University; Northeastern University; Texas A&M University; University of Minnesota,https://www.cram.com/flashcards/acc-300-final-exam-4837867; https://www.cram.com/flashcards/acct-1201-chapter-8-14486122; https://www.cram.com/flashcards/acct-229-exam-1-5552008
escholarship.org,escholarship.org,LOCAL_REVIEW_CENTER,LOCAL_CAMPUS_TUTORING,4,YES,NO,UNKNOWN,,,,,NO,MEDIUM,"Calif State Univ, Long Beach Long; Univ of Calif, Riverside; Saint Mary's College of CA; Univ of Calif, Los Angeles Los",https://escholarship.org/content/qt4867s6f4/qt4867s6f4.pdf; https://escholarship.org/content/qt6vs4g2bn/qt6vs4g2bn.pdf; https://escholarship.org/content/qt0763j2q9/qt0763j2q9_noSplash_0d6454e7d84b9cb7e3f0f27c3950d3b3.pdf?t=qxd2h5
jjkane.com,jjkane.com,LOCAL_REVIEW_CENTER,LOCAL_CAMPUS_TUTORING,4,YES,NO,UNKNOWN,,YES,YES,,NO,MEDIUM,University of Miami; Morehead State University; Univ Illinois at Springfield; Jackson State University,https://api.jjkane.com/edition/u11CG5242143/Acc-211-Final-Exam; https://api.jjkane.com/volume/u15796242688/Midterm_Exam_Acct_281
accountingdegreesonline.org,accountingdegreesonline.org,LOCAL_REVIEW_CENTER,LOCAL_CAMPUS_TUTORING,4,YES,NO,UNKNOWN,,,YES,,NO,MEDIUM,Tennessee at Chattanooga; University of Michigan Ann; University of South Carolina; SUNY College at Oneonta,https://www.accountingdegreesonline.org/state/tennessee/; https://www.accountingdegreesonline.org/state/michigan/; https://www.accountingdegreesonline.org/state/south-carolina/
kidsontheyard.com,kidsontheyard.com,LOCAL_REVIEW_CENTER,LOCAL_CAMPUS_TUTORING,4,YES,NO,UNKNOWN,,,,,NO,MEDIUM,North Carolina Wilmington; Uof Alabama in Huntsville; Uof Arkansas at Fort Smith Ft.; Uof Arkansas at Little Rock Little,https://kidsontheyard.com/en/north-carolina/wilmington/jobs/accounting; https://kidsontheyard.com/en/alabama/huntsville/jobs/accounting; https://kidsontheyard.com/en/arkansas/fort-smith/tutoring/accounting
com.gh,com.gh,LOCAL_REVIEW_CENTER,LOCAL_CAMPUS_TUTORING,4,YES,NO,UNKNOWN,,,,,NO,MEDIUM,"Lehigh University; Radford University; University of California, Los Angeles; Ouachita Baptist University",https://www.superprof.com.gh/graduate-from-lehigh-university-can-help-teach-you-with-any-business-courses.html; https://www.superprof.com.gh/maths-accounting-finance-economics-made-easy-all-levels-are-you-west-yorkshire-please-contact.html; https://www.superprof.com.gh/the-university-california-los-angeles-can-teach-basic-math-accounting-2100-and-2110-and-more.html
meetatutor.com,meetatutor.com,LOCAL_REVIEW_CENTER,LOCAL_CAMPUS_TUTORING,3,YES,NO,UNKNOWN,,,,,NO,MEDIUM,University of Southern California; North Carolina Wilmington; University of La Verne,"https://meetatutor.com/care/i-am-a-second-year-accounting-student-at-the-university-of-southern-california-and-offering-basic-financial-acct-tutoring-tutor-sunnyvale-ca; https://meetatutor.com/tutor-jobs/wilmington,north-carolina; https://meetatutor.com/tutors/la-verne,california"
applyboard.com,applyboard.com,LOCAL_REVIEW_CENTER,LOCAL_CAMPUS_TUTORING,3,YES,NO,UNKNOWN,YES,,,,NO,MEDIUM,University of Dayton; Western New England Univ; Oral Roberts University,https://www.applyboard.com/schools/university-of-dayton/programs/extended-accelerator-bachelor-of-science-accounting-e3bcf629-c3c5-4dca-95b7-dcaf062021ba; https://china.applyboard.com/schools/western-new-england-university-68cf14f5-9670-4cc8-9696-0d21941461c3; https://www.applyboard.com/schools/oral-roberts-university-oru/programs/bachelor-of-science-accounting-427296
spires.co,spires.co,LOCAL_REVIEW_CENTER,LOCAL_CAMPUS_TUTORING,3,YES,NO,UNKNOWN,,,,,NO,MEDIUM,Rowan University; Loyola University Chicago; King's College,https://spires.co/tutors/ccuItyj7jeNykevzfTrNaUXoluJ3; https://spires.co/tutors/fbDH1LPJi4QEozB0J8bg0qwpS9n1; https://spires.co/online-university-tutors/kings-college-london
libcal.com,libcal.com,LOCAL_REVIEW_CENTER,LOCAL_CAMPUS_TUTORING,3,YES,NO,UNKNOWN,,,,,NO,MEDIUM,University of North Florida; Rollins College Liberal Arts Winter; Tidewater Community College,https://unf.libcal.com/event/16194528; https://rollins.libcal.com/appointments/tutoring; https://tcc.libcal.com/appointments?lid=7979
distancelearningportal.com,distancelearningportal.com,LOCAL_REVIEW_CENTER,LOCAL_CAMPUS_TUTORING,3,YES,NO,UNKNOWN,,YES,,,NO,MEDIUM,Bowling Green State Univ Bowling; University of New Haven West; Northern State University,https://www.distancelearningportal.com/universities/13571/bowling-green-state-university.html; https://www.distancelearningportal.com/universities/12845/university-of-new-haven.html; https://www.distancelearningportal.com/universities/17969/northern-state-university.html
monster.com,monster.com,LOCAL_REVIEW_CENTER,LOCAL_CAMPUS_TUTORING,3,YES,NO,UNKNOWN,,,,,NO,MEDIUM,Southern Utah University Cedar; St. Cloud State University Saint; Washburn University,https://www.monster.com/job-openings/america-reads-tutor-cedar-city-ut--661208b9-e7d8-4f25-9b22-7923ca9b48cd; https://www.monster.com/job-openings/starting-september-2026-americorps-college-success-coach-st-cloud-state-university-saint-cloud-mn--e8f1c7ec-2fea-4f62-84e6-543edb61d4a5; https://www.monster.com/job-openings/tutor-accounting-topeka-ks--3dca8a46-0b92-4318-8501-1fa43ae23c12
3cmediasolutions.org,3cmediasolutions.org,LOCAL_REVIEW_CENTER,LOCAL_CAMPUS_TUTORING,3,YES,NO,UNKNOWN,,,YES,,NO,MEDIUM,Hofstra University; St. John Fisher College; University of Mary Washington,https://3cmediasolutions.org/node/18002
acceptancerate.com,acceptancerate.com,LOCAL_REVIEW_CENTER,LOCAL_CAMPUS_TUTORING,3,YES,NO,UNKNOWN,,,,,NO,MEDIUM,Saginaw Valley State Univ Univ; Purdue Univ Fort Wayne Fort; Niagara University Niagara,https://www.acceptancerate.com/schools/saginaw-valley-state-university/; https://www.acceptancerate.com/schools/indiana-university-purdue-university-fort-wayne/; https://www.acceptancerate.com/schools/niagara-university/
ac210ua.com,ac210ua.com,STUDY_EDGE_MODEL,COURSE_SPECIFIC_SITE,2,YES,YES,YES,YES,YES,,,NO,HIGH,University of Alabama; North Carolina State University,https://ac210ua.com/
tscpa.com,tscpa.com,LOCAL_REVIEW_CENTER,LOCAL_CAMPUS_TUTORING,2,YES,NO,UNKNOWN,,,,,NO,MEDIUM,University of Tennessee; Tennessee at Chattanooga,https://tscpa.com/discover-careers/; https://tscpa.com/college/
acct2013msu.com,acct2013msu.com,STUDY_EDGE_MODEL,COURSE_SPECIFIC_SITE,2,YES,YES,YES,YES,YES,,YES,NO,HIGH,University of Arkansas; Ouachita Baptist University,https://acct2013msu.com/
internationalstudent.com,internationalstudent.com,LOCAL_REVIEW_CENTER,LOCAL_CAMPUS_TUTORING,2,YES,NO,UNKNOWN,,,,,NO,MEDIUM,Florida International University; American University,https://www.internationalstudent.com/study-accounting/what-to-expect-when-studying-accounting/
acbsp.org,acbsp.org,LOCAL_REVIEW_CENTER,LOCAL_CAMPUS_TUTORING,2,YES,NO,UNKNOWN,,,,,NO,MEDIUM,Liberty University; Evangel University,https://acbsp.org/members/?id=18776122; https://acbsp.org/members/default.asp?id=18775728
unifers.ai,unifers.ai,LOCAL_REVIEW_CENTER,LOCAL_CAMPUS_TUTORING,2,YES,NO,UNKNOWN,,,,,NO,MEDIUM,Clemson University; University of Maryland College,https://unifers.ai/person/colehfuller22/cole-fuller-wilbur-o-and-ann-powers-college-of-business-at-clemson-university-knoxville; https://unifers.ai/person/naveena-pillai/naveena-pillai-knack-new-york
lightcastcc.com,lightcastcc.com,LOCAL_REVIEW_CENTER,LOCAL_CAMPUS_TUTORING,2,YES,NO,UNKNOWN,,,,,NO,MEDIUM,Utah Valley University; Weber State University,https://weber.lightcastcc.com/careers/tutor/jobs?region=Northern%20Utah&radius=
vengeanceracing.net,vengeanceracing.net,LOCAL_REVIEW_CENTER,LOCAL_CAMPUS_TUTORING,2,YES,NO,UNKNOWN,YES,,YES,,NO,MEDIUM,Florida Atlantic University; University of Miami,https://ftp.store.vengeanceracing.net/Download_PDFS/B13WGJ/999597/Fau%20Accounting%20Competency%20Exam%20Review.pdf; https://ftp.store.vengeanceracing.net/index.jsp/A1208P/998781/acc__211-final_exam.pdf
acct209.com,acct209.com,STUDY_EDGE_MODEL,COURSE_SPECIFIC_SITE,2,YES,YES,UNKNOWN,YES,YES,YES,,NO,HIGH,Texas A&M University Coll; Texas State University,https://acct209.com/
tipro.org,tipro.org,LOCAL_REVIEW_CENTER,LOCAL_CAMPUS_TUTORING,2,YES,NO,UNKNOWN,,YES,,,NO,MEDIUM,"University of Nevada, Las Vegas; The University of Texas at Arlington",https://ftp.tipro.org/fulldisplay/SiZiJe/6FE125/unlv-accounting__competency_exam.pdf; https://ftp.tipro.org/Resources/tkquh6/4FE078/AccountingEntranceExamUta.pdf
jobleads.com,jobleads.com,LOCAL_REVIEW_CENTER,LOCAL_CAMPUS_TUTORING,2,YES,NO,UNKNOWN,,,,,NO,MEDIUM,"University of Nevada, Las Vegas; Suffolk University",https://www.jobleads.com/us/job/assistant-director-learning-support-tutoring--las-vegas--ea7031a9cd8b81091c68746117341cd26; https://www.jobleads.com/us/job/mba-finance-tutor-lead-groups-1-1-sessions--boston--e18911e56df3df7419c0616e43aa5921b
acc311.com,acc311.com,STUDY_EDGE_MODEL,COURSE_SPECIFIC_SITE,2,YES,YES,YES,YES,YES,YES,YES,NO,HIGH,University of Texas at Austin; The University of Texas at Austin,https://acc311.com/
vishalcpaprep.com,vishalcpaprep.com,LOCAL_REVIEW_CENTER,LOCAL_CAMPUS_TUTORING,2,YES,NO,UNKNOWN,,,YES,,NO,MEDIUM,University of Tampa; Loyola University New Orleans,https://vishalcpaprep.com/blogs/news/expert-cpa-tutors-near-tampa-fl?srsltid=AfmBOoryJslbNx_TpT9QbENwU8lcJ8aEjWrW3c0vpMldCgOMSmC0Njld; https://vishalcpaprep.com/blogs/news/jimmy-chilimigras-the-youngest-cpa-in-history-and-a-future-law-scholar?srsltid=AfmBOorlvWxk43spejMuTZLlQEuYMW6n3CCw1oP1zEMKHvK4e65loRif
acc210.com,acc210.com,STUDY_EDGE_MODEL,COURSE_SPECIFIC_SITE,2,YES,YES,UNKNOWN,YES,YES,,YES,NO,HIGH,North Carolina State University; Stony Brook University Stony,https://acc210.com/
nabainc.org,nabainc.org,LOCAL_REVIEW_CENTER,LOCAL_CAMPUS_TUTORING,2,YES,NO,UNKNOWN,,,YES,,NO,MEDIUM,Rutgers University-Newark; Jackson State University,https://community.nabainc.org/northernnewjersey/events/event-description?CalendarEventKey=bb6675de-bd4f-4788-8ab0-019d6b0e6c0e&CommunityKey=4379762b-e9df-4f00-a49e-f201cd2f0ab0&Home=%2Fseattle%2Fevents%2Fcalendar; https://community.nabainc.org/greaterjackson/chapternews
buffacademy.com,buffacademy.com,LOCAL_REVIEW_CENTER,LOCAL_CAMPUS_TUTORING,2,YES,NO,UNKNOWN,,,,,NO,MEDIUM,University of Southern California; Chapman University,https://buffacademy.com/usc-tutoring/; https://buffacademy.com/chapman-tutoring/
co.nz,co.nz,LOCAL_REVIEW_CENTER,LOCAL_CAMPUS_TUTORING,2,YES,NO,UNKNOWN,,,,,NO,MEDIUM,Florida Gulf Coast University; Albany State University,https://www.superprof.co.nz/current-enrolled-student-florida-gulf-coast-university-aice-diploma-holding-accounting-major.html; https://www.superprof.co.nz/graduated-albany-state-university-with-high-honors-and-bachelors-degree-business-marking-and-minor-accounting-love-math.html
modolabs.net,modolabs.net,LOCAL_REVIEW_CENTER,LOCAL_CAMPUS_TUTORING,2,YES,NO,UNKNOWN,,,,,NO,MEDIUM,Univ No Carolina Greensboro; Virginia Commonwealth,https://uncg-prod.modolabs.net/prospective_student/videos/index; https://virginia-commonwealth-u-prod.modolabs.net/student/vcu_insider/_/find_resources
libanswers.com,libanswers.com,LOCAL_REVIEW_CENTER,LOCAL_CAMPUS_TUTORING,2,YES,NO,UNKNOWN,,,,,NO,MEDIUM,Tarleton State University; Rollins College Liberal Arts Winter,https://tarleton.libanswers.com/faq/190270; https://rollins.libanswers.com/twc
barnesdennig.com,barnesdennig.com,LOCAL_REVIEW_CENTER,LOCAL_CAMPUS_TUTORING,2,YES,NO,UNKNOWN,,,,,NO,MEDIUM,University of Dayton; Wichita State University,https://www.barnesdennig.com/cpa-peer-review-dayton-oh/; https://www.barnesdennig.com/cpa-peer-review-wichita-ks/
careerbuilder.com,careerbuilder.com,LOCAL_REVIEW_CENTER,LOCAL_CAMPUS_TUTORING,2,YES,NO,UNKNOWN,,,,,NO,MEDIUM,Utah State University; University of North Texas at Dallas,https://www.careerbuilder.com/jobs-tutor-in-ut?&page=4; https://www.careerbuilder.com/job-details/professional-stem-tutor-math-dallas-tx--8914617e-62e7-46df-b268-6649a45e8fed
bandana.com,bandana.com,LOCAL_REVIEW_CENTER,LOCAL_CAMPUS_TUTORING,2,YES,NO,UNKNOWN,,,,,NO,MEDIUM,Park University; Mercer University-Macon,https://bandana.com/jobs/4e73ca15-ba98-40ec-9a1b-c9fab8bc9e15?srsltid=AfmBOorzl16B_SjjShg8q00iGRFUSew9oIhviKTEqqvpFuOJLC5bcyi9; https://bandana.com/jobs/9c8d8926-f2ec-43e4-b2c6-ca2498d8386d?srsltid=AfmBOop2bAMN_tic8mNILv_o5DpQbBdYF5SNRnjeQ6-Fq66T4vUwNkwO
sonara.ai,sonara.ai,LOCAL_REVIEW_CENTER,LOCAL_CAMPUS_TUTORING,2,YES,NO,UNKNOWN,,,,,NO,MEDIUM,Colorado State University Fort; Bryant & Stratton College,https://www.sonara.ai/job-details/instructional-coordinator-at-colorado-state-university-2741834d-9449-9ef4-dc36-5ea44a6a7687; https://www.sonara.ai/job-details/wny-market-campus-tutor-at-bryant-stratton-college-963b85bd-4e7d-90e4-f810-4ddc3e55d91b
centralcu.org,centralcu.org,LOCAL_REVIEW_CENTER,LOCAL_CAMPUS_TUTORING,2,YES,NO,UNKNOWN,,,,,NO,MEDIUM,Central Connecticut St Univ New; Central College,https://www.centralcu.org/engage/online-banking.html
SweetStudy,sweetstudy.com,NATIONAL_PLATFORM,NOTES_MARKETPLACE,2,YES,YES,UNKNOWN,,,,,NO,LOW,"Calif St U, San Bernardino S; Ottawa University",https://www.sweetstudy.com/files/acct426-doc; https://www.sweetstudy.com/questions/discussion-data-management-18811247
advancedlearners.com,advancedlearners.com,LOCAL_REVIEW_CENTER,LOCAL_CAMPUS_TUTORING,2,YES,NO,UNKNOWN,,,,,NO,MEDIUM,University of New Mexico Albuquerque F; Ouachita Baptist University,https://advancedlearners.com/new-mexico/college/finance/tutor/find.aspx; https://advancedlearners.com/newyork/accounting/tutor/find.aspx
migratemate.co,migratemate.co,LOCAL_REVIEW_CENTER,LOCAL_CAMPUS_TUTORING,2,YES,NO,UNKNOWN,,,,,NO,MEDIUM,Saginaw Valley State Univ Univ; McNeese State University Lake,https://migratemate.co/companies-hiring/saginaw-valley-state-university; https://migratemate.co/companies-hiring/mcneese-state-university
coursecompletor.com,coursecompletor.com,LOCAL_REVIEW_CENTER,LOCAL_CAMPUS_TUTORING,2,YES,NO,UNKNOWN,,,,,NO,MEDIUM,East Texas A&M University; Texas A&M University-Commerce,https://coursecompletor.com/east-texas-am-help
tutorz.com,tutorz.com,LOCAL_REVIEW_CENTER,LOCAL_CAMPUS_TUTORING,2,YES,NO,UNKNOWN,,,,,NO,MEDIUM,University of Montana; Idaho State University,https://www.tutorz.com/find-me-a-tutor/state/montana; https://www.tutorz.com/find-me-a-tutor/state/idaho
standyou.com,standyou.com,LOCAL_REVIEW_CENTER,LOCAL_CAMPUS_TUTORING,2,YES,NO,UNKNOWN,,,,,NO,MEDIUM,Indiana University East; University of Mount Olive,https://www.standyou.com/study-abroad/indiana-university-east-usa/; https://www.standyou.com/study-abroad/university-of-mount-olive-usa/
career.io,career.io,LOCAL_REVIEW_CENTER,LOCAL_CAMPUS_TUTORING,2,YES,NO,UNKNOWN,,,,,NO,MEDIUM,Morehouse College; Lansing Community College,https://career.io/job/accounting-and-finance-tutor-atlanta-morehouse-college-portal-6188e0922bd4e9eb3f5b93ea6c3c6fa2; https://career.io/job/student-employee-peer-tutor-lansing-lcc-78ce289dfcef58164294e52bbceece16
american-school-search.com,american-school-search.com,LOCAL_REVIEW_CENTER,LOCAL_CAMPUS_TUTORING,2,YES,NO,UNKNOWN,,,,,NO,MEDIUM,SUNY College at Oneonta; Anderson University IN,https://american-school-search.com/review/suny-college-at-oneonta; https://american-school-search.com/review/anderson-university-south-carolina
theeduledger.com,theeduledger.com,LOCAL_REVIEW_CENTER,LOCAL_CAMPUS_TUTORING,2,YES,NO,UNKNOWN,,,,,NO,MEDIUM,Adelphi University Garden; Grambling State University,https://jobs.theeduledger.com/company/adelphi-university-289920/job/staff-accountant-in-garden-city-ny-yeuaqqlo55rvd4e70gjiu5bs23k6bf/; https://www.theeduledger.com/students/article/15077010/un-favor-able-times-at-grambling
collegeraptor.com,collegeraptor.com,LOCAL_REVIEW_CENTER,LOCAL_CAMPUS_TUTORING,2,YES,NO,UNKNOWN,,,,,NO,MEDIUM,University of New Haven West; University of St. Thomas-TX,https://www.collegeraptor.com/colleges/social-media/University-of-New-Haven-CT--129941; https://www.collegeraptor.com/colleges/social-media/University-of-St-Thomas-TX--227863
eduopinions.com,eduopinions.com,LOCAL_REVIEW_CENTER,LOCAL_CAMPUS_TUTORING,2,YES,NO,UNKNOWN,,,,,NO,MEDIUM,St. Mary's University San; University of Hawaii at Hilo,"https://www.eduopinions.com/view-comparison/?universities=4908,3261,3859,7641,625,2502,2653; https://www.eduopinions.com/view-comparison/?university=625,2334,2858,3859,4013,4054,7641"
inuplands.org,inuplands.org,LOCAL_REVIEW_CENTER,LOCAL_CAMPUS_TUTORING,2,YES,NO,UNKNOWN,,,,,NO,MEDIUM,Ivy Technical Community College Kokomo S In Ivy Technical Community College Lafayette; Ivy Tech Community College,https://jobs.inuplands.org/companies/ivy-tech-community-college-2/jobs/59300162-tutor-math
bold.pro,bold.pro,LOCAL_REVIEW_CENTER,LOCAL_CAMPUS_TUTORING,2,YES,NO,UNKNOWN,,,,,NO,MEDIUM,Delaware State University; University of the Pacific,https://us.bold.pro/my/destiny-stewart-240807173910; https://ca.bold.pro/my/quocphu-truong
mathhelp.com,mathhelp.com,LOCAL_REVIEW_CENTER,LOCAL_CAMPUS_TUTORING,2,YES,NO,UNKNOWN,,,YES,,NO,MEDIUM,Harrisburg Area Community College; Chabot College,https://www.mathhelp.com/colleges/harrisburg-area-community-college/; https://www.mathhelp.com/colleges/chabot-college/
knoxtech.org,knoxtech.org,LOCAL_REVIEW_CENTER,LOCAL_CAMPUS_TUTORING,1,YES,NO,UNKNOWN,,,,,NO,MEDIUM,"University of Tennessee, Knoxville",https://jobs.knoxtech.org/companies/university-of-tennessee-college/jobs/90720089-accounting-manager-social-work-research-public-service-utk
cfmnetwork.com,cfmnetwork.com,LOCAL_REVIEW_CENTER,LOCAL_CAMPUS_TUTORING,1,YES,NO,UNKNOWN,,,,,NO,MEDIUM,Auburn University,https://auburnpub.cfmnetwork.com/B.aspx?BookId=12295&PageId=460701
wrbl.com,wrbl.com,LOCAL_REVIEW_CENTER,LOCAL_CAMPUS_TUTORING,1,YES,NO,UNKNOWN,,,,,NO,MEDIUM,Auburn University,https://www.wrbl.com/news/auburn-university-accounting-professor-says-there-are-covid-19-tax-issues-this-year/
wiingy.com,wiingy.com,LOCAL_REVIEW_CENTER,LOCAL_CAMPUS_TUTORING,1,YES,NO,UNKNOWN,,,YES,,NO,MEDIUM,University of Houston,https://wiingy.com/accounting-tutor/houston-tx/
acct2331.com,acct2331.com,COURSE_SPECIFIC_TUTORING_PLATFORM,COURSE_SPECIFIC_SITE,1,YES,YES,UNKNOWN,YES,,,YES,NO,HIGH,University of Houston,https://acct2331.com/
rcsoup.com,rcsoup.com,LOCAL_REVIEW_CENTER,LOCAL_CAMPUS_TUTORING,1,YES,NO,UNKNOWN,,,,,NO,MEDIUM,University of Arkansas,https://www.rcsoup.com/campaign/acct-2013-practice-set-problem
acis2115.com,acis2115.com,LOCAL_REVIEW_CENTER,LOCAL_CAMPUS_TUTORING,1,YES,NO,UNKNOWN,,YES,YES,,NO,MEDIUM,Virginia Poly Inst & St Un,http://acis2115.com/exam-review
augusoft.net,augusoft.net,LOCAL_REVIEW_CENTER,LOCAL_CAMPUS_TUTORING,1,YES,NO,UNKNOWN,,,YES,,NO,MEDIUM,Liberty University,https://liberty.augusoft.net/connect/ClassInfo/ClassInformation?int_class_id=1491
giftplans.org,giftplans.org,LOCAL_REVIEW_CENTER,LOCAL_CAMPUS_TUTORING,1,YES,NO,UNKNOWN,,,,,NO,MEDIUM,University of Houston - Downtown,https://uhd.giftplans.org/
theappalachianonline.com,theappalachianonline.com,LOCAL_REVIEW_CENTER,LOCAL_CAMPUS_TUTORING,1,YES,NO,UNKNOWN,,,,,NO,MEDIUM,Appalachian State Univ,https://theappalachianonline.com/academic-resources-for-app-state-students/
poetsandquants.com,poetsandquants.com,LOCAL_REVIEW_CENTER,LOCAL_CAMPUS_TUTORING,1,YES,NO,UNKNOWN,,,YES,,NO,MEDIUM,Indiana University,https://poetsandquants.com/specialized-master/indiana-universitys-kelley-school-of-business-ms-in-accounting/
withum.com,withum.com,LOCAL_REVIEW_CENTER,LOCAL_CAMPUS_TUTORING,1,YES,NO,UNKNOWN,,,,,NO,MEDIUM,Univ of Central Florida,https://www.withum.com/resources/withum-supports-university-of-central-florida-accounting-scholarship/
learnworlds.com,learnworlds.com,LOCAL_REVIEW_CENTER,LOCAL_CAMPUS_TUTORING,1,YES,NO,UNKNOWN,,,,,NO,MEDIUM,University of Mississippi,https://surviveaccy.learnworlds.com/
groupme.com,groupme.com,LOCAL_REVIEW_CENTER,LOCAL_CAMPUS_TUTORING,1,YES,NO,UNKNOWN,,,,,NO,MEDIUM,University of Mississippi,https://groupme.com/join_group/102870235/CIFsGTe6
olemisssports.com,olemisssports.com,LOCAL_REVIEW_CENTER,LOCAL_CAMPUS_TUTORING,1,YES,NO,UNKNOWN,,,,,NO,MEDIUM,University of Mississippi,https://olemisssports.com/sports/2018/7/20/sports-acad-support-spec-rel-academic-tutoring-html
crambetter.com,crambetter.com,LOCAL_REVIEW_CENTER,LOCAL_CAMPUS_TUTORING,1,YES,NO,UNKNOWN,,,,,NO,MEDIUM,University of South Florida,https://crambetter.com/usf/
blackbaud.com,blackbaud.com,LOCAL_REVIEW_CENTER,LOCAL_CAMPUS_TUTORING,1,YES,NO,UNKNOWN,,,,,NO,MEDIUM,University of South Florida,https://www.blackbaud.com/customer-stories/university-of-south-florida-foundation
aplustutoring.ws,aplustutoring.ws,LOCAL_REVIEW_CENTER,LOCAL_CAMPUS_TUTORING,1,YES,NO,UNKNOWN,,,,,NO,MEDIUM,Texas A&M University Coll,https://www.aplustutoring.ws/courses/accountingTutoring.php
merithub.com,merithub.com,LOCAL_REVIEW_CENTER,LOCAL_CAMPUS_TUTORING,1,YES,NO,UNKNOWN,,,,,NO,MEDIUM,San Diego State University,https://merithub.com/a-review
palosanto.com,palosanto.com,LOCAL_REVIEW_CENTER,LOCAL_CAMPUS_TUTORING,1,YES,NO,UNKNOWN,,,,,NO,MEDIUM,"University of Nevada, Las Vegas",https://srv3.palosanto.com/reference/SiZiJe6FE125/Unlv_Accounting_Competency-Exam
urbansitter.com,urbansitter.com,LOCAL_REVIEW_CENTER,LOCAL_CAMPUS_TUTORING,1,YES,NO,UNKNOWN,,,,,NO,MEDIUM,San Jose State University San,https://www.urbansitter.com/college-nannies-and-sitters/san-jose-state-university?page=2
msmunify.com,msmunify.com,LOCAL_REVIEW_CENTER,LOCAL_CAMPUS_TUTORING,1,YES,NO,UNKNOWN,,,YES,,NO,MEDIUM,San Jose State University San,https://www.msmunify.com/course/usa/san-jose-state-university/master-of-science-ms-accountancy/129102/
com.ph,com.ph,LOCAL_REVIEW_CENTER,LOCAL_CAMPUS_TUTORING,1,YES,NO,UNKNOWN,,,,,NO,MEDIUM,Univ of Nebraska-Lincoln,https://www.superprof.com.ph/phd-from-faculty-economy-university-tirana-mba-from-university-nebraska-lincoln.html
gyanbooks.com,gyanbooks.com,LOCAL_REVIEW_CENTER,LOCAL_CAMPUS_TUTORING,1,YES,NO,UNKNOWN,,,,,NO,MEDIUM,George Mason University,https://gyanbooks.com/index.php?p=sr&format=fullpage&Field=bookcode&String=1111040401846&Book=Study%20Guide%20to%20Accompany%20Survey%20of%20Accounting%20(School%20of%20Management%20George%20Mason%20Universit...
careerherd.com,careerherd.com,LOCAL_REVIEW_CENTER,LOCAL_CAMPUS_TUTORING,1,YES,NO,UNKNOWN,,,,,NO,MEDIUM,North Carolina State University,https://www.careerherd.com/accredited-online-accounting-degrees-north-carolina/
acct201wvu.com,acct201wvu.com,COURSE_SPECIFIC_TUTORING_PLATFORM,COURSE_SPECIFIC_SITE,1,YES,YES,UNKNOWN,YES,,,,NO,HIGH,Montclair State University,https://acct201wvu.com/resources/pv1
edumaritime.net,edumaritime.net,LOCAL_REVIEW_CENTER,LOCAL_CAMPUS_TUTORING,1,YES,NO,UNKNOWN,,,,,NO,MEDIUM,Texas Christian University Fort,https://www.edumaritime.net/texas/texas-christian-university-fort-worth
cfala.org,cfala.org,LOCAL_REVIEW_CENTER,LOCAL_CAMPUS_TUTORING,1,YES,NO,UNKNOWN,,YES,,,NO,MEDIUM,University of Southern California,https://www.cfala.org/files/public/Sp09CFAreview.pdf
georgiatrend.com,georgiatrend.com,LOCAL_REVIEW_CENTER,LOCAL_CAMPUS_TUTORING,1,YES,NO,UNKNOWN,,,,,NO,MEDIUM,Georgia Southern University,https://www.georgiatrend.com/2022/04/28/georgia-southern-universitys-master-of-accounting-program-gives-students-a-springboard-to-success/
bentley-vanguard.org,bentley-vanguard.org,LOCAL_REVIEW_CENTER,LOCAL_CAMPUS_TUTORING,1,YES,NO,UNKNOWN,,,,,NO,MEDIUM,Bentley University,https://bentley-vanguard.org/627/news/bentleys-peer-tutoring-program/
lga.cpa,lga.cpa,LOCAL_REVIEW_CENTER,LOCAL_CAMPUS_TUTORING,1,YES,NO,UNKNOWN,,,YES,,NO,MEDIUM,Bentley University,https://www.lga.cpa/why-lga/firm-news/lga-partners-with-bentley-university-to-empower-our-team-with-advanced-career-development-opportunities/
richmondbizsense.com,richmondbizsense.com,LOCAL_REVIEW_CENTER,LOCAL_CAMPUS_TUTORING,1,YES,NO,UNKNOWN,,,,,NO,MEDIUM,Valencia College,https://ftp.richmondbizsense.com/filedownload.ashx/mL2E4D/601368/Valencia%20Pert%20Study%20Guide.pdf
acc2361.com,acc2361.com,STUDY_EDGE_MODEL,COURSE_SPECIFIC_SITE,1,YES,YES,UNKNOWN,YES,YES,,,NO,HIGH,Texas State University,https://acc2361.com/
studee.com,studee.com,LOCAL_REVIEW_CENTER,LOCAL_CAMPUS_TUTORING,1,YES,NO,UNKNOWN,,,,,NO,MEDIUM,University of Utah Salt Lake,https://studee.com/degree/usa/uni/university-of-utah
aralia.com,aralia.com,LOCAL_REVIEW_CENTER,LOCAL_CAMPUS_TUTORING,1,YES,NO,UNKNOWN,,,,,NO,MEDIUM,University of Notre Dame Notre,https://www.aralia.com/helpful-information/notre-dame-summer-scholars/
themiamihurricane.com,themiamihurricane.com,LOCAL_REVIEW_CENTER,LOCAL_CAMPUS_TUTORING,1,YES,NO,UNKNOWN,,,,,NO,MEDIUM,University of Miami Coral,https://themiamihurricane.com/2025/02/06/make-your-moneys-worth-with-these-campus-resources/
unicatt.it,unicatt.it,LOCAL_REVIEW_CENTER,LOCAL_CAMPUS_TUTORING,1,YES,NO,UNKNOWN,,,,,NO,MEDIUM,University of Miami Coral,https://studenticattolica.unicatt.it/US_University%20of%20Miami_Exchange%20Student%20Handbook_25-26.pdf
cob241.com,cob241.com,STUDY_EDGE_MODEL,COURSE_SPECIFIC_SITE,1,YES,YES,UNKNOWN,YES,YES,,,NO,HIGH,James Madison University,https://cob241.com/
tutorax.com,tutorax.com,LOCAL_REVIEW_CENTER,LOCAL_CAMPUS_TUTORING,1,YES,NO,UNKNOWN,,,,,NO,MEDIUM,University of Miami,https://tutorax.com/blogue/en/10-best-tutors-in-miami-fl-tutoring-near-me/
miamiherald.com,miamiherald.com,LOCAL_REVIEW_CENTER,LOCAL_CAMPUS_TUTORING,1,YES,NO,UNKNOWN,,,,,NO,MEDIUM,University of Miami,https://www.miamiherald.com/careers-education/what-is-the-cpa-exam/
equipmentcity.net,equipmentcity.net,LOCAL_REVIEW_CENTER,LOCAL_CAMPUS_TUTORING,1,YES,NO,UNKNOWN,,,,,NO,MEDIUM,University of Miami,https://ftp.equipmentcity.net/default.aspx/u11CG5/242143/acc__211-final_exam.pdf
uicflames.com,uicflames.com,LOCAL_REVIEW_CENTER,LOCAL_CAMPUS_TUTORING,1,YES,NO,UNKNOWN,,,,,NO,MEDIUM,University of Illinois Chicago,https://uicflames.com/sports/2020/10/26/tutoring-and-study-hall-services
bowietutoring.com,bowietutoring.com,LOCAL_REVIEW_CENTER,LOCAL_CAMPUS_TUTORING,1,YES,NO,UNKNOWN,,,,,NO,MEDIUM,University of Memphis,https://bowietutoring.com/
prosple.com,prosple.com,LOCAL_REVIEW_CENTER,LOCAL_CAMPUS_TUTORING,1,YES,NO,UNKNOWN,,,,,NO,MEDIUM,Chapman University,https://prosple.com/graduate-employers/chapman-university/jobs-internships/graduate-tutormentor
uwca.org,uwca.org,LOCAL_REVIEW_CENTER,LOCAL_CAMPUS_TUTORING,1,YES,NO,UNKNOWN,,,,,NO,MEDIUM,Uof Alabama at Birmingham,https://www.uwca.org/college-tutors-are-helping-birmingham-students-build-stronger-foundations-for-the-future/
uabsports.com,uabsports.com,LOCAL_REVIEW_CENTER,LOCAL_CAMPUS_TUTORING,1,YES,NO,UNKNOWN,,,,,NO,MEDIUM,Uof Alabama at Birmingham,https://uabsports.com/form/5
mydigitalpublication.com,mydigitalpublication.com,LOCAL_REVIEW_CENTER,LOCAL_CAMPUS_TUTORING,1,YES,NO,UNKNOWN,,,,,NO,MEDIUM,University of Dayton,https://www.mydigitalpublication.com/article/A+beautiful+encounter/3782020/675865/article.html
rowanblog.com,rowanblog.com,LOCAL_REVIEW_CENTER,LOCAL_CAMPUS_TUTORING,1,YES,NO,UNKNOWN,,,,,NO,MEDIUM,Rowan University,https://rowanblog.com/tag/tutoring-center/
pwnhero.com,pwnhero.com,LOCAL_REVIEW_CENTER,LOCAL_CAMPUS_TUTORING,1,YES,NO,UNKNOWN,,YES,,,NO,MEDIUM,Rowan University,https://pwnhero.com/resources/exam-bank/rowan-university-rowan/principles-of-accounting-i-acc-03210
caddellprep.com,caddellprep.com,LOCAL_REVIEW_CENTER,LOCAL_CAMPUS_TUTORING,1,YES,NO,UNKNOWN,,,,,NO,MEDIUM,"University of Nevada, Reno",https://caddellprep.com/colleges/accounting/nevada/
ratemyhusky.com,ratemyhusky.com,LOCAL_REVIEW_CENTER,LOCAL_CAMPUS_TUTORING,1,YES,NO,UNKNOWN,,,YES,,NO,MEDIUM,Northeastern University,https://ratemyhusky.com/professors/solomon-opare
aatbs.com,aatbs.com,LOCAL_REVIEW_CENTER,LOCAL_CAMPUS_TUTORING,1,YES,NO,UNKNOWN,,YES,,,NO,MEDIUM,The University of Texas Rio Grande Valley,https://www.aatbs.com/university-of-texas-rio-grande-valley-year-1-exams-and-study-volumes?srsltid=AfmBOop2sYarS9LkkhxK0e_oCd8Bp9z8ddTuYc8zISTGbjR_r4JEFG2F
oceandiscoveryinstitute.org,oceandiscoveryinstitute.org,LOCAL_REVIEW_CENTER,LOCAL_CAMPUS_TUTORING,1,YES,NO,UNKNOWN,,YES,,,NO,MEDIUM,University of San Diego San,https://oceandiscoveryinstitute.org/wp-content/uploads/2019/07/Entire_Career_Guide-OCR.pdf
studyfetch.com,studyfetch.com,LOCAL_REVIEW_CENTER,LOCAL_CAMPUS_TUTORING,1,YES,NO,UNKNOWN,,,,,NO,MEDIUM,Oakland University,https://www.studyfetch.com/tutor-near-school/US/oakland-university
studyknight.com,studyknight.com,STUDY_EDGE_MODEL,COURSE_SPECIFIC_SITE,1,YES,YES,UNKNOWN,YES,YES,YES,,NO,HIGH,University of North Florida,https://www.studyknight.com/ACG2021
hercjobs.org,hercjobs.org,LOCAL_REVIEW_CENTER,LOCAL_CAMPUS_TUTORING,1,YES,NO,UNKNOWN,,,,,NO,MEDIUM,University of North Carolina at Greensboro,https://main.hercjobs.org/jobs/21660665/assistant-director-for-tutoring-services
ncnewsline.com,ncnewsline.com,LOCAL_REVIEW_CENTER,LOCAL_CAMPUS_TUTORING,1,YES,NO,UNKNOWN,,,,,NO,MEDIUM,University of North Carolina at Greensboro,https://ncnewsline.com/2023/10/16/monday-numbers-budget-challenges-and-potential-solutions-at-uncg/
vhx.tv,vhx.tv,STUDY_EDGE_MODEL,COURSE_SPECIFIC_SITE,1,YES,YES,UNKNOWN,YES,,YES,,NO,HIGH,Texas A&M University,https://atmacct229.vhx.tv/videos/acct-229-exam-2-review-part-1-inventory
chattanoogaafwa.com,chattanoogaafwa.com,LOCAL_REVIEW_CENTER,LOCAL_CAMPUS_TUTORING,1,YES,NO,UNKNOWN,,,YES,,NO,MEDIUM,Tennessee at Chattanooga,https://chattanoogaafwa.com/meetinginfo.php?id=12&ts=1518638322
northernstar.info,northernstar.info,LOCAL_REVIEW_CENTER,LOCAL_CAMPUS_TUTORING,1,YES,NO,UNKNOWN,,,,,NO,MEDIUM,Northern Illinois Univ,https://northernstar.info/7320/news/city/cpa-review-course-helps-students-pass-tough-exam/
acct23020.com,acct23020.com,STUDY_EDGE_MODEL,COURSE_SPECIFIC_SITE,1,YES,YES,UNKNOWN,YES,YES,,,NO,HIGH,Kent State University,https://acct23020.com/topics/time-value
smudailycampus.com,smudailycampus.com,LOCAL_REVIEW_CENTER,LOCAL_CAMPUS_TUTORING,1,YES,NO,UNKNOWN,,,,,NO,MEDIUM,Southern Methodist University,https://smudailycampus.com/1038505/news/smu-students-have-mixed-feelings-about-using-a-lec/
a2c2.org,a2c2.org,COURSE_SPECIFIC_TUTORING_PLATFORM,COURSE_SPECIFIC_SITE,1,YES,YES,UNKNOWN,,,,,NO,MEDIUM,Elon University,https://acc2010.a2c2.org/TutorialSessions.html
unirank.org,unirank.org,LOCAL_REVIEW_CENTER,LOCAL_CAMPUS_TUTORING,1,YES,NO,UNKNOWN,YES,,,,NO,MEDIUM,Elon University,https://www.unirank.org/us/uni/elon-university/youtube/
booksamillion.com,booksamillion.com,LOCAL_REVIEW_CENTER,LOCAL_CAMPUS_TUTORING,1,YES,NO,UNKNOWN,,,,,NO,MEDIUM,Towson University,https://www.booksamillion.com/product/A15192721506?id=9839579588157
commonwealthtutoring.org,commonwealthtutoring.org,LOCAL_REVIEW_CENTER,LOCAL_CAMPUS_TUTORING,1,YES,NO,UNKNOWN,,,,,NO,MEDIUM,Virginia Commonwealth,https://commonwealthtutoring.org/hello-world/
virginia-accountants.org,virginia-accountants.org,LOCAL_REVIEW_CENTER,LOCAL_CAMPUS_TUTORING,1,YES,NO,UNKNOWN,,YES,YES,,NO,MEDIUM,Virginia Commonwealth,https://virginia-accountants.org/event-482486
winnexus.org,winnexus.org,LOCAL_REVIEW_CENTER,LOCAL_CAMPUS_TUTORING,1,YES,NO,UNKNOWN,,,,,NO,MEDIUM,Virginia Commonwealth,https://winnexus.org/how-to-enroll/virginia-commonwealth-university-registration-and-course-completion-procedures/
success4lifetutoring.com,success4lifetutoring.com,LOCAL_REVIEW_CENTER,LOCAL_CAMPUS_TUTORING,1,YES,NO,UNKNOWN,,,,,NO,MEDIUM,Univ of Colorado at Denver,https://www.success4lifetutoring.com/co-success4life-tutors
aspeninstitute.org,aspeninstitute.org,LOCAL_REVIEW_CENTER,LOCAL_CAMPUS_TUTORING,1,YES,NO,UNKNOWN,,,,,NO,MEDIUM,Univ of Colorado at Denver,https://www.aspeninstitute.org/wp-content/uploads/2024/07/BUSN6870SyllabusSummer2018.pdf
oxfordinternational.com,oxfordinternational.com,LOCAL_REVIEW_CENTER,LOCAL_CAMPUS_TUTORING,1,YES,NO,UNKNOWN,,,,,NO,MEDIUM,University of Louisville,https://www.oxfordinternational.com/partner/university-of-louisville/
highperformancetutoring.com,highperformancetutoring.com,LOCAL_REVIEW_CENTER,LOCAL_CAMPUS_TUTORING,1,YES,NO,UNKNOWN,,,,,NO,MEDIUM,University of Denver,https://www.highperformancetutoring.com/denver/tutors-in-denver/
wilmingtonbiz.com,wilmingtonbiz.com,LOCAL_REVIEW_CENTER,LOCAL_CAMPUS_TUTORING,1,YES,NO,UNKNOWN,,,,,NO,MEDIUM,North Carolina Wilmington,https://www.wilmingtonbiz.com/insights/robert__burrus/to_be_an_accountant_or_not_to_be_an_accountant%E2%80%A6unfortunately_that_is_the_question!/3936
bankofamerica.com,bankofamerica.com,LOCAL_REVIEW_CENTER,LOCAL_CAMPUS_TUTORING,1,YES,NO,UNKNOWN,,,,,NO,MEDIUM,North Carolina Wilmington,https://locators.bankofamerica.com/nc/wilmington/financial-centers-wilmington-9404.html
t2bbsolutions.com,t2bbsolutions.com,LOCAL_REVIEW_CENTER,LOCAL_CAMPUS_TUTORING,1,YES,NO,UNKNOWN,,,,,NO,MEDIUM,North Carolina Wilmington,https://t2bbsolutions.com/blog/2023/03/18/accounting-solutions-in-wilmington-nc-and-surrounding-areas-what-you-need-to-know/
jooble.org,jooble.org,LOCAL_REVIEW_CENTER,LOCAL_CAMPUS_TUTORING,1,YES,NO,UNKNOWN,,,,,NO,MEDIUM,Syracuse University,https://jooble.org/jobs-accounting-tutor/Syracuse%2C-NY
mgmt30a.com,mgmt30a.com,STUDY_EDGE_MODEL,COURSE_SPECIFIC_SITE,1,YES,YES,YES,YES,YES,,YES,NO,HIGH,"Univ of Calif, Irvine",https://mgmt30a.com/
accountinguci.com,accountinguci.com,LOCAL_REVIEW_CENTER,LOCAL_CAMPUS_TUTORING,1,YES,NO,UNKNOWN,,,,,NO,MEDIUM,"Univ of Calif, Irvine",https://www.accountinguci.com/community.html
uhclaa.org,uhclaa.org,LOCAL_REVIEW_CENTER,LOCAL_CAMPUS_TUTORING,1,YES,NO,UNKNOWN,,,,,NO,MEDIUM,University of Houston - Clear Lake,https://www.uhclaa.org/
uni4edu.com,uni4edu.com,LOCAL_REVIEW_CENTER,LOCAL_CAMPUS_TUTORING,1,YES,NO,UNKNOWN,,,,,NO,MEDIUM,University of Toledo,https://www.uni4edu.com/university/university-of-toledo/programs/accounting-4
mywconline.com,mywconline.com,LOCAL_REVIEW_CENTER,LOCAL_CAMPUS_TUTORING,1,YES,NO,UNKNOWN,,,,,NO,MEDIUM,Troy University,https://troy.mywconline.com/
troyuniversityjobs.com,troyuniversityjobs.com,LOCAL_REVIEW_CENTER,LOCAL_CAMPUS_TUTORING,1,YES,NO,UNKNOWN,,,,,NO,MEDIUM,Troy University,https://www.troyuniversityjobs.com/postings/46797
pcdn.co,pcdn.co,LOCAL_REVIEW_CENTER,LOCAL_CAMPUS_TUTORING,1,YES,NO,UNKNOWN,,,,,NO,MEDIUM,Northwood University,https://s45498.pcdn.co/wp-content/uploads/2023/11/2020-2021-academic-catalog.pdf
boredofstudies.org,boredofstudies.org,LOCAL_REVIEW_CENTER,LOCAL_CAMPUS_TUTORING,1,YES,NO,UNKNOWN,,,,,NO,MEDIUM,Georgetown University,https://boredofstudies.org/threads/acct-1001-mid-semester-exam.68117/
thetab.com,thetab.com,LOCAL_REVIEW_CENTER,LOCAL_CAMPUS_TUTORING,1,YES,NO,UNKNOWN,,,,,NO,MEDIUM,Georgetown University,https://archive.thetab.com/us/georgetown/2016/03/22/outcome-tutoring-2361
tutors101.com,tutors101.com,LOCAL_REVIEW_CENTER,LOCAL_CAMPUS_TUTORING,1,YES,NO,UNKNOWN,,,,,NO,MEDIUM,The College of New Jersey,https://tutors101.com/new-jersey/tutor-bios/
ahhowland.com,ahhowland.com,LOCAL_REVIEW_CENTER,LOCAL_CAMPUS_TUTORING,1,YES,NO,UNKNOWN,,YES,YES,,NO,MEDIUM,Ohio University,https://www.ahhowland.com/lifestyle/final-exam-review-sheet-ohio-university
ohiouniversityjobs.com,ohiouniversityjobs.com,LOCAL_REVIEW_CENTER,LOCAL_CAMPUS_TUTORING,1,YES,NO,UNKNOWN,,,,,NO,MEDIUM,Ohio University,https://www.ohiouniversityjobs.com/postings/search?1228%5B%5D=1&commit=Search&query_position_type_id%5B%5D=4&sort=226+asc&utf8=%E2%9C%93
parliamenttutors.com,parliamenttutors.com,LOCAL_REVIEW_CENTER,LOCAL_CAMPUS_TUTORING,1,YES,NO,UNKNOWN,,,,,NO,MEDIUM,University of Richmond,https://parliamenttutors.com/locations/VA/Richmond
ysusports.com,ysusports.com,LOCAL_REVIEW_CENTER,LOCAL_CAMPUS_TUTORING,1,YES,NO,UNKNOWN,,,,,NO,MEDIUM,Youngstown State University,https://ysusports.com/sports/2022/3/10/information-academics-academic-advising
indianagazette.com,indianagazette.com,LOCAL_REVIEW_CENTER,LOCAL_CAMPUS_TUTORING,1,YES,NO,UNKNOWN,,,,,NO,MEDIUM,Indiana University of Pennsylvania,https://www.indianagazette.com/news/global-accrediting-body-extends-iup-business-and-accounting-accreditation/article_89a54ae8-9b8d-4e36-a6fa-b50c67e0d4f9.html
quantnet.com,quantnet.com,LOCAL_REVIEW_CENTER,LOCAL_CAMPUS_TUTORING,1,YES,NO,UNKNOWN,,,,,NO,MEDIUM,George Washington University,https://quantnet.com/threads/review-of-george-washington-university-master-in-finance-program.9956/
krqe.com,krqe.com,LOCAL_REVIEW_CENTER,LOCAL_CAMPUS_TUTORING,1,YES,NO,UNKNOWN,,,,,NO,MEDIUM,University of New Mexico Albuquerque F,https://www.krqe.com/news/unm-tutoring-center-earns-national-recognition/
big4accountingfirms.org,big4accountingfirms.org,LOCAL_REVIEW_CENTER,LOCAL_CAMPUS_TUTORING,1,YES,NO,UNKNOWN,,,,,NO,MEDIUM,University of South Dakota,https://big4accountingfirms.org/schools/south-dakota/
healthresearch.org,healthresearch.org,LOCAL_REVIEW_CENTER,LOCAL_CAMPUS_TUTORING,1,YES,NO,UNKNOWN,,,,,NO,MEDIUM,University of North Carolina Chapel,https://lists.healthresearch.org/resadm-l/msg/17267310/
feedbackfruits.com,feedbackfruits.com,LOCAL_REVIEW_CENTER,LOCAL_CAMPUS_TUTORING,1,YES,NO,UNKNOWN,,,,,NO,MEDIUM,University of Wisconsin–Oshkosh,https://feedbackfruits.com/use-case/interactive-by-design-driving-student-engagement-at-uw-oshkosh
startup.jobs,startup.jobs,LOCAL_REVIEW_CENTER,LOCAL_CAMPUS_TUTORING,1,YES,NO,UNKNOWN,,,,,NO,MEDIUM,Suffolk University,https://startup.jobs/professional-tutor-for-mba-finance-division-of-student-success-suffolk-2887294
goelite.com,goelite.com,LOCAL_REVIEW_CENTER,LOCAL_CAMPUS_TUTORING,1,YES,NO,UNKNOWN,,,,,NO,MEDIUM,University of The Cumberlands,https://goelite.com/universities/university-of-cumberlands/rating
com.na,com.na,LOCAL_REVIEW_CENTER,LOCAL_CAMPUS_TUTORING,1,YES,NO,UNKNOWN,,,,,NO,MEDIUM,North Dakota State University,https://www.superprof.com.na/accounting-student-north-dakota-state-university-with-public-accounting-internship-experience-enjoy-helping-students-understand.html
weberstatesports.com,weberstatesports.com,LOCAL_REVIEW_CENTER,LOCAL_CAMPUS_TUTORING,1,YES,NO,UNKNOWN,,,,,NO,MEDIUM,Weber State University,https://weberstatesports.com/sports/2012/2/25/205386330
news-journal.com,news-journal.com,LOCAL_REVIEW_CENTER,LOCAL_CAMPUS_TUTORING,1,YES,NO,UNKNOWN,,,,,NO,MEDIUM,University of North Texas at Dallas,https://news-journal.com/2019/09/07/university-of-north-texas-dallas-opens-63m-student-center/
thelensnola.org,thelensnola.org,LOCAL_REVIEW_CENTER,LOCAL_CAMPUS_TUTORING,1,YES,NO,UNKNOWN,,,,,NO,MEDIUM,University of New Orleans New,https://thelensnola.org/wp-content/uploads/2013/04/LyceeBoardAppResumesRound2.pdf
hakia.com,hakia.com,LOCAL_REVIEW_CENTER,LOCAL_CAMPUS_TUTORING,1,YES,NO,UNKNOWN,,,,,NO,MEDIUM,Uof Alabama in Huntsville,https://hakia.com/degrees/information-technology/alabama/
criminaljusticedegreeschools.com,criminaljusticedegreeschools.com,LOCAL_REVIEW_CENTER,LOCAL_CAMPUS_TUTORING,1,YES,NO,UNKNOWN,,,,,NO,MEDIUM,University of North Dakota Grand,https://www.criminaljusticedegreeschools.com/degree-by-state/north-dakota/
usishield.com,usishield.com,LOCAL_REVIEW_CENTER,LOCAL_CAMPUS_TUTORING,1,YES,NO,UNKNOWN,,,,,NO,MEDIUM,University of Southern Indiana,https://usishield.com/30075/news/university-scores-in-top-5-nationally-in-accounting-exam/
sanangelolive.com,sanangelolive.com,LOCAL_REVIEW_CENTER,LOCAL_CAMPUS_TUTORING,1,YES,NO,UNKNOWN,,,,,NO,MEDIUM,Angelo State University,https://sanangelolive.com/news/education/2022-08-09/angelo-state-university-tutoring-program-successfully-helps-abused-children-reach-goals
acct2050.com,acct2050.com,COURSE_SPECIFIC_TUTORING_PLATFORM,COURSE_SPECIFIC_SITE,1,YES,YES,YES,YES,,,,NO,HIGH,University of Minnesota,https://acct2050.com/
mncpa.org,mncpa.org,LOCAL_REVIEW_CENTER,LOCAL_CAMPUS_TUTORING,1,YES,NO,UNKNOWN,,,YES,,NO,MEDIUM,University of Minnesota,https://www.mncpa.org/becoming-a-cpa/education-requirements/mn-accounting-programs/
louisiana.cpa,louisiana.cpa,LOCAL_REVIEW_CENTER,LOCAL_CAMPUS_TUTORING,1,YES,NO,UNKNOWN,,,YES,,NO,MEDIUM,Louisiana State University Alexandria,https://www.louisiana.cpa/colleges
tylerpaper.com,tylerpaper.com,LOCAL_REVIEW_CENTER,LOCAL_CAMPUS_TUTORING,1,YES,NO,UNKNOWN,,,,,NO,MEDIUM,Univ of Texas at Tyler,https://tylerpaper.com/2015/11/30/ut-tyler-students-find-help-at-tutoring-center/
gilmermirror.com,gilmermirror.com,LOCAL_REVIEW_CENTER,LOCAL_CAMPUS_TUTORING,1,YES,NO,UNKNOWN,,,,,NO,MEDIUM,Univ of Texas at Tyler,https://www.gilmermirror.com/2026/01/15/ut-tyler-celebrates-performance-excellence-on-cpa-exam/
yahoo.com,yahoo.com,LOCAL_REVIEW_CENTER,LOCAL_CAMPUS_TUTORING,1,YES,NO,UNKNOWN,,,,,NO,MEDIUM,Univ of Texas at Tyler,https://finance.yahoo.com/news/ut-tyler-accounting-students-excel-045900878.html
simplestudies.org,simplestudies.org,LOCAL_REVIEW_CENTER,LOCAL_CAMPUS_TUTORING,1,YES,NO,UNKNOWN,,,YES,,NO,MEDIUM,University of Pennsylvania,https://www.simplestudies.org/studyguides/upenn
ust.space,ust.space,COURSE_SPECIFIC_TUTORING_PLATFORM,COURSE_SPECIFIC_SITE,1,YES,YES,UNKNOWN,,,,,NO,MEDIUM,University of Pennsylvania,https://ust.space/review/ACCT1010
jbhe.com,jbhe.com,LOCAL_REVIEW_CENTER,LOCAL_CAMPUS_TUTORING,1,YES,NO,UNKNOWN,,,,,NO,MEDIUM,Texas Southern University,https://jbhe.com/2025/11/texas-governor-calls-for-investigation-into-texas-southern-universitys-financial-management/
website-files.com,website-files.com,LOCAL_REVIEW_CENTER,LOCAL_CAMPUS_TUTORING,1,YES,NO,UNKNOWN,,,,,NO,MEDIUM,Saginaw Valley State Univ Univ,https://cdn.prod.website-files.com/65e8819306d530badf3d8b51/66d16edc74379e49e01138ac_43853749407.pdf
collegevidya.com,collegevidya.com,LOCAL_REVIEW_CENTER,LOCAL_CAMPUS_TUTORING,1,YES,NO,UNKNOWN,,,,,NO,MEDIUM,Walsh College,https://collegevidya.com/blog/is-walsh-college-online-dba-good-or-bad/
booking.page,booking.page,LOCAL_REVIEW_CENTER,LOCAL_CAMPUS_TUTORING,1,YES,NO,UNKNOWN,,,,,NO,MEDIUM,American University,https://booking.page/en/company/page/atc
greatnews.life,greatnews.life,LOCAL_REVIEW_CENTER,LOCAL_CAMPUS_TUTORING,1,YES,NO,UNKNOWN,,,,,NO,MEDIUM,Purdue University Northwest,https://greatnews.life/article/purdue-northwest-calumet-accounting-alumni-exceeded-national-state-average-passing-marks-on-2015-uniform-cpa-examination/
lasvegassun.com,lasvegassun.com,LOCAL_REVIEW_CENTER,LOCAL_CAMPUS_TUTORING,1,YES,NO,UNKNOWN,,,YES,,NO,MEDIUM,University of Missouri,https://lasvegassun.com/news/2026/apr/30/becker-partners-with-the-university-of-missouri-to/
arkansastechnews.com,arkansastechnews.com,LOCAL_REVIEW_CENTER,LOCAL_CAMPUS_TUTORING,1,YES,NO,UNKNOWN,,,,,NO,MEDIUM,Arkansas Tech University,https://www.arkansastechnews.com/apex-tutoring-center-sets-spring-2020-hours/
prezi.com,prezi.com,LOCAL_REVIEW_CENTER,LOCAL_CAMPUS_TUTORING,1,YES,NO,UNKNOWN,,,,,NO,MEDIUM,Mercer University-Macon,https://prezi.com/l/mercer-university-powerpoint-template/
wixsite.com,wixsite.com,LOCAL_REVIEW_CENTER,LOCAL_CAMPUS_TUTORING,1,YES,NO,UNKNOWN,,,,,NO,MEDIUM,Lander University,https://landerasc.wixsite.com/tutoring
claytonstatecape.com,claytonstatecape.com,LOCAL_REVIEW_CENTER,LOCAL_CAMPUS_TUTORING,1,YES,NO,UNKNOWN,,,,,NO,MEDIUM,Clayton State University,https://careertraining.claytonstatecape.com/training-programs/accounts-receivable-specialist-certification-exam-cost-included/
gradright.com,gradright.com,LOCAL_REVIEW_CENTER,LOCAL_CAMPUS_TUTORING,1,YES,NO,UNKNOWN,,,YES,,NO,MEDIUM,Trinity University San,https://gradright.com/united-states/trinity-university-san-antonio/accounting-8734/
studyinternational.com,studyinternational.com,LOCAL_REVIEW_CENTER,LOCAL_CAMPUS_TUTORING,1,YES,NO,UNKNOWN,,,,,NO,MEDIUM,Stetson University,https://studyinternational.com/news/a-top-university-in-america-stetson-offers-academic-excellence-and-a-welcoming-home-for-international-students/
stetsongiftplanning.org,stetsongiftplanning.org,LOCAL_REVIEW_CENTER,LOCAL_CAMPUS_TUTORING,1,YES,NO,UNKNOWN,,,,,NO,MEDIUM,Stetson University,https://stetsongiftplanning.org/?pageID=31&docID=1002
expertsminds.com,expertsminds.com,LOCAL_REVIEW_CENTER,LOCAL_CAMPUS_TUTORING,1,YES,NO,UNKNOWN,,,,,NO,MEDIUM,Rollins College Winter,https://www.expertsminds.com/content/acc-501-business-accounting-and-finance-assignment-help-31884.html
wdbj7.com,wdbj7.com,LOCAL_REVIEW_CENTER,LOCAL_CAMPUS_TUTORING,1,YES,NO,UNKNOWN,,,,,NO,MEDIUM,Washington and Lee Univ,https://www.wdbj7.com/content/news/Washington-and-Lee-students-help-out-with-taxes-507647271.html
fusionacademy.com,fusionacademy.com,LOCAL_REVIEW_CENTER,LOCAL_CAMPUS_TUTORING,1,YES,NO,UNKNOWN,,,YES,,NO,MEDIUM,LeMoyne College,https://www.fusionacademy.com/resources/webinar-sat-act-201-all-you-need-to-know-about-the-changing-college-admissions-testing-landscape/
gokapital.com,gokapital.com,LOCAL_REVIEW_CENTER,LOCAL_CAMPUS_TUTORING,1,YES,NO,UNKNOWN,,,,,NO,MEDIUM,Morehead State University,https://ftp.gokapital.com/filedownload.ashx/u15796/242688/midterm-exam__acct_281.pdf
pageuppeople.com,pageuppeople.com,LOCAL_REVIEW_CENTER,LOCAL_CAMPUS_TUTORING,1,YES,NO,UNKNOWN,,,,,NO,MEDIUM,The Citadel,https://careers.pageuppeople.com/743/cw/en/Detail/?applicant_id=577D0C1A-8A64-4B1B-976A-A6C29334B459&ad_id=74A0B662-C681-402D-A00C-97A19847F5A9&subscribe=true
joinfindu.com,joinfindu.com,LOCAL_REVIEW_CENTER,LOCAL_CAMPUS_TUTORING,1,YES,NO,UNKNOWN,,,,,NO,MEDIUM,Winthrop University Rock,https://www.joinfindu.com/colleges/winthrop-university-218964
nsudemons.com,nsudemons.com,LOCAL_REVIEW_CENTER,LOCAL_CAMPUS_TUTORING,1,YES,NO,UNKNOWN,,,,,NO,MEDIUM,Northwestern State University,https://nsudemons.com/sports/2010/7/3/11591971.aspx
mdrc.org,mdrc.org,LOCAL_REVIEW_CENTER,LOCAL_CAMPUS_TUTORING,1,YES,NO,UNKNOWN,,,,,NO,MEDIUM,University of Montana,https://www.mdrc.org/work/publications/montana-10-student-support-program/file-full
goobertutors.com,goobertutors.com,LOCAL_REVIEW_CENTER,LOCAL_CAMPUS_TUTORING,1,YES,NO,UNKNOWN,,,,,NO,MEDIUM,Minnesota State U Moorhead,https://www.goobertutors.com/product-page/acct-230-exam-2-concept-videos?srsltid=AfmBOoofrOsE_b5dVSpvyEmPQPZHHBJShcaKD9A7F_Nl1g80ynSSB0I_
indianachamber.com,indianachamber.com,LOCAL_REVIEW_CENTER,LOCAL_CAMPUS_TUTORING,1,YES,NO,UNKNOWN,,,YES,,NO,MEDIUM,Indiana University Southeast,https://www.indianachamber.com/iu-southeast-school-of-business-makes-princeton-review-best-of-list-for-18th-year/
give.org,give.org,LOCAL_REVIEW_CENTER,LOCAL_CAMPUS_TUTORING,1,YES,NO,UNKNOWN,,,,,NO,MEDIUM,University of Wisconsin–Stevens Point,https://give.org/charity-reviews/education-literacy/university-of-wisconsin-stevens-point-foundation-in-stevens-point-wi-9999-54535
stevenspointjournal.com,stevenspointjournal.com,LOCAL_REVIEW_CENTER,LOCAL_CAMPUS_TUTORING,1,YES,NO,UNKNOWN,,,,,NO,MEDIUM,University of Wisconsin–Stevens Point,https://www.stevenspointjournal.com/story/life/2017/02/03/uw-stevens-point-offers-free-math-tutoring/97423212/
thesoutheastern.com,thesoutheastern.com,LOCAL_REVIEW_CENTER,LOCAL_CAMPUS_TUTORING,1,YES,NO,UNKNOWN,,,,,NO,MEDIUM,Southeastern Oklahoma State University,https://thesoutheastern.com/1531/news/smarthinking-program-offers-students-tutoring/
culsr.org,culsr.org,LOCAL_REVIEW_CENTER,LOCAL_CAMPUS_TUTORING,1,YES,NO,UNKNOWN,,,,,NO,MEDIUM,Northern Michigan Univ,https://www.culsr.org/articles/twenty-five-years-overdue-reform-act-230-of-the-1996-communications-decency-act
rocketcert.com,rocketcert.com,LOCAL_REVIEW_CENTER,LOCAL_CAMPUS_TUTORING,1,YES,NO,UNKNOWN,,,,,NO,MEDIUM,Northern Michigan Univ,https://rocketcert.com/code-official/michigan/building-inspector-license-and-exam?srsltid=AfmBOoq2CMnYErD9LPJaZ9W_X9tJizWNkQpQVXvRpAStFpTFMrJybxcu
studystack.com,studystack.com,LOCAL_REVIEW_CENTER,LOCAL_CAMPUS_TUTORING,1,YES,NO,UNKNOWN,,,,,NO,MEDIUM,Idaho State University,https://www.studystack.com/flashcard-731697
academicworks.com,academicworks.com,LOCAL_REVIEW_CENTER,LOCAL_CAMPUS_TUTORING,1,YES,NO,UNKNOWN,,,,,NO,MEDIUM,Montana State Univ-Billings,https://msubillings.academicworks.com/donors/george-r-mcgrail-endowed-scholarship-in-memory-of-joyce-e-weidinger-mcgrail
pekartutoring.com,pekartutoring.com,LOCAL_REVIEW_CENTER,LOCAL_CAMPUS_TUTORING,1,YES,NO,UNKNOWN,,,,,NO,MEDIUM,Univ of Nebraska at Kearney,https://www.pekartutoring.com/college-university/
sulekha.com,sulekha.com,LOCAL_REVIEW_CENTER,LOCAL_CAMPUS_TUTORING,1,YES,NO,UNKNOWN,,,,,NO,MEDIUM,Virginia State University,https://us.sulekha.com/virginia-state-university-va/college-essay-writing-tutor
boarddocs.com,boarddocs.com,LOCAL_REVIEW_CENTER,LOCAL_CAMPUS_TUTORING,1,YES,NO,UNKNOWN,,,,,NO,MEDIUM,"Univ of Alaska, Anchorage",https://go.boarddocs.com/ak/alaska/Board.nsf/files/CH4VDU8049E2/$file/AY22%20BOR%20Program%20Review%20Report%208.5.2022.pdf
calvinforalaska.com,calvinforalaska.com,LOCAL_REVIEW_CENTER,LOCAL_CAMPUS_TUTORING,1,YES,NO,UNKNOWN,,,,,NO,MEDIUM,"Univ of Alaska, Anchorage",https://www.calvinforalaska.com/about
emporiagazette.com,emporiagazette.com,LOCAL_REVIEW_CENTER,LOCAL_CAMPUS_TUTORING,1,YES,NO,UNKNOWN,,,,,NO,MEDIUM,Emporia State University,https://www.emporiagazette.com/news/article_fe52e5ca-6347-11e3-9cba-10604b9f6eda.html
njherald.com,njherald.com,LOCAL_REVIEW_CENTER,LOCAL_CAMPUS_TUTORING,1,YES,NO,UNKNOWN,,,,,NO,MEDIUM,King's College,https://www.njherald.com/story/news/2013/03/24/local-residents-take-part-in/4005777007/
cloudfront.net,cloudfront.net,LOCAL_REVIEW_CENTER,LOCAL_CAMPUS_TUTORING,1,YES,NO,UNKNOWN,,,,,NO,MEDIUM,SUNY College at Oneonta,https://d30mzt1bxg5llt.cloudfront.net/public/uploads/sip-reports/SUNY-Oneonta-PRME-Report.pdf
ny.us,ny.us,LOCAL_REVIEW_CENTER,LOCAL_CAMPUS_TUTORING,1,YES,NO,UNKNOWN,,,,,NO,MEDIUM,"College at Brockport, SUNY",https://osc.state.ny.us/audits/allaudits/093000/97f31.pdf
whnt.com,whnt.com,LOCAL_REVIEW_CENTER,LOCAL_CAMPUS_TUTORING,1,YES,NO,UNKNOWN,,,,,NO,MEDIUM,Alabama A&M University,https://whnt.com/sports/alabama-am/audit-of-alabama-am-shows-university-overpayed-employee-following-form-error-other-issues/
completega.org,completega.org,LOCAL_REVIEW_CENTER,LOCAL_CAMPUS_TUTORING,1,YES,NO,UNKNOWN,,,,,NO,MEDIUM,Savannah State University,https://completega.org/savannah-state-university-2016-tutoring
tigersroar.com,tigersroar.com,LOCAL_REVIEW_CENTER,LOCAL_CAMPUS_TUTORING,1,YES,NO,UNKNOWN,,,,,NO,MEDIUM,Savannah State University,https://www.tigersroar.com/article_46660f84-dc7b-11e8-b5b3-e7ae0d603bca.html
jewishlink.news,jewishlink.news,LOCAL_REVIEW_CENTER,LOCAL_CAMPUS_TUTORING,1,YES,NO,UNKNOWN,,,,,NO,MEDIUM,Fairleigh Dickinson Univ,https://jewishlink.news/fdu-is-number-one-for-passing-the-cpa-exam/
csupueblofoundation.com,csupueblofoundation.com,LOCAL_REVIEW_CENTER,LOCAL_CAMPUS_TUTORING,1,YES,NO,UNKNOWN,,,,,NO,MEDIUM,Colorado State Univ-Pueblo,https://csupueblofoundation.com/success-stories/lerea-arellano-a15/
globalreach.in,globalreach.in,LOCAL_REVIEW_CENTER,LOCAL_CAMPUS_TUTORING,1,YES,NO,UNKNOWN,,,,,NO,MEDIUM,University of New Haven West,https://www.globalreach.in/institutes-details-np.php?slug=united-states-university-of-new-haven-west-haven
edu.in,edu.in,LOCAL_REVIEW_CENTER,LOCAL_CAMPUS_TUTORING,1,YES,NO,UNKNOWN,,,,,NO,MEDIUM,St. Mary's University San,https://kristujayanti.edu.in/collaborations/St-Marys-University.php
completegeorgia.org,completegeorgia.org,LOCAL_REVIEW_CENTER,LOCAL_CAMPUS_TUTORING,1,YES,NO,UNKNOWN,,,,,NO,MEDIUM,Albany State University,https://completegeorgia.org/albany-state-university-campus-plan-update-2021
la.us,la.us,LOCAL_REVIEW_CENTER,LOCAL_CAMPUS_TUTORING,1,YES,NO,UNKNOWN,,,,,NO,MEDIUM,Grambling State University,https://app.lla.state.la.us/PublicReports.nsf/BB671941E4468D2C86257650005BE201/$FILE/00013313.pdf
com.ar,com.ar,LOCAL_REVIEW_CENTER,LOCAL_CAMPUS_TUTORING,1,YES,NO,UNKNOWN,,,,,NO,MEDIUM,Texas Wesleyan University Fort,"https://www.glassdoor.com.ar/Empleo/fort-worth-texas-wesleyan-university-empleos-SRCH_IL.0,10_IC1139993_KO11,36.htm"
fdpclearinghouse.org,fdpclearinghouse.org,LOCAL_REVIEW_CENTER,LOCAL_CAMPUS_TUTORING,1,YES,NO,UNKNOWN,,,,,NO,MEDIUM,Widener University,https://fdpclearinghouse.org/file/get?id=5060
knetbooks.com,knetbooks.com,LOCAL_REVIEW_CENTER,LOCAL_CAMPUS_TUTORING,1,YES,NO,UNKNOWN,,,,,NO,MEDIUM,Widener University,https://www.knetbooks.com/lsc-pol-widener-university-acct-105-ll/bk/9781265743345?srsltid=AfmBOooO_JymCruFf0t4N6u0nCegtT9P1LKzJ2w7zLSVmtrAsD68c_bZ
unizin.org,unizin.org,COURSE_SPECIFIC_TUTORING_PLATFORM,COURSE_SPECIFIC_SITE,1,YES,YES,UNKNOWN,,,,,NO,MEDIUM,Pennsylvania State University,https://psu.pb.unizin.org/acctg211/
pjstar.com,pjstar.com,LOCAL_REVIEW_CENTER,LOCAL_CAMPUS_TUTORING,1,YES,NO,UNKNOWN,,,,,NO,MEDIUM,Bradley University,https://www.pjstar.com/story/news/education/2014/12/16/bradley-students-continue-tutoring-children/35722886007/
300hours.com,300hours.com,LOCAL_REVIEW_CENTER,LOCAL_CAMPUS_TUTORING,1,YES,NO,UNKNOWN,,,,,NO,MEDIUM,Mississippi College,https://300hours.com/mississippi-cpa-requirements/
cpaexam.com,cpaexam.com,LOCAL_REVIEW_CENTER,LOCAL_CAMPUS_TUTORING,1,YES,NO,UNKNOWN,,,,,NO,MEDIUM,Mississippi College,https://www.cpaexam.com/cpa-exam-requirements-mississippi/
njtutoringcorps.org,njtutoringcorps.org,LOCAL_REVIEW_CENTER,LOCAL_CAMPUS_TUTORING,1,YES,NO,UNKNOWN,,,,,NO,MEDIUM,New Jersey In of Technology,https://njtutoringcorps.org/
njcpa.org,njcpa.org,LOCAL_REVIEW_CENTER,LOCAL_CAMPUS_TUTORING,1,YES,NO,UNKNOWN,,,,,NO,MEDIUM,New Jersey In of Technology,https://www.njcpa.org/build-career/become-a-cpa/requirements
jobtoday.com,jobtoday.com,LOCAL_REVIEW_CENTER,LOCAL_CAMPUS_TUTORING,1,YES,NO,UNKNOWN,,,,,NO,MEDIUM,New Jersey In of Technology,https://jobtoday.com/us/jobs-tutor-time/nj_wayne
co.us,co.us,LOCAL_REVIEW_CENTER,LOCAL_CAMPUS_TUTORING,1,YES,NO,UNKNOWN,,,,,NO,MEDIUM,Adams State University,https://spl.cde.state.co.us/artemis/uasuserials/uasu111internet/uasu111201213internet.pdf
washburnreview.org,washburnreview.org,LOCAL_REVIEW_CENTER,LOCAL_CAMPUS_TUTORING,1,YES,NO,UNKNOWN,,,,,NO,MEDIUM,Washburn University,https://washburnreview.org/55393/features/washburn-expands-academic-support-with-24-7-online-tutoring/
tx.us,tx.us,LOCAL_REVIEW_CENTER,LOCAL_CAMPUS_TUTORING,1,YES,NO,UNKNOWN,,,,,NO,MEDIUM,Tarrant County College,https://fmcpa.cpa.state.tx.us/fiscalmoa/agency.jsp?num\u003d981
jobilize.com,jobilize.com,LOCAL_REVIEW_CENTER,LOCAL_CAMPUS_TUTORING,1,YES,NO,UNKNOWN,,,,,NO,MEDIUM,Gannon University,https://www.jobilize.com/amp/job/us-ny-brooklyn-stem-center-tutor-major-accounting-gannon-university
bruinwalk.com,bruinwalk.com,LOCAL_REVIEW_CENTER,LOCAL_CAMPUS_TUTORING,1,YES,NO,UNKNOWN,,,,,NO,MEDIUM,"University of California, Los Angeles",https://www.bruinwalk.com/professors/julie-ann-gardner-treloar/mgmt-1a/?page=2&sort_by=overall
peregrineglobal.com,peregrineglobal.com,LOCAL_REVIEW_CENTER,LOCAL_CAMPUS_TUTORING,1,YES,NO,UNKNOWN,,,,,NO,MEDIUM,Southwestern Oklahoma State University,https://www.peregrineglobal.com/articles/how-swosu-uses-academic-leveling-a-case-study-in-graduate-business-preparedness
weatherfordbooks.com,weatherfordbooks.com,LOCAL_REVIEW_CENTER,LOCAL_CAMPUS_TUTORING,1,YES,NO,UNKNOWN,,,,,NO,MEDIUM,Weatherford College,https://www.weatherfordbooks.com/GeneralBookDetails?type=1&BookID=880349&cat=BUSINESS&num=0
globaldatebooksonline.com,globaldatebooksonline.com,LOCAL_REVIEW_CENTER,LOCAL_CAMPUS_TUTORING,1,YES,NO,UNKNOWN,,,,,NO,MEDIUM,Mt. San Antonio College,https://globaldatebooksonline.com/flipbooks/sac/files/basic-html/page35.html
galepages.com,galepages.com,LOCAL_REVIEW_CENTER,LOCAL_CAMPUS_TUTORING,1,YES,NO,UNKNOWN,,,,,NO,MEDIUM,Hawaii Pacific University,https://www.galepages.com/hono53192
dailyherald.com,dailyherald.com,LOCAL_REVIEW_CENTER,LOCAL_CAMPUS_TUTORING,1,YES,NO,UNKNOWN,,,,,NO,MEDIUM,College of DuPage,https://www.dailyherald.com/20110613/submitted-content/cod-academic-support-center-offers-online-tutoring/
thembatutors.com,thembatutors.com,LOCAL_REVIEW_CENTER,LOCAL_CAMPUS_TUTORING,1,YES,NO,UNKNOWN,,,,,NO,MEDIUM,Suffolk County Community College,https://thembatutors.com/suffolk-county-community-college-tutoring/
scnylegislature.us,scnylegislature.us,LOCAL_REVIEW_CENTER,LOCAL_CAMPUS_TUTORING,1,YES,NO,UNKNOWN,,,,,NO,MEDIUM,Suffolk County Community College,https://www.scnylegislature.us/DocumentCenter/View/122942/06132025-Review-of-the-Suffolk-County-Community-College-2025-2026-Requested-and-Recommended-Operating-Budget-PDF
programmapper.com,programmapper.com,LOCAL_REVIEW_CENTER,LOCAL_CAMPUS_TUTORING,1,YES,NO,UNKNOWN,,,YES,,NO,MEDIUM,Chaffey College,https://chaffey.programmapper.com/academics/interest-clusters/ec39dee3-9557-4d21-8971-864ec241c1b2/programs/f9629c97-712b-83f6-f498-e6c04790ccda
unipage.net,unipage.net,LOCAL_REVIEW_CENTER,LOCAL_CAMPUS_TUTORING,1,YES,NO,UNKNOWN,,,,,NO,MEDIUM,Rockhurst University Kansas,https://www.unipage.net/en/33605/rockhurst_university
lavozdeanza.com,lavozdeanza.com,LOCAL_REVIEW_CENTER,LOCAL_CAMPUS_TUTORING,1,YES,NO,UNKNOWN,,,,,NO,MEDIUM,De Anza College,https://lavozdeanza.com/features/2013/11/18/tutoring-help-goes-beyond-math-english/
circleram.com,circleram.com,LOCAL_REVIEW_CENTER,LOCAL_CAMPUS_TUTORING,1,YES,NO,UNKNOWN,,,YES,,NO,MEDIUM,De Anza College,https://circleram.com/downloadSyllabus.aspx?link=syllabus%2FDe+Anza+College%2FAccounting%2FJeffrey+West%2FFall+(+2022-2023+)%2FACCT+1A%2F03Y%2F1A+Syllabus+Fall+2022%25%26202209151446117160%26%25.pdf
windows.net,windows.net,LOCAL_REVIEW_CENTER,LOCAL_CAMPUS_TUTORING,1,YES,NO,UNKNOWN,,,,,NO,MEDIUM,Tidewater Community College,https://dlasprodpublic.blob.core.windows.net/apa/8FCF50C9-9596-4164-BB6B-4B5CF005D749.pdf
jobapscloud.com,jobapscloud.com,LOCAL_REVIEW_CENTER,LOCAL_CAMPUS_TUTORING,1,YES,NO,UNKNOWN,,,,,NO,MEDIUM,Los Angeles Valley College,https://www.jobapscloud.com/LACCD/sup/bulpreview.asp?R1=25&R2=1328&R3=001
lavcfoundation.org,lavcfoundation.org,LOCAL_REVIEW_CENTER,LOCAL_CAMPUS_TUTORING,1,YES,NO,UNKNOWN,,,,,NO,MEDIUM,Los Angeles Valley College,https://lavcfoundation.org/microgrant-program/
tutordoctor.com,tutordoctor.com,LOCAL_REVIEW_CENTER,LOCAL_CAMPUS_TUTORING,1,YES,NO,UNKNOWN,,,,,NO,MEDIUM,Chandler–Gilbert Community College,https://www.tutordoctor.com/chandler-gilbert/community-involvement/
unmudl.com,unmudl.com,LOCAL_REVIEW_CENTER,LOCAL_CAMPUS_TUTORING,1,YES,NO,UNKNOWN,,,,,NO,MEDIUM,Austin Community College,https://unmudl.com/blog/cpa-exam-community-college
candidcareer.com,candidcareer.com,LOCAL_REVIEW_CENTER,LOCAL_CAMPUS_TUTORING,1,YES,NO,UNKNOWN,,,,,NO,MEDIUM,University of Hawaii at Hilo,https://hawaiihilo.candidcareer.com/videos/associate-accounting-pricewaterhouse-coopers/
spglobal.com,spglobal.com,LOCAL_REVIEW_CENTER,LOCAL_CAMPUS_TUTORING,1,YES,NO,UNKNOWN,,,,,NO,MEDIUM,Penn State York,https://www.spglobal.com/ratings/en/regulatory/article/-/view/type/HTML/id/3614364
northernreview.org,northernreview.org,LOCAL_REVIEW_CENTER,LOCAL_CAMPUS_TUTORING,1,YES,NO,UNKNOWN,,,,,NO,MEDIUM,Ohio Northern University,https://northernreview.org/2023/09/17/zero-or-hero-the-two-differing-experiences-in-the-dicke-college-of-business/
comevo.com,comevo.com,LOCAL_REVIEW_CENTER,LOCAL_CAMPUS_TUTORING,1,YES,NO,UNKNOWN,,,,,NO,MEDIUM,Prince George's Community College,https://discover.comevo.com/pgcc
goldenwestcareereducation.com,goldenwestcareereducation.com,LOCAL_REVIEW_CENTER,LOCAL_CAMPUS_TUTORING,1,YES,NO,UNKNOWN,,,,,NO,MEDIUM,Golden West College,https://goldenwestcareereducation.com/career-education/accounting-program-acct/
therla.org,therla.org,LOCAL_REVIEW_CENTER,LOCAL_CAMPUS_TUTORING,1,YES,NO,UNKNOWN,,,,,NO,MEDIUM,Penn State New Kensington,https://www.therla.org/pennstate
ler.me,ler.me,LOCAL_REVIEW_CENTER,LOCAL_CAMPUS_TUTORING,1,YES,NO,UNKNOWN,,,YES,,NO,MEDIUM,Lansing Community College,https://ler.me/programs/lansing-community-college-accounting-cpa-exam-prep
evctutoring.com,evctutoring.com,LOCAL_REVIEW_CENTER,LOCAL_CAMPUS_TUTORING,1,YES,NO,UNKNOWN,,,,,NO,MEDIUM,Evergreen Valley College,https://evctutoring.com/
fredonialeader.org,fredonialeader.org,LOCAL_REVIEW_CENTER,LOCAL_CAMPUS_TUTORING,1,YES,NO,UNKNOWN,,,,,NO,MEDIUM,SUNY Fredonia,https://fredonialeader.org/life-and-arts/2025/08/28/tutoring-center-provides-learning-aid-for-students/
missourihealthcareers.com,missourihealthcareers.com,LOCAL_REVIEW_CENTER,LOCAL_CAMPUS_TUTORING,1,YES,NO,UNKNOWN,,,,,NO,MEDIUM,Hannibal-LaGrange University,https://missourihealthcareers.com/schools/hannibal-lagrange-university/
nse.org,nse.org,LOCAL_REVIEW_CENTER,LOCAL_CAMPUS_TUTORING,1,YES,NO,UNKNOWN,,,,,NO,MEDIUM,East Central University,https://nse.org/campus/36192382318?hsLang=en
careerkarma.com,careerkarma.com,LOCAL_REVIEW_CENTER,LOCAL_CAMPUS_TUTORING,1,YES,NO,UNKNOWN,,,,,NO,MEDIUM,Arcadia University,https://careerkarma.com/blog/arcadia-university-review/
